SiteID,Exp Unit ID,Treatment ID,Crop,Grain C kgC/ha,Above G Biomass kg/ha,Year,Tillage Descriptor,Cover Crop,Residue Removal,MAP mm,MAT degC,Total N Amount kgN/ha,Sand %,Clay %,Upper cm,Lower cm,Organic C gC/kg,pH,GS_P,GS_T
COFOARD4,COFOARD4_85A,COFOARD4_DM,Zea mays (Corn),4766,NA,2012,Strip Till,None,No,383,10.6,484.57,40.9,33.7,0,7.6,10.167621,NA,132.8422657,17.98294082
COFOARD4,COFOARD4_85B,COFOARD4_DM+A,Zea mays (Corn),4556,NA,2012,Strip Till,None,No,383,10.6,479.84,40.9,33.7,0,7.6,10.167621,NA,132.8422657,17.98294082
COFOARD4,COFOARD4_85D,COFOARD4_SUPRU,Zea mays (Corn),5008,NA,2012,Strip Till,None,No,383,10.6,179.34,40.9,33.7,0,7.6,10.167621,NA,132.8422657,17.98294082
COFOARD4,COFOARD4_85C,COFOARD4_Urea,Zea mays (Corn),5017,NA,2012,Strip Till,None,No,383,10.6,179.34,40.9,33.7,0,7.6,10.167621,NA,132.8422657,17.98294082
COFOARD4,COFOARD4_86A,COFOARD4_DM,Zea mays (Corn),4766,NA,2012,Strip Till,None,No,383,10.6,479.84,40.9,33.7,0,7.6,11.62756533,NA,132.8422657,17.98294082
COFOARD4,COFOARD4_86B,COFOARD4_DM+A,Zea mays (Corn),4556,NA,2012,Strip Till,None,No,383,10.6,484.57,40.9,33.7,0,7.6,11.62756533,NA,132.8422657,17.98294082
COFOARD4,COFOARD4_86C,COFOARD4_SUPRU,Zea mays (Corn),5008,NA,2012,Strip Till,None,No,383,10.6,179.34,40.9,33.7,0,7.6,11.62756533,NA,132.8422657,17.98294082
COFOARD4,COFOARD4_86D,COFOARD4_Urea,Zea mays (Corn),5017,NA,2012,Strip Till,None,No,383,10.6,179.34,40.9,33.7,0,7.6,11.62756533,NA,132.8422657,17.98294082
COFOARD4,COFOARD4_88E,COFOARD4_DM,Zea mays (Corn),4766,NA,2012,Strip Till,None,No,383,10.6,479.84,40.9,33.7,0,7.6,12.28777392,NA,132.8422657,17.98294082
COFOARD4,COFOARD4_88D,COFOARD4_DM+A,Zea mays (Corn),4556,NA,2012,Strip Till,None,No,383,10.6,484.57,40.9,33.7,0,7.6,12.28777392,NA,132.8422657,17.98294082
COFOARD4,COFOARD4_88A,COFOARD4_SUPRU,Zea mays (Corn),5008,NA,2012,Strip Till,None,No,383,10.6,179.34,40.9,33.7,0,7.6,12.28777392,NA,132.8422657,17.98294082
COFOARD4,COFOARD4_88B,COFOARD4_Urea,Zea mays (Corn),5017,NA,2012,Strip Till,None,No,383,10.6,179.34,40.9,33.7,0,7.6,12.28777392,NA,132.8422657,17.98294082
COFOARD4,COFOARD4_89D,COFOARD4_DM,Zea mays (Corn),4766,NA,2012,Strip Till,None,No,383,10.6,479.84,40.9,33.7,0,7.6,13.4324483,NA,132.8422657,17.98294082
COFOARD4,COFOARD4_89E,COFOARD4_DM+A,Zea mays (Corn),4556,NA,2012,Strip Till,None,No,383,10.6,484.57,40.9,33.7,0,7.6,13.4324483,NA,132.8422657,17.98294082
COFOARD4,COFOARD4_89C,COFOARD4_SUPRU,Zea mays (Corn),5008,NA,2012,Strip Till,None,No,383,10.6,179.34,40.9,33.7,0,7.6,13.4324483,NA,132.8422657,17.98294082
COFOARD4,COFOARD4_89B,COFOARD4_Urea,Zea mays (Corn),5017,NA,2012,Strip Till,None,No,383,10.6,179.34,40.9,33.7,0,7.6,13.4324483,NA,132.8422657,17.98294082
COFOARD4,COFOARD4_85A,COFOARD4_DM,Zea mays (Corn),5389,NA,2013,Strip Till,None,No,383,10.6,346.33,40.9,33.7,0,7.6,10.167621,NA,270.7645415,16.7915157
COFOARD4,COFOARD4_85B,COFOARD4_DM+A,Zea mays (Corn),5386,NA,2013,Strip Till,None,No,383,10.6,334.91,40.9,33.7,0,7.6,10.167621,NA,270.7645415,16.7915157
COFOARD4,COFOARD4_85D,COFOARD4_SUPRU,Zea mays (Corn),5300,NA,2013,Strip Till,None,No,383,10.6,179.34,40.9,33.7,0,7.6,10.167621,NA,270.7645415,16.7915157
COFOARD4,COFOARD4_85C,COFOARD4_Urea,Zea mays (Corn),5188,NA,2013,Strip Till,None,No,383,10.6,179.34,40.9,33.7,0,7.6,10.167621,NA,270.7645415,16.7915157
COFOARD4,COFOARD4_86A,COFOARD4_DM,Zea mays (Corn),5389,NA,2013,Strip Till,None,No,383,10.6,334.91,40.9,33.7,0,7.6,11.62756533,NA,270.7645415,16.7915157
COFOARD4,COFOARD4_86B,COFOARD4_DM+A,Zea mays (Corn),5386,NA,2013,Strip Till,None,No,383,10.6,346.33,40.9,33.7,0,7.6,11.62756533,NA,270.7645415,16.7915157
COFOARD4,COFOARD4_86C,COFOARD4_SUPRU,Zea mays (Corn),5300,NA,2013,Strip Till,None,No,383,10.6,179.34,40.9,33.7,0,7.6,11.62756533,NA,270.7645415,16.7915157
COFOARD4,COFOARD4_86D,COFOARD4_Urea,Zea mays (Corn),5188,NA,2013,Strip Till,None,No,383,10.6,179.34,40.9,33.7,0,7.6,11.62756533,NA,270.7645415,16.7915157
COFOARD4,COFOARD4_88E,COFOARD4_DM,Zea mays (Corn),5389,NA,2013,Strip Till,None,No,383,10.6,334.91,40.9,33.7,0,7.6,12.28777392,NA,270.7645415,16.7915157
COFOARD4,COFOARD4_88D,COFOARD4_DM+A,Zea mays (Corn),5386,NA,2013,Strip Till,None,No,383,10.6,346.33,40.9,33.7,0,7.6,12.28777392,NA,270.7645415,16.7915157
COFOARD4,COFOARD4_88A,COFOARD4_SUPRU,Zea mays (Corn),5300,NA,2013,Strip Till,None,No,383,10.6,179.34,40.9,33.7,0,7.6,12.28777392,NA,270.7645415,16.7915157
COFOARD4,COFOARD4_88B,COFOARD4_Urea,Zea mays (Corn),5188,NA,2013,Strip Till,None,No,383,10.6,179.34,40.9,33.7,0,7.6,12.28777392,NA,270.7645415,16.7915157
COFOARD4,COFOARD4_89D,COFOARD4_DM,Zea mays (Corn),5389,NA,2013,Strip Till,None,No,383,10.6,334.91,40.9,33.7,0,7.6,13.4324483,NA,270.7645415,16.7915157
COFOARD4,COFOARD4_89E,COFOARD4_DM+A,Zea mays (Corn),5386,NA,2013,Strip Till,None,No,383,10.6,346.33,40.9,33.7,0,7.6,13.4324483,NA,270.7645415,16.7915157
COFOARD4,COFOARD4_89C,COFOARD4_SUPRU,Zea mays (Corn),5300,NA,2013,Strip Till,None,No,383,10.6,179.34,40.9,33.7,0,7.6,13.4324483,NA,270.7645415,16.7915157
COFOARD4,COFOARD4_89B,COFOARD4_Urea,Zea mays (Corn),5188,NA,2013,Strip Till,None,No,383,10.6,179.34,40.9,33.7,0,7.6,13.4324483,NA,270.7645415,16.7915157
COFOARD4,COFOARD4_85A,COFOARD4_DM,Zea mays (Corn),5129,NA,2014,Strip Till,None,No,383,10.6,445.21,40.9,33.7,0,7.6,10.167621,NA,271.7805436,16.49013358
COFOARD4,COFOARD4_85B,COFOARD4_DM+A,Zea mays (Corn),5068,NA,2014,Strip Till,None,No,383,10.6,422.79,40.9,33.7,0,7.6,10.167621,NA,271.7805436,16.49013358
COFOARD4,COFOARD4_85D,COFOARD4_SUPRU,Zea mays (Corn),4658,NA,2014,Strip Till,None,No,383,10.6,179.34,40.9,33.7,0,7.6,10.167621,NA,271.7805436,16.49013358
COFOARD4,COFOARD4_85C,COFOARD4_Urea,Zea mays (Corn),4549,NA,2014,Strip Till,None,No,383,10.6,179.34,40.9,33.7,0,7.6,10.167621,NA,271.7805436,16.49013358
COFOARD4,COFOARD4_86A,COFOARD4_DM,Zea mays (Corn),5129,NA,2014,Strip Till,None,No,383,10.6,422.79,40.9,33.7,0,7.6,11.62756533,NA,271.7805436,16.49013358
COFOARD4,COFOARD4_86B,COFOARD4_DM+A,Zea mays (Corn),5068,NA,2014,Strip Till,None,No,383,10.6,445.21,40.9,33.7,0,7.6,11.62756533,NA,271.7805436,16.49013358
COFOARD4,COFOARD4_86C,COFOARD4_SUPRU,Zea mays (Corn),4658,NA,2014,Strip Till,None,No,383,10.6,179.34,40.9,33.7,0,7.6,11.62756533,NA,271.7805436,16.49013358
COFOARD4,COFOARD4_86D,COFOARD4_Urea,Zea mays (Corn),4549,NA,2014,Strip Till,None,No,383,10.6,179.34,40.9,33.7,0,7.6,11.62756533,NA,271.7805436,16.49013358
COFOARD4,COFOARD4_88C,COFOARD4_CHECK,Zea mays (Corn),3462,NA,2014,Strip Till,None,No,383,10.6,179.34,40.9,33.7,0,7.6,12.28777392,NA,271.7805436,16.49013358
COFOARD4,COFOARD4_88E,COFOARD4_DM,Zea mays (Corn),5129,NA,2014,Strip Till,None,No,383,10.6,422.79,40.9,33.7,0,7.6,12.28777392,NA,271.7805436,16.49013358
COFOARD4,COFOARD4_88D,COFOARD4_DM+A,Zea mays (Corn),5068,NA,2014,Strip Till,None,No,383,10.6,445.21,40.9,33.7,0,7.6,12.28777392,NA,271.7805436,16.49013358
COFOARD4,COFOARD4_88A,COFOARD4_SUPRU,Zea mays (Corn),4658,NA,2014,Strip Till,None,No,383,10.6,358.68,40.9,33.7,0,7.6,12.28777392,NA,271.7805436,16.49013358
COFOARD4,COFOARD4_89D,COFOARD4_DM,Zea mays (Corn),5129,NA,2014,Strip Till,None,No,383,10.6,422.79,40.9,33.7,0,7.6,13.4324483,NA,271.7805436,16.49013358
COFOARD4,COFOARD4_89E,COFOARD4_DM+A,Zea mays (Corn),5068,NA,2014,Strip Till,None,No,383,10.6,445.21,40.9,33.7,0,7.6,13.4324483,NA,271.7805436,16.49013358
COFOARD4,COFOARD4_89B,COFOARD4_Urea,Zea mays (Corn),4549,NA,2014,Strip Till,None,No,383,10.6,179.34,40.9,33.7,0,7.6,13.4324483,NA,271.7805436,16.49013358
IAAM7071,IAAM7071_115,IAAM7071_1,Zea mays (Corn),4271.366141,NA,2008,Conservation Till,None,No,862,9.22,141.68,NA,NA,0,5,21.9377,5.7,861.568,18.28318237
IAAM7071,IAAM7071_208,IAAM7071_1,Zea mays (Corn),3847.743636,NA,2008,Conservation Till,None,No,862,9.22,141.68,NA,NA,0,5,21.7346,5.4,861.568,18.28318237
IAAM7071,IAAM7071_322,IAAM7071_1,Zea mays (Corn),3713.205841,NA,2008,Conservation Till,None,No,862,9.22,141.68,NA,NA,0,5,29.9506,5.7,861.568,18.28318237
IAAM7071,IAAM7071_420,IAAM7071_1,Zea mays (Corn),3716.129833,NA,2008,Conservation Till,None,No,862,9.22,141.68,NA,NA,0,5,19.8216,5.6,861.568,18.28318237
IAAM7071,IAAM7071_106,IAAM7071_2,Zea mays (Corn),3851.635239,NA,2008,No Till,None,No,862,9.22,141.68,NA,NA,0,5,29.9403,4.9,861.568,18.28318237
IAAM7071,IAAM7071_219,IAAM7071_2,Zea mays (Corn),3900.901483,NA,2008,No Till,None,No,862,9.22,141.68,NA,NA,0,5,30.8438,5.2,861.568,18.28318237
IAAM7071,IAAM7071_318,IAAM7071_2,Zea mays (Corn),3783.705782,NA,2008,No Till,None,No,862,9.22,141.68,NA,NA,0,5,29.6193,5.2,861.568,18.28318237
IAAM7071,IAAM7071_422,IAAM7071_2,Zea mays (Corn),3580.283889,NA,2008,No Till,None,No,862,9.22,141.68,NA,NA,0,5,31.9911,5,861.568,18.28318237
IAAM7071,IAAM7071_110,IAAM7071_3,Zea mays (Corn),3794.799012,NA,2008,Conservation Till,None,Partial,862,9.22,141.68,NA,NA,0,5,25.7737,5.6,861.568,18.28318237
IAAM7071,IAAM7071_213,IAAM7071_3,Zea mays (Corn),4034.055624,NA,2008,Conservation Till,None,Partial,862,9.22,141.68,NA,NA,0,5,25.6679,5.6,861.568,18.28318237
IAAM7071,IAAM7071_305,IAAM7071_3,Zea mays (Corn),3751.320457,NA,2008,Conservation Till,None,Partial,862,9.22,141.68,NA,NA,0,5,24.7531,5.6,861.568,18.28318237
IAAM7071,IAAM7071_405,IAAM7071_3,Zea mays (Corn),3852.456134,NA,2008,Conservation Till,None,Partial,862,9.22,141.68,NA,NA,0,5,32.8547,5.8,861.568,18.28318237
IAAM7071,IAAM7071_116,IAAM7071_4,Zea mays (Corn),3833.587417,NA,2008,No Till,None,Partial,862,9.22,141.68,NA,NA,0,5,22.2436,4.9,861.568,18.28318237
IAAM7071,IAAM7071_206,IAAM7071_4,Zea mays (Corn),3885.072504,NA,2008,No Till,None,Partial,862,9.22,141.68,NA,NA,0,5,22.2079,4.9,861.568,18.28318237
IAAM7071,IAAM7071_304,IAAM7071_4,Zea mays (Corn),3764.93455,NA,2008,No Till,None,Partial,862,9.22,141.68,NA,NA,0,5,23.2823,4.4,861.568,18.28318237
IAAM7071,IAAM7071_414,IAAM7071_4,Zea mays (Corn),4054.021184,NA,2008,No Till,None,Partial,862,9.22,141.68,NA,NA,0,5,24.8025,6.1,861.568,18.28318237
IAAM7071,IAAM7071_119,IAAM7071_5,Zea mays (Corn),4153.296505,16774.4942,2008,Conservation Till,None,Yes,862,9.22,141.68,NA,NA,0,5,22.148,5.3,861.568,18.28318237
IAAM7071,IAAM7071_207,IAAM7071_5,Zea mays (Corn),3981.510985,15560.64087,2008,Conservation Till,None,Yes,862,9.22,141.68,NA,NA,0,5,21.0325,5.3,861.568,18.28318237
IAAM7071,IAAM7071_307,IAAM7071_5,Zea mays (Corn),3918.810812,14760.32048,2008,Conservation Till,None,Yes,862,9.22,141.68,NA,NA,0,5,27.3702,4.7,861.568,18.28318237
IAAM7071,IAAM7071_402,IAAM7071_5,Zea mays (Corn),3836.875815,15288.38252,2008,Conservation Till,None,Yes,862,9.22,141.68,NA,NA,0,5,21.906,4.9,861.568,18.28318237
IAAM7071,IAAM7071_120,IAAM7071_6,Zea mays (Corn),4179.446192,9692.59321,2008,No Till,None,Yes,862,9.22,141.68,NA,NA,0,5,24.5106,5,861.568,18.28318237
IAAM7071,IAAM7071_201,IAAM7071_6,Zea mays (Corn),3852.01501,8918.765941,2008,No Till,None,Yes,862,9.22,141.68,NA,NA,0,5,33.0067,5,861.568,18.28318237
IAAM7071,IAAM7071_321,IAAM7071_6,Zea mays (Corn),4045.887803,9290.213096,2008,No Till,None,Yes,862,9.22,141.68,NA,NA,0,5,23.3164,5.4,861.568,18.28318237
IAAM7071,IAAM7071_411,IAAM7071_6,Zea mays (Corn),3834.533885,8892.703816,2008,No Till,None,Yes,862,9.22,141.68,NA,NA,0,5,27.2202,4.5,861.568,18.28318237
IAAM7071,IAAM7071_114,IAAM7071_7,Zea mays (Corn),4207.034656,NA,2008,Conservation Till,None,No,862,9.22,210.12,NA,NA,0,5,23.4,5.5,861.568,18.28318237
IAAM7071,IAAM7071_209,IAAM7071_7,Zea mays (Corn),4274.065437,NA,2008,Conservation Till,None,No,862,9.22,210.12,NA,NA,0,5,21.68,5.7,861.568,18.28318237
IAAM7071,IAAM7071_316,IAAM7071_7,Zea mays (Corn),4161.134531,NA,2008,Conservation Till,None,No,862,9.22,210.12,NA,NA,0,5,22.8316,5.1,861.568,18.28318237
IAAM7071,IAAM7071_408,IAAM7071_7,Zea mays (Corn),4232.475422,NA,2008,Conservation Till,None,No,862,9.22,210.12,NA,NA,0,5,21.2825,5.3,861.568,18.28318237
IAAM7071,IAAM7071_122,IAAM7071_8,Zea mays (Corn),4000.48542,NA,2008,No Till,None,No,862,9.22,210.12,NA,NA,0,5,25,5,861.568,18.28318237
IAAM7071,IAAM7071_218,IAAM7071_8,Zea mays (Corn),4260.651424,NA,2008,No Till,None,No,862,9.22,210.12,NA,NA,0,5,31.5102,4.8,861.568,18.28318237
IAAM7071,IAAM7071_310,IAAM7071_8,Zea mays (Corn),4129.460289,NA,2008,No Till,None,No,862,9.22,210.12,NA,NA,0,5,28.8387,4.7,861.568,18.28318237
IAAM7071,IAAM7071_415,IAAM7071_8,Zea mays (Corn),4303.10378,NA,2008,No Till,None,No,862,9.22,210.12,NA,NA,0,5,28.678,5.9,861.568,18.28318237
IAAM7071,IAAM7071_105,IAAM7071_9,Zea mays (Corn),4085.340912,NA,2008,Conservation Till,None,Partial,862,9.22,210.12,NA,NA,0,5,23.5913,5.4,861.568,18.28318237
IAAM7071,IAAM7071_217,IAAM7071_9,Zea mays (Corn),4129.654386,NA,2008,Conservation Till,None,Partial,862,9.22,210.12,NA,NA,0,5,35.7214,5.1,861.568,18.28318237
IAAM7071,IAAM7071_309,IAAM7071_9,Zea mays (Corn),4316.466339,NA,2008,Conservation Till,None,Partial,862,9.22,210.12,NA,NA,0,5,25.4839,5.1,861.568,18.28318237
IAAM7071,IAAM7071_401,IAAM7071_9,Zea mays (Corn),3950.408761,NA,2008,Conservation Till,None,Partial,862,9.22,210.12,NA,NA,0,5,21.72,5.6,861.568,18.28318237
IAAM7071,IAAM7071_108,IAAM7071_10,Zea mays (Corn),4187.850137,NA,2008,No Till,None,Partial,862,9.22,210.12,NA,NA,0,5,26.19,5,861.568,18.28318237
IAAM7071,IAAM7071_221,IAAM7071_10,Zea mays (Corn),3852.321697,NA,2008,No Till,None,Partial,862,9.22,210.12,NA,NA,0,5,22.7876,5.3,861.568,18.28318237
IAAM7071,IAAM7071_317,IAAM7071_10,Zea mays (Corn),4252.771256,NA,2008,No Till,None,Partial,862,9.22,210.12,NA,NA,0,5,23.5036,5.3,861.568,18.28318237
IAAM7071,IAAM7071_410,IAAM7071_10,Zea mays (Corn),4325.331746,NA,2008,No Till,None,Partial,862,9.22,210.12,NA,NA,0,5,22.2,4.4,861.568,18.28318237
IAAM7071,IAAM7071_118,IAAM7071_11,Zea mays (Corn),4105.81786,17537.35103,2008,Conservation Till,None,Yes,862,9.22,210.12,NA,NA,0,5,22.43,5.3,861.568,18.28318237
IAAM7071,IAAM7071_220,IAAM7071_11,Zea mays (Corn),4345.280278,17027.71278,2008,Conservation Till,None,Yes,862,9.22,210.12,NA,NA,0,5,26.9283,5.3,861.568,18.28318237
IAAM7071,IAAM7071_313,IAAM7071_11,Zea mays (Corn),4571.607092,17712.32566,2008,Conservation Till,None,Yes,862,9.22,210.12,NA,NA,0,5,22.8258,4.9,861.568,18.28318237
IAAM7071,IAAM7071_404,IAAM7071_11,Zea mays (Corn),4180.755984,16051.28429,2008,Conservation Till,None,Yes,862,9.22,210.12,NA,NA,0,5,29.669,5.2,861.568,18.28318237
IAAM7071,IAAM7071_121,IAAM7071_12,Zea mays (Corn),4082.578111,9778.630206,2008,No Till,None,Yes,862,9.22,210.12,NA,NA,0,5,20.02,5.5,861.568,18.28318237
IAAM7071,IAAM7071_212,IAAM7071_12,Zea mays (Corn),4270.53553,9812.81142,2008,No Till,None,Yes,862,9.22,210.12,NA,NA,0,5,25.6635,5.4,861.568,18.28318237
IAAM7071,IAAM7071_314,IAAM7071_12,Zea mays (Corn),4180.142654,9653.909132,2008,No Till,None,Yes,862,9.22,210.12,NA,NA,0,5,22.5502,5.5,861.568,18.28318237
IAAM7071,IAAM7071_421,IAAM7071_12,Zea mays (Corn),3601.700143,8712.385445,2008,No Till,None,Yes,862,9.22,210.12,NA,NA,0,5,28.9061,4.9,861.568,18.28318237
IAAM7071,IAAM7071_103,IAAM7071_13,Zea mays (Corn),3648.540785,NA,2008,Conservation Till,None,No,862,9.22,141.68,NA,NA,0,5,27.1969,5.7,861.568,18.28318237
IAAM7071,IAAM7071_202,IAAM7071_13,Zea mays (Corn),4174.535135,NA,2008,Conservation Till,None,No,862,9.22,141.68,NA,NA,0,5,30.91,4.8,861.568,18.28318237
IAAM7071,IAAM7071_320,IAAM7071_13,Zea mays (Corn),4049.856741,NA,2008,Conservation Till,None,No,862,9.22,141.68,NA,NA,0,5,19.1831,6.3,861.568,18.28318237
IAAM7071,IAAM7071_419,IAAM7071_13,Zea mays (Corn),4095.700991,NA,2008,Conservation Till,None,No,862,9.22,141.68,NA,NA,0,5,20.1115,5.7,861.568,18.28318237
IAAM7071,IAAM7071_117,IAAM7071_14,Zea mays (Corn),3813.899153,NA,2008,Conservation Till,None,No,862,9.22,141.68,NA,NA,0,5,28.11,5.8,861.568,18.28318237
IAAM7071,IAAM7071_216,IAAM7071_14,Zea mays (Corn),4064.571681,NA,2008,Conservation Till,None,No,862,9.22,141.68,NA,NA,0,5,37.278,5.5,861.568,18.28318237
IAAM7071,IAAM7071_315,IAAM7071_14,Zea mays (Corn),3850.930943,NA,2008,Conservation Till,None,No,862,9.22,141.68,NA,NA,0,5,25.7671,5.5,861.568,18.28318237
IAAM7071,IAAM7071_413,IAAM7071_14,Zea mays (Corn),4157.495989,NA,2008,Conservation Till,None,No,862,9.22,141.68,NA,NA,0,5,28.1994,6.3,861.568,18.28318237
IAAM7071,IAAM7071_107,IAAM7071_15,Zea mays (Corn),3909.190305,NA,2008,Conservation Till,None,Partial,862,9.22,141.68,NA,NA,0,5,29.4897,5.2,861.568,18.28318237
IAAM7071,IAAM7071_211,IAAM7071_15,Zea mays (Corn),4103.413899,NA,2008,Conservation Till,None,Partial,862,9.22,141.68,NA,NA,0,5,26.073,6.4,861.568,18.28318237
IAAM7071,IAAM7071_301,IAAM7071_15,Zea mays (Corn),4040.636236,NA,2008,Conservation Till,None,Partial,862,9.22,141.68,NA,NA,0,5,25.8447,5.6,861.568,18.28318237
IAAM7071,IAAM7071_418,IAAM7071_15,Zea mays (Corn),3929.682842,NA,2008,Conservation Till,None,Partial,862,9.22,141.68,NA,NA,0,5,24.1422,5.4,861.568,18.28318237
IAAM7071,IAAM7071_104,IAAM7071_16,Zea mays (Corn),3767.144856,NA,2008,Conservation Till,None,Partial,862,9.22,141.68,NA,NA,0,5,27.0589,5.7,861.568,18.28318237
IAAM7071,IAAM7071_204,IAAM7071_16,Zea mays (Corn),3993.370943,NA,2008,Conservation Till,None,Partial,862,9.22,141.68,NA,NA,0,5,26.4416,5.6,861.568,18.28318237
IAAM7071,IAAM7071_319,IAAM7071_16,Zea mays (Corn),3909.11993,NA,2008,Conservation Till,None,Partial,862,9.22,141.68,NA,NA,0,5,28.6878,6.4,861.568,18.28318237
IAAM7071,IAAM7071_403,IAAM7071_16,Zea mays (Corn),4007.423353,NA,2008,Conservation Till,None,Partial,862,9.22,141.68,NA,NA,0,5,28.5219,6.1,861.568,18.28318237
IAAM7071,IAAM7071_109,IAAM7071_17,Zea mays (Corn),4151.692784,NA,2008,Conservation Till,None,Yes,862,9.22,141.68,NA,NA,0,5,25.3598,5.6,861.568,18.28318237
IAAM7071,IAAM7071_210,IAAM7071_17,Zea mays (Corn),4123.905379,NA,2008,Conservation Till,None,Yes,862,9.22,141.68,NA,NA,0,5,26.1211,6.5,861.568,18.28318237
IAAM7071,IAAM7071_311,IAAM7071_17,Zea mays (Corn),4105.591736,NA,2008,Conservation Till,None,Yes,862,9.22,141.68,NA,NA,0,5,28.4875,6.1,861.568,18.28318237
IAAM7071,IAAM7071_407,IAAM7071_17,Zea mays (Corn),4044.131372,NA,2008,Conservation Till,None,Yes,862,9.22,141.68,NA,NA,0,5,23.425,5.8,861.568,18.28318237
IAAM7071,IAAM7071_101,IAAM7071_18,Zea mays (Corn),3948.977019,NA,2008,Conservation Till,None,Yes,862,9.22,141.68,NA,NA,0,5,33.7238,6.4,861.568,18.28318237
IAAM7071,IAAM7071_205,IAAM7071_18,Zea mays (Corn),4133.009498,NA,2008,Conservation Till,None,Yes,862,9.22,141.68,NA,NA,0,5,22.6345,6.1,861.568,18.28318237
IAAM7071,IAAM7071_312,IAAM7071_18,Zea mays (Corn),4029.604418,NA,2008,Conservation Till,None,Yes,862,9.22,141.68,NA,NA,0,5,25.44,5.3,861.568,18.28318237
IAAM7071,IAAM7071_406,IAAM7071_18,Zea mays (Corn),3995.362133,NA,2008,Conservation Till,None,Yes,862,9.22,141.68,NA,NA,0,5,31.8122,6.2,861.568,18.28318237
IAAM7071,IAAM7071_112,IAAM7071_19,Zea mays (Corn),3857.943408,NA,2008,No Till,Secale cereale (Rye),Partial,862,9.22,141.68,NA,NA,0,5,26.6447,6,861.568,18.28318237
IAAM7071,IAAM7071_203,IAAM7071_19,Zea mays (Corn),3865.938621,NA,2008,No Till,Secale cereale (Rye),Partial,862,9.22,141.68,NA,NA,0,5,18.52,4.7,861.568,18.28318237
IAAM7071,IAAM7071_302,IAAM7071_19,Zea mays (Corn),3960.530155,NA,2008,No Till,Secale cereale (Rye),Partial,862,9.22,141.68,NA,NA,0,5,24.0606,4.9,861.568,18.28318237
IAAM7071,IAAM7071_409,IAAM7071_19,Zea mays (Corn),3876.185763,NA,2008,No Till,Secale cereale (Rye),Partial,862,9.22,141.68,NA,NA,0,5,21.2162,5.1,861.568,18.28318237
IAAM7071,IAAM7071_113,IAAM7071_20,Zea mays (Corn),4015.551203,NA,2008,No Till,Secale cereale (Rye),Yes,862,9.22,141.68,NA,NA,0,5,26.43,5.5,861.568,18.28318237
IAAM7071,IAAM7071_214,IAAM7071_20,Zea mays (Corn),3853.518731,NA,2008,No Till,Secale cereale (Rye),Yes,862,9.22,141.68,NA,NA,0,5,32.2834,5.4,861.568,18.28318237
IAAM7071,IAAM7071_308,IAAM7071_20,Zea mays (Corn),4007.408523,NA,2008,No Till,Secale cereale (Rye),Yes,862,9.22,141.68,NA,NA,0,5,28.34,5.3,861.568,18.28318237
IAAM7071,IAAM7071_416,IAAM7071_20,Zea mays (Corn),3953.794081,NA,2008,No Till,Secale cereale (Rye),Yes,862,9.22,141.68,NA,NA,0,5,27.077,5.1,861.568,18.28318237
IAAM7071,IAAM7071_102,IAAM7071_21,Zea mays (Corn),4109.120194,NA,2008,No Till,None,Partial,862,9.22,141.68,NA,NA,0,5,24.2633,6.1,861.568,18.28318237
IAAM7071,IAAM7071_215,IAAM7071_21,Zea mays (Corn),4049.157603,NA,2008,No Till,None,Partial,862,9.22,141.68,NA,NA,0,5,29.9289,5.8,861.568,18.28318237
IAAM7071,IAAM7071_306,IAAM7071_21,Zea mays (Corn),3304.369883,NA,2008,No Till,None,Partial,862,9.22,141.68,NA,NA,0,5,32.9676,5.3,861.568,18.28318237
IAAM7071,IAAM7071_412,IAAM7071_21,Zea mays (Corn),4082.585508,NA,2008,No Till,None,Partial,862,9.22,141.68,NA,NA,0,5,28.66,5.7,861.568,18.28318237
IAAM7071,IAAM7071_111,IAAM7071_22,Zea mays (Corn),3805.763872,NA,2008,No Till,None,Yes,862,9.22,141.68,NA,NA,0,5,27.4902,5.4,861.568,18.28318237
IAAM7071,IAAM7071_222,IAAM7071_22,Zea mays (Corn),4046.406759,NA,2008,No Till,None,Yes,862,9.22,141.68,NA,NA,0,5,23.8995,5.6,861.568,18.28318237
IAAM7071,IAAM7071_303,IAAM7071_22,Zea mays (Corn),4080.886523,NA,2008,No Till,None,Yes,862,9.22,141.68,NA,NA,0,5,21.1239,4.5,861.568,18.28318237
IAAM7071,IAAM7071_417,IAAM7071_22,Zea mays (Corn),3792.971427,NA,2008,No Till,None,Yes,862,9.22,141.68,NA,NA,0,5,23.0167,5.6,861.568,18.28318237
IAAM7071,IAAM7071_115,IAAM7071_1,Zea mays (Corn),3312.502787,NA,2009,Conservation Till,None,No,862,9.22,177.2,NA,NA,0,5,21.9377,5.7,226.695,17.52475694
IAAM7071,IAAM7071_208,IAAM7071_1,Zea mays (Corn),3278.822929,NA,2009,Conservation Till,None,No,862,9.22,177.2,NA,NA,0,5,21.7346,5.4,226.695,17.52475694
IAAM7071,IAAM7071_322,IAAM7071_1,Zea mays (Corn),3433.651303,NA,2009,Conservation Till,None,No,862,9.22,177.2,NA,NA,0,5,29.9506,5.7,226.695,17.52475694
IAAM7071,IAAM7071_420,IAAM7071_1,Zea mays (Corn),3388.682044,NA,2009,Conservation Till,None,No,862,9.22,177.2,NA,NA,0,5,19.8216,5.6,226.695,17.52475694
IAAM7071,IAAM7071_106,IAAM7071_2,Zea mays (Corn),3351.001822,NA,2009,No Till,None,No,862,9.22,177.2,NA,NA,0,5,29.9403,4.9,226.695,17.52475694
IAAM7071,IAAM7071_219,IAAM7071_2,Zea mays (Corn),3441.86175,NA,2009,No Till,None,No,862,9.22,177.2,NA,NA,0,5,30.8438,5.2,226.695,17.52475694
IAAM7071,IAAM7071_318,IAAM7071_2,Zea mays (Corn),3092.956769,NA,2009,No Till,None,No,862,9.22,177.2,NA,NA,0,5,29.6193,5.2,226.695,17.52475694
IAAM7071,IAAM7071_422,IAAM7071_2,Zea mays (Corn),3604.571742,NA,2009,No Till,None,No,862,9.22,177.2,NA,NA,0,5,31.9911,5,226.695,17.52475694
IAAM7071,IAAM7071_110,IAAM7071_3,Zea mays (Corn),4539.429668,NA,2009,Conservation Till,None,Partial,862,9.22,224.5,NA,NA,0,5,25.7737,5.6,226.695,17.52475694
IAAM7071,IAAM7071_213,IAAM7071_3,Zea mays (Corn),4448.993525,NA,2009,Conservation Till,None,Partial,862,9.22,224.5,NA,NA,0,5,25.6679,5.6,226.695,17.52475694
IAAM7071,IAAM7071_305,IAAM7071_3,Zea mays (Corn),4486.664549,NA,2009,Conservation Till,None,Partial,862,9.22,224.5,NA,NA,0,5,24.7531,5.6,226.695,17.52475694
IAAM7071,IAAM7071_405,IAAM7071_3,Zea mays (Corn),4588.104175,NA,2009,Conservation Till,None,Partial,862,9.22,224.5,NA,NA,0,5,32.8547,5.8,226.695,17.52475694
IAAM7071,IAAM7071_116,IAAM7071_4,Zea mays (Corn),4262.767072,NA,2009,No Till,None,Partial,862,9.22,224.5,NA,NA,0,5,22.2436,4.9,226.695,17.52475694
IAAM7071,IAAM7071_206,IAAM7071_4,Zea mays (Corn),4101.638915,NA,2009,No Till,None,Partial,862,9.22,224.5,NA,NA,0,5,22.2079,4.9,226.695,17.52475694
IAAM7071,IAAM7071_304,IAAM7071_4,Zea mays (Corn),3700.384626,NA,2009,No Till,None,Partial,862,9.22,224.5,NA,NA,0,5,23.2823,4.4,226.695,17.52475694
IAAM7071,IAAM7071_414,IAAM7071_4,Zea mays (Corn),3960.308757,NA,2009,No Till,None,Partial,862,9.22,224.5,NA,NA,0,5,24.8025,6.1,226.695,17.52475694
IAAM7071,IAAM7071_119,IAAM7071_5,Zea mays (Corn),4188.967131,18371.13188,2009,Conservation Till,None,Yes,862,9.22,229.8,NA,NA,0,5,22.148,5.3,226.695,17.52475694
IAAM7071,IAAM7071_207,IAAM7071_5,Zea mays (Corn),4432.939039,18667.6185,2009,Conservation Till,None,Yes,862,9.22,229.8,NA,NA,0,5,21.0325,5.3,226.695,17.52475694
IAAM7071,IAAM7071_307,IAAM7071_5,Zea mays (Corn),4591.954105,15694.93909,2009,Conservation Till,None,Yes,862,9.22,229.8,NA,NA,0,5,27.3702,4.7,226.695,17.52475694
IAAM7071,IAAM7071_402,IAAM7071_5,Zea mays (Corn),4124.365214,17291.42757,2009,Conservation Till,None,Yes,862,9.22,229.8,NA,NA,0,5,21.906,4.9,226.695,17.52475694
IAAM7071,IAAM7071_120,IAAM7071_6,Zea mays (Corn),4570.661795,18451.20767,2009,No Till,None,Yes,862,9.22,229.8,NA,NA,0,5,24.5106,5,226.695,17.52475694
IAAM7071,IAAM7071_201,IAAM7071_6,Zea mays (Corn),4560.11294,18020.3614,2009,No Till,None,Yes,862,9.22,229.8,NA,NA,0,5,33.0067,5,226.695,17.52475694
IAAM7071,IAAM7071_321,IAAM7071_6,Zea mays (Corn),4353.042008,19796.51001,2009,No Till,None,Yes,862,9.22,229.8,NA,NA,0,5,23.3164,5.4,226.695,17.52475694
IAAM7071,IAAM7071_411,IAAM7071_6,Zea mays (Corn),4575.966587,17259.73836,2009,No Till,None,Yes,862,9.22,229.8,NA,NA,0,5,27.2202,4.5,226.695,17.52475694
IAAM7071,IAAM7071_114,IAAM7071_7,Zea mays (Corn),2993.875377,NA,2009,Conservation Till,None,No,862,9.22,184.8,NA,NA,0,5,23.4,5.5,226.695,17.52475694
IAAM7071,IAAM7071_209,IAAM7071_7,Zea mays (Corn),2977.491723,NA,2009,Conservation Till,None,No,862,9.22,184.8,NA,NA,0,5,21.68,5.7,226.695,17.52475694
IAAM7071,IAAM7071_316,IAAM7071_7,Zea mays (Corn),3253.516144,NA,2009,Conservation Till,None,No,862,9.22,184.8,NA,NA,0,5,22.8316,5.1,226.695,17.52475694
IAAM7071,IAAM7071_408,IAAM7071_7,Zea mays (Corn),3214.424277,NA,2009,Conservation Till,None,No,862,9.22,184.8,NA,NA,0,5,21.2825,5.3,226.695,17.52475694
IAAM7071,IAAM7071_122,IAAM7071_8,Zea mays (Corn),2909.838847,NA,2009,No Till,None,No,862,9.22,184.8,NA,NA,0,5,25,5,226.695,17.52475694
IAAM7071,IAAM7071_218,IAAM7071_8,Zea mays (Corn),2886.605514,NA,2009,No Till,None,No,862,9.22,184.8,NA,NA,0,5,31.5102,4.8,226.695,17.52475694
IAAM7071,IAAM7071_310,IAAM7071_8,Zea mays (Corn),3249.951449,NA,2009,No Till,None,No,862,9.22,184.8,NA,NA,0,5,28.8387,4.7,226.695,17.52475694
IAAM7071,IAAM7071_415,IAAM7071_8,Zea mays (Corn),3174.035364,NA,2009,No Till,None,No,862,9.22,184.8,NA,NA,0,5,28.678,5.9,226.695,17.52475694
IAAM7071,IAAM7071_105,IAAM7071_9,Zea mays (Corn),4330.072279,NA,2009,Conservation Till,None,Partial,862,9.22,236.6,NA,NA,0,5,23.5913,5.4,226.695,17.52475694
IAAM7071,IAAM7071_217,IAAM7071_9,Zea mays (Corn),4196.356887,NA,2009,Conservation Till,None,Partial,862,9.22,236.6,NA,NA,0,5,35.7214,5.1,226.695,17.52475694
IAAM7071,IAAM7071_309,IAAM7071_9,Zea mays (Corn),4636.162777,NA,2009,Conservation Till,None,Partial,862,9.22,236.6,NA,NA,0,5,25.4839,5.1,226.695,17.52475694
IAAM7071,IAAM7071_401,IAAM7071_9,Zea mays (Corn),4525.39677,NA,2009,Conservation Till,None,Partial,862,9.22,236.6,NA,NA,0,5,21.72,5.6,226.695,17.52475694
IAAM7071,IAAM7071_108,IAAM7071_10,Zea mays (Corn),4324.530788,NA,2009,No Till,None,Partial,862,9.22,236.6,NA,NA,0,5,26.19,5,226.695,17.52475694
IAAM7071,IAAM7071_221,IAAM7071_10,Zea mays (Corn),4203.62193,NA,2009,No Till,None,Partial,862,9.22,236.6,NA,NA,0,5,22.7876,5.3,226.695,17.52475694
IAAM7071,IAAM7071_317,IAAM7071_10,Zea mays (Corn),4240.52405,NA,2009,No Till,None,Partial,862,9.22,236.6,NA,NA,0,5,23.5036,5.3,226.695,17.52475694
IAAM7071,IAAM7071_410,IAAM7071_10,Zea mays (Corn),4537.934736,NA,2009,No Till,None,Partial,862,9.22,236.6,NA,NA,0,5,22.2,4.4,226.695,17.52475694
IAAM7071,IAAM7071_118,IAAM7071_11,Zea mays (Corn),4637.828988,18958.76049,2009,Conservation Till,None,Yes,862,9.22,240.7,NA,NA,0,5,22.43,5.3,226.695,17.52475694
IAAM7071,IAAM7071_220,IAAM7071_11,Zea mays (Corn),4368.744515,17882.84241,2009,Conservation Till,None,Yes,862,9.22,240.7,NA,NA,0,5,26.9283,5.3,226.695,17.52475694
IAAM7071,IAAM7071_313,IAAM7071_11,Zea mays (Corn),4236.868365,16105.83038,2009,Conservation Till,None,Yes,862,9.22,240.7,NA,NA,0,5,22.8258,4.9,226.695,17.52475694
IAAM7071,IAAM7071_404,IAAM7071_11,Zea mays (Corn),4393.391672,16978.10355,2009,Conservation Till,None,Yes,862,9.22,240.7,NA,NA,0,5,29.669,5.2,226.695,17.52475694
IAAM7071,IAAM7071_121,IAAM7071_12,Zea mays (Corn),4337.915551,17063.69747,2009,No Till,None,Yes,862,9.22,240.7,NA,NA,0,5,20.02,5.5,226.695,17.52475694
IAAM7071,IAAM7071_212,IAAM7071_12,Zea mays (Corn),4123.846718,14815.23351,2009,No Till,None,Yes,862,9.22,240.7,NA,NA,0,5,25.6635,5.4,226.695,17.52475694
IAAM7071,IAAM7071_314,IAAM7071_12,Zea mays (Corn),4276.838425,16575.9477,2009,No Till,None,Yes,862,9.22,240.7,NA,NA,0,5,22.5502,5.5,226.695,17.52475694
IAAM7071,IAAM7071_421,IAAM7071_12,Zea mays (Corn),3484.764256,14002.1486,2009,No Till,None,Yes,862,9.22,240.7,NA,NA,0,5,28.9061,4.9,226.695,17.52475694
IAAM7071,IAAM7071_103,IAAM7071_13,Zea mays (Corn),2834.391692,NA,2009,Conservation Till,None,No,862,9.22,177.2,NA,NA,0,5,27.1969,5.7,226.695,17.52475694
IAAM7071,IAAM7071_202,IAAM7071_13,Zea mays (Corn),3071.487763,NA,2009,Conservation Till,None,No,862,9.22,177.2,NA,NA,0,5,30.91,4.8,226.695,17.52475694
IAAM7071,IAAM7071_320,IAAM7071_13,Zea mays (Corn),3405.661681,NA,2009,Conservation Till,None,No,862,9.22,177.2,NA,NA,0,5,19.1831,6.3,226.695,17.52475694
IAAM7071,IAAM7071_419,IAAM7071_13,Zea mays (Corn),3109.839395,NA,2009,Conservation Till,None,No,862,9.22,177.2,NA,NA,0,5,20.1115,5.7,226.695,17.52475694
IAAM7071,IAAM7071_117,IAAM7071_14,Zea mays (Corn),3746.377912,NA,2009,Conservation Till,None,No,862,9.22,177.2,NA,NA,0,5,28.11,5.8,226.695,17.52475694
IAAM7071,IAAM7071_216,IAAM7071_14,Zea mays (Corn),3179.591655,NA,2009,Conservation Till,None,No,862,9.22,177.2,NA,NA,0,5,37.278,5.5,226.695,17.52475694
IAAM7071,IAAM7071_315,IAAM7071_14,Zea mays (Corn),3516.575002,NA,2009,Conservation Till,None,No,862,9.22,177.2,NA,NA,0,5,25.7671,5.5,226.695,17.52475694
IAAM7071,IAAM7071_413,IAAM7071_14,Zea mays (Corn),3893.421226,NA,2009,Conservation Till,None,No,862,9.22,177.2,NA,NA,0,5,28.1994,6.3,226.695,17.52475694
IAAM7071,IAAM7071_107,IAAM7071_15,Zea mays (Corn),4500.136698,NA,2009,Conservation Till,None,Partial,862,9.22,224.5,NA,NA,0,5,29.4897,5.2,226.695,17.52475694
IAAM7071,IAAM7071_211,IAAM7071_15,Zea mays (Corn),4485.453266,NA,2009,Conservation Till,None,Partial,862,9.22,224.5,NA,NA,0,5,26.073,6.4,226.695,17.52475694
IAAM7071,IAAM7071_301,IAAM7071_15,Zea mays (Corn),4495.199322,NA,2009,Conservation Till,None,Partial,862,9.22,224.5,NA,NA,0,5,25.8447,5.6,226.695,17.52475694
IAAM7071,IAAM7071_418,IAAM7071_15,Zea mays (Corn),4515.587055,NA,2009,Conservation Till,None,Partial,862,9.22,224.5,NA,NA,0,5,24.1422,5.4,226.695,17.52475694
IAAM7071,IAAM7071_104,IAAM7071_16,Zea mays (Corn),3996.292369,NA,2009,Conservation Till,None,Partial,862,9.22,224.5,NA,NA,0,5,27.0589,5.7,226.695,17.52475694
IAAM7071,IAAM7071_204,IAAM7071_16,Zea mays (Corn),4408.069249,NA,2009,Conservation Till,None,Partial,862,9.22,224.5,NA,NA,0,5,26.4416,5.6,226.695,17.52475694
IAAM7071,IAAM7071_319,IAAM7071_16,Zea mays (Corn),4332.177053,NA,2009,Conservation Till,None,Partial,862,9.22,224.5,NA,NA,0,5,28.6878,6.4,226.695,17.52475694
IAAM7071,IAAM7071_403,IAAM7071_16,Zea mays (Corn),4624.858396,NA,2009,Conservation Till,None,Partial,862,9.22,224.5,NA,NA,0,5,28.5219,6.1,226.695,17.52475694
IAAM7071,IAAM7071_109,IAAM7071_17,Zea mays (Corn),4550.127428,16945.85311,2009,Conservation Till,None,Yes,862,9.22,229.8,NA,NA,0,5,25.3598,5.6,226.695,17.52475694
IAAM7071,IAAM7071_210,IAAM7071_17,Zea mays (Corn),4280.965462,17782.42717,2009,Conservation Till,None,Yes,862,9.22,229.8,NA,NA,0,5,26.1211,6.5,226.695,17.52475694
IAAM7071,IAAM7071_311,IAAM7071_17,Zea mays (Corn),4716.217639,16421.12409,2009,Conservation Till,None,Yes,862,9.22,229.8,NA,NA,0,5,28.4875,6.1,226.695,17.52475694
IAAM7071,IAAM7071_407,IAAM7071_17,Zea mays (Corn),4495.023883,16983.78978,2009,Conservation Till,None,Yes,862,9.22,229.8,NA,NA,0,5,23.425,5.8,226.695,17.52475694
IAAM7071,IAAM7071_101,IAAM7071_18,Zea mays (Corn),4336.112956,17320.70608,2009,Conservation Till,None,Yes,862,9.22,229.8,NA,NA,0,5,33.7238,6.4,226.695,17.52475694
IAAM7071,IAAM7071_205,IAAM7071_18,Zea mays (Corn),4422.628105,17285.25,2009,Conservation Till,None,Yes,862,9.22,229.8,NA,NA,0,5,22.6345,6.1,226.695,17.52475694
IAAM7071,IAAM7071_312,IAAM7071_18,Zea mays (Corn),4391.606583,17434.87785,2009,Conservation Till,None,Yes,862,9.22,229.8,NA,NA,0,5,25.44,5.3,226.695,17.52475694
IAAM7071,IAAM7071_406,IAAM7071_18,Zea mays (Corn),4740.287499,17905.57438,2009,Conservation Till,None,Yes,862,9.22,229.8,NA,NA,0,5,31.8122,6.2,226.695,17.52475694
IAAM7071,IAAM7071_112,IAAM7071_19,Zea mays (Corn),4341.303296,NA,2009,No Till,Secale cereale (Rye),Partial,862,9.22,224.5,NA,NA,0,5,26.6447,6,226.695,17.52475694
IAAM7071,IAAM7071_203,IAAM7071_19,Zea mays (Corn),3923.30323,NA,2009,No Till,Secale cereale (Rye),Partial,862,9.22,224.5,NA,NA,0,5,18.52,4.7,226.695,17.52475694
IAAM7071,IAAM7071_302,IAAM7071_19,Zea mays (Corn),4615.618384,NA,2009,No Till,Secale cereale (Rye),Partial,862,9.22,224.5,NA,NA,0,5,24.0606,4.9,226.695,17.52475694
IAAM7071,IAAM7071_409,IAAM7071_19,Zea mays (Corn),3774.180086,NA,2009,No Till,Secale cereale (Rye),Partial,862,9.22,224.5,NA,NA,0,5,21.2162,5.1,226.695,17.52475694
IAAM7071,IAAM7071_113,IAAM7071_20,Zea mays (Corn),4347.254923,15350.76617,2009,No Till,Secale cereale (Rye),Yes,862,9.22,229.8,NA,NA,0,5,26.43,5.5,226.695,17.52475694
IAAM7071,IAAM7071_214,IAAM7071_20,Zea mays (Corn),4528.604957,17091.84807,2009,No Till,Secale cereale (Rye),Yes,862,9.22,229.8,NA,NA,0,5,32.2834,5.4,226.695,17.52475694
IAAM7071,IAAM7071_308,IAAM7071_20,Zea mays (Corn),4647.059967,18973.8671,2009,No Till,Secale cereale (Rye),Yes,862,9.22,229.8,NA,NA,0,5,28.34,5.3,226.695,17.52475694
IAAM7071,IAAM7071_416,IAAM7071_20,Zea mays (Corn),4594.344178,17263.1577,2009,No Till,Secale cereale (Rye),Yes,862,9.22,229.8,NA,NA,0,5,27.077,5.1,226.695,17.52475694
IAAM7071,IAAM7071_102,IAAM7071_21,Zea mays (Corn),4271.801537,NA,2009,No Till,None,Partial,862,9.22,224.5,NA,NA,0,5,24.2633,6.1,226.695,17.52475694
IAAM7071,IAAM7071_215,IAAM7071_21,Zea mays (Corn),4248.625073,NA,2009,No Till,None,Partial,862,9.22,224.5,NA,NA,0,5,29.9289,5.8,226.695,17.52475694
IAAM7071,IAAM7071_306,IAAM7071_21,Zea mays (Corn),4013.726944,NA,2009,No Till,None,Partial,862,9.22,224.5,NA,NA,0,5,32.9676,5.3,226.695,17.52475694
IAAM7071,IAAM7071_412,IAAM7071_21,Zea mays (Corn),4175.839373,NA,2009,No Till,None,Partial,862,9.22,224.5,NA,NA,0,5,28.66,5.7,226.695,17.52475694
IAAM7071,IAAM7071_111,IAAM7071_22,Zea mays (Corn),4334.854388,16870.69708,2009,No Till,None,Yes,862,9.22,229.8,NA,NA,0,5,27.4902,5.4,226.695,17.52475694
IAAM7071,IAAM7071_222,IAAM7071_22,Zea mays (Corn),4313.252379,17190.85108,2009,No Till,None,Yes,862,9.22,229.8,NA,NA,0,5,23.8995,5.6,226.695,17.52475694
IAAM7071,IAAM7071_303,IAAM7071_22,Zea mays (Corn),4372.718831,17336.36907,2009,No Till,None,Yes,862,9.22,229.8,NA,NA,0,5,21.1239,4.5,226.695,17.52475694
IAAM7071,IAAM7071_417,IAAM7071_22,Zea mays (Corn),4337.022211,17407.70414,2009,No Till,None,Yes,862,9.22,229.8,NA,NA,0,5,23.0167,5.6,226.695,17.52475694
IAAM7071,IAAM7071_115,IAAM7071_1,Zea mays (Corn),5026.04109,NA,2010,Conservation Till,None,No,862,9.22,197.1,NA,NA,0,5,21.9377,5.7,963.422,19.55772343
IAAM7071,IAAM7071_208,IAAM7071_1,Zea mays (Corn),4645.766449,NA,2010,Conservation Till,None,No,862,9.22,197.1,NA,NA,0,5,21.7346,5.4,963.422,19.55772343
IAAM7071,IAAM7071_322,IAAM7071_1,Zea mays (Corn),3751.511294,NA,2010,Conservation Till,None,No,862,9.22,197.1,NA,NA,0,5,29.9506,5.7,963.422,19.55772343
IAAM7071,IAAM7071_420,IAAM7071_1,Zea mays (Corn),4466.397503,NA,2010,Conservation Till,None,No,862,9.22,197.1,NA,NA,0,5,19.8216,5.6,963.422,19.55772343
IAAM7071,IAAM7071_106,IAAM7071_2,Zea mays (Corn),4408.119556,NA,2010,No Till,None,No,862,9.22,197.1,NA,NA,0,5,29.9403,4.9,963.422,19.55772343
IAAM7071,IAAM7071_219,IAAM7071_2,Zea mays (Corn),4136.379663,NA,2010,No Till,None,No,862,9.22,197.1,NA,NA,0,5,30.8438,5.2,963.422,19.55772343
IAAM7071,IAAM7071_318,IAAM7071_2,Zea mays (Corn),4688.085608,NA,2010,No Till,None,No,862,9.22,197.1,NA,NA,0,5,29.6193,5.2,963.422,19.55772343
IAAM7071,IAAM7071_422,IAAM7071_2,Zea mays (Corn),4494.759672,NA,2010,No Till,None,No,862,9.22,197.1,NA,NA,0,5,31.9911,5,963.422,19.55772343
IAAM7071,IAAM7071_110,IAAM7071_3,Zea mays (Corn),4895.56948,NA,2010,Conservation Till,None,Partial,862,9.22,225.1,NA,NA,0,5,25.7737,5.6,963.422,19.55772343
IAAM7071,IAAM7071_213,IAAM7071_3,Zea mays (Corn),4612.467328,NA,2010,Conservation Till,None,Partial,862,9.22,225.1,NA,NA,0,5,25.6679,5.6,963.422,19.55772343
IAAM7071,IAAM7071_305,IAAM7071_3,Zea mays (Corn),4571.13417,NA,2010,Conservation Till,None,Partial,862,9.22,225.1,NA,NA,0,5,24.7531,5.6,963.422,19.55772343
IAAM7071,IAAM7071_405,IAAM7071_3,Zea mays (Corn),4480.603913,NA,2010,Conservation Till,None,Partial,862,9.22,225.1,NA,NA,0,5,32.8547,5.8,963.422,19.55772343
IAAM7071,IAAM7071_116,IAAM7071_4,Zea mays (Corn),4828.726628,NA,2010,No Till,None,Partial,862,9.22,225.1,NA,NA,0,5,22.2436,4.9,963.422,19.55772343
IAAM7071,IAAM7071_206,IAAM7071_4,Zea mays (Corn),4491.772985,NA,2010,No Till,None,Partial,862,9.22,225.1,NA,NA,0,5,22.2079,4.9,963.422,19.55772343
IAAM7071,IAAM7071_304,IAAM7071_4,Zea mays (Corn),4642.38661,NA,2010,No Till,None,Partial,862,9.22,225.1,NA,NA,0,5,23.2823,4.4,963.422,19.55772343
IAAM7071,IAAM7071_414,IAAM7071_4,Zea mays (Corn),4651.603073,NA,2010,No Till,None,Partial,862,9.22,225.1,NA,NA,0,5,24.8025,6.1,963.422,19.55772343
IAAM7071,IAAM7071_119,IAAM7071_5,Zea mays (Corn),4473.893389,19023.34327,2010,Conservation Till,None,Yes,862,9.22,241.9,NA,NA,0,5,22.148,5.3,963.422,19.55772343
IAAM7071,IAAM7071_207,IAAM7071_5,Zea mays (Corn),4694.318839,19215.09565,2010,Conservation Till,None,Yes,862,9.22,241.9,NA,NA,0,5,21.0325,5.3,963.422,19.55772343
IAAM7071,IAAM7071_307,IAAM7071_5,Zea mays (Corn),4758.287193,16086.51477,2010,Conservation Till,None,Yes,862,9.22,241.9,NA,NA,0,5,27.3702,4.7,963.422,19.55772343
IAAM7071,IAAM7071_402,IAAM7071_5,Zea mays (Corn),4892.394779,18933.98549,2010,Conservation Till,None,Yes,862,9.22,241.9,NA,NA,0,5,21.906,4.9,963.422,19.55772343
IAAM7071,IAAM7071_120,IAAM7071_6,Zea mays (Corn),4691.822656,18756.62295,2010,No Till,None,Yes,862,9.22,241.9,NA,NA,0,5,24.5106,5,963.422,19.55772343
IAAM7071,IAAM7071_201,IAAM7071_6,Zea mays (Corn),4010.08845,16726.6676,2010,No Till,None,Yes,862,9.22,241.9,NA,NA,0,5,33.0067,5,963.422,19.55772343
IAAM7071,IAAM7071_321,IAAM7071_6,Zea mays (Corn),4579.283826,20454.30266,2010,No Till,None,Yes,862,9.22,241.9,NA,NA,0,5,23.3164,5.4,963.422,19.55772343
IAAM7071,IAAM7071_411,IAAM7071_6,Zea mays (Corn),4533.739191,17061.83554,2010,No Till,None,Yes,862,9.22,241.9,NA,NA,0,5,27.2202,4.5,963.422,19.55772343
IAAM7071,IAAM7071_114,IAAM7071_7,Zea mays (Corn),4440.829716,NA,2010,Conservation Till,None,No,862,9.22,226.3,NA,NA,0,5,23.4,5.5,963.422,19.55772343
IAAM7071,IAAM7071_209,IAAM7071_7,Zea mays (Corn),4860.110876,NA,2010,Conservation Till,None,No,862,9.22,226.3,NA,NA,0,5,21.68,5.7,963.422,19.55772343
IAAM7071,IAAM7071_316,IAAM7071_7,Zea mays (Corn),4906.235992,NA,2010,Conservation Till,None,No,862,9.22,226.3,NA,NA,0,5,22.8316,5.1,963.422,19.55772343
IAAM7071,IAAM7071_408,IAAM7071_7,Zea mays (Corn),4464.955725,NA,2010,Conservation Till,None,No,862,9.22,226.3,NA,NA,0,5,21.2825,5.3,963.422,19.55772343
IAAM7071,IAAM7071_122,IAAM7071_8,Zea mays (Corn),4894.009508,NA,2010,No Till,None,No,862,9.22,226.3,NA,NA,0,5,25,5,963.422,19.55772343
IAAM7071,IAAM7071_218,IAAM7071_8,Zea mays (Corn),4757.612523,NA,2010,No Till,None,No,862,9.22,226.3,NA,NA,0,5,31.5102,4.8,963.422,19.55772343
IAAM7071,IAAM7071_310,IAAM7071_8,Zea mays (Corn),4682.584337,NA,2010,No Till,None,No,862,9.22,226.3,NA,NA,0,5,28.8387,4.7,963.422,19.55772343
IAAM7071,IAAM7071_415,IAAM7071_8,Zea mays (Corn),4745.398713,NA,2010,No Till,None,No,862,9.22,226.3,NA,NA,0,5,28.678,5.9,963.422,19.55772343
IAAM7071,IAAM7071_105,IAAM7071_9,Zea mays (Corn),4786.476098,NA,2010,Conservation Till,None,Partial,862,9.22,254.2,NA,NA,0,5,23.5913,5.4,963.422,19.55772343
IAAM7071,IAAM7071_217,IAAM7071_9,Zea mays (Corn),4369.103432,NA,2010,Conservation Till,None,Partial,862,9.22,254.2,NA,NA,0,5,35.7214,5.1,963.422,19.55772343
IAAM7071,IAAM7071_309,IAAM7071_9,Zea mays (Corn),4742.884622,NA,2010,Conservation Till,None,Partial,862,9.22,254.2,NA,NA,0,5,25.4839,5.1,963.422,19.55772343
IAAM7071,IAAM7071_401,IAAM7071_9,Zea mays (Corn),4804.326664,NA,2010,Conservation Till,None,Partial,862,9.22,254.2,NA,NA,0,5,21.72,5.6,963.422,19.55772343
IAAM7071,IAAM7071_108,IAAM7071_10,Zea mays (Corn),4652.995426,NA,2010,No Till,None,Partial,862,9.22,254.2,NA,NA,0,5,26.19,5,963.422,19.55772343
IAAM7071,IAAM7071_221,IAAM7071_10,Zea mays (Corn),4574.982329,NA,2010,No Till,None,Partial,862,9.22,254.2,NA,NA,0,5,22.7876,5.3,963.422,19.55772343
IAAM7071,IAAM7071_317,IAAM7071_10,Zea mays (Corn),4453.399334,NA,2010,No Till,None,Partial,862,9.22,254.2,NA,NA,0,5,23.5036,5.3,963.422,19.55772343
IAAM7071,IAAM7071_410,IAAM7071_10,Zea mays (Corn),4219.19035,NA,2010,No Till,None,Partial,862,9.22,254.2,NA,NA,0,5,22.2,4.4,963.422,19.55772343
IAAM7071,IAAM7071_118,IAAM7071_11,Zea mays (Corn),4302.439614,18174.0157,2010,Conservation Till,None,Yes,862,9.22,271,NA,NA,0,5,22.43,5.3,963.422,19.55772343
IAAM7071,IAAM7071_220,IAAM7071_11,Zea mays (Corn),4317.119727,17715.49538,2010,Conservation Till,None,Yes,862,9.22,271,NA,NA,0,5,26.9283,5.3,963.422,19.55772343
IAAM7071,IAAM7071_313,IAAM7071_11,Zea mays (Corn),4405.570962,16554.88163,2010,Conservation Till,None,Yes,862,9.22,271,NA,NA,0,5,22.8258,4.9,963.422,19.55772343
IAAM7071,IAAM7071_404,IAAM7071_11,Zea mays (Corn),4617.824986,17462.2036,2010,Conservation Till,None,Yes,862,9.22,271,NA,NA,0,5,29.669,5.2,963.422,19.55772343
IAAM7071,IAAM7071_121,IAAM7071_12,Zea mays (Corn),4906.617352,18440.79806,2010,No Till,None,Yes,862,9.22,271,NA,NA,0,5,20.02,5.5,963.422,19.55772343
IAAM7071,IAAM7071_212,IAAM7071_12,Zea mays (Corn),4456.888602,15410.10796,2010,No Till,None,Yes,862,9.22,271,NA,NA,0,5,25.6635,5.4,963.422,19.55772343
IAAM7071,IAAM7071_314,IAAM7071_12,Zea mays (Corn),4812.019497,17752.75569,2010,No Till,None,Yes,862,9.22,271,NA,NA,0,5,22.5502,5.5,963.422,19.55772343
IAAM7071,IAAM7071_421,IAAM7071_12,Zea mays (Corn),4438.510198,16217.47417,2010,No Till,None,Yes,862,9.22,271,NA,NA,0,5,28.9061,4.9,963.422,19.55772343
IAAM7071,IAAM7071_103,IAAM7071_13,Zea mays (Corn),4675.391385,NA,2010,Conservation Till,None,No,862,9.22,197.1,NA,NA,0,5,27.1969,5.7,963.422,19.55772343
IAAM7071,IAAM7071_202,IAAM7071_13,Zea mays (Corn),4620.228464,NA,2010,Conservation Till,None,No,862,9.22,197.1,NA,NA,0,5,30.91,4.8,963.422,19.55772343
IAAM7071,IAAM7071_320,IAAM7071_13,Zea mays (Corn),5086.185581,NA,2010,Conservation Till,None,No,862,9.22,197.1,NA,NA,0,5,19.1831,6.3,963.422,19.55772343
IAAM7071,IAAM7071_419,IAAM7071_13,Zea mays (Corn),4896.017007,NA,2010,Conservation Till,None,No,862,9.22,197.1,NA,NA,0,5,20.1115,5.7,963.422,19.55772343
IAAM7071,IAAM7071_117,IAAM7071_14,Zea mays (Corn),4885.602722,NA,2010,Conservation Till,None,No,862,9.22,197.1,NA,NA,0,5,28.11,5.8,963.422,19.55772343
IAAM7071,IAAM7071_216,IAAM7071_14,Zea mays (Corn),3793.149821,NA,2010,Conservation Till,None,No,862,9.22,197.1,NA,NA,0,5,37.278,5.5,963.422,19.55772343
IAAM7071,IAAM7071_315,IAAM7071_14,Zea mays (Corn),5007.866877,NA,2010,Conservation Till,None,No,862,9.22,197.1,NA,NA,0,5,25.7671,5.5,963.422,19.55772343
IAAM7071,IAAM7071_413,IAAM7071_14,Zea mays (Corn),5014.641664,NA,2010,Conservation Till,None,No,862,9.22,197.1,NA,NA,0,5,28.1994,6.3,963.422,19.55772343
IAAM7071,IAAM7071_107,IAAM7071_15,Zea mays (Corn),4615.523984,NA,2010,Conservation Till,None,Partial,862,9.22,225.1,NA,NA,0,5,29.4897,5.2,963.422,19.55772343
IAAM7071,IAAM7071_211,IAAM7071_15,Zea mays (Corn),4810.64245,NA,2010,Conservation Till,None,Partial,862,9.22,225.1,NA,NA,0,5,26.073,6.4,963.422,19.55772343
IAAM7071,IAAM7071_301,IAAM7071_15,Zea mays (Corn),4682.7693,NA,2010,Conservation Till,None,Partial,862,9.22,225.1,NA,NA,0,5,25.8447,5.6,963.422,19.55772343
IAAM7071,IAAM7071_418,IAAM7071_15,Zea mays (Corn),4655.381681,NA,2010,Conservation Till,None,Partial,862,9.22,225.1,NA,NA,0,5,24.1422,5.4,963.422,19.55772343
IAAM7071,IAAM7071_104,IAAM7071_16,Zea mays (Corn),4843.266107,NA,2010,Conservation Till,None,Partial,862,9.22,225.1,NA,NA,0,5,27.0589,5.7,963.422,19.55772343
IAAM7071,IAAM7071_204,IAAM7071_16,Zea mays (Corn),3965.796407,NA,2010,Conservation Till,None,Partial,862,9.22,225.1,NA,NA,0,5,26.4416,5.6,963.422,19.55772343
IAAM7071,IAAM7071_319,IAAM7071_16,Zea mays (Corn),4667.790567,NA,2010,Conservation Till,None,Partial,862,9.22,225.1,NA,NA,0,5,28.6878,6.4,963.422,19.55772343
IAAM7071,IAAM7071_403,IAAM7071_16,Zea mays (Corn),4539.386338,NA,2010,Conservation Till,None,Partial,862,9.22,225.1,NA,NA,0,5,28.5219,6.1,963.422,19.55772343
IAAM7071,IAAM7071_109,IAAM7071_17,Zea mays (Corn),4921.079681,17805.53388,2010,Conservation Till,None,Yes,862,9.22,241.9,NA,NA,0,5,25.3598,5.6,963.422,19.55772343
IAAM7071,IAAM7071_210,IAAM7071_17,Zea mays (Corn),4206.933824,17601.26862,2010,Conservation Till,None,Yes,862,9.22,241.9,NA,NA,0,5,26.1211,6.5,963.422,19.55772343
IAAM7071,IAAM7071_311,IAAM7071_17,Zea mays (Corn),4936.858554,16953.66422,2010,Conservation Till,None,Yes,862,9.22,241.9,NA,NA,0,5,28.4875,6.1,963.422,19.55772343
IAAM7071,IAAM7071_407,IAAM7071_17,Zea mays (Corn),5126.930682,18277.62465,2010,Conservation Till,None,Yes,862,9.22,241.9,NA,NA,0,5,23.425,5.8,963.422,19.55772343
IAAM7071,IAAM7071_101,IAAM7071_18,Zea mays (Corn),4856.666673,18588.50566,2010,Conservation Till,None,Yes,862,9.22,241.9,NA,NA,0,5,33.7238,6.4,963.422,19.55772343
IAAM7071,IAAM7071_205,IAAM7071_18,Zea mays (Corn),4983.264519,18489.58507,2010,Conservation Till,None,Yes,862,9.22,241.9,NA,NA,0,5,22.6345,6.1,963.422,19.55772343
IAAM7071,IAAM7071_312,IAAM7071_18,Zea mays (Corn),4757.303512,18370.03981,2010,Conservation Till,None,Yes,862,9.22,241.9,NA,NA,0,5,25.44,5.3,963.422,19.55772343
IAAM7071,IAAM7071_406,IAAM7071_18,Zea mays (Corn),4932.325236,18321.3031,2010,Conservation Till,None,Yes,862,9.22,241.9,NA,NA,0,5,31.8122,6.2,963.422,19.55772343
IAAM7071,IAAM7071_112,IAAM7071_19,Zea mays (Corn),5027.65078,NA,2010,No Till,Secale cereale (Rye),Partial,862,9.22,225.1,NA,NA,0,5,26.6447,6,963.422,19.55772343
IAAM7071,IAAM7071_203,IAAM7071_19,Zea mays (Corn),4848.949978,NA,2010,No Till,Secale cereale (Rye),Partial,862,9.22,225.1,NA,NA,0,5,18.52,4.7,963.422,19.55772343
IAAM7071,IAAM7071_302,IAAM7071_19,Zea mays (Corn),4749.189882,NA,2010,No Till,Secale cereale (Rye),Partial,862,9.22,225.1,NA,NA,0,5,24.0606,4.9,963.422,19.55772343
IAAM7071,IAAM7071_409,IAAM7071_19,Zea mays (Corn),4824.886794,NA,2010,No Till,Secale cereale (Rye),Partial,862,9.22,225.1,NA,NA,0,5,21.2162,5.1,963.422,19.55772343
IAAM7071,IAAM7071_113,IAAM7071_20,Zea mays (Corn),5106.895747,17091.85014,2010,No Till,Secale cereale (Rye),Yes,862,9.22,241.9,NA,NA,0,5,26.43,5.5,963.422,19.55772343
IAAM7071,IAAM7071_214,IAAM7071_20,Zea mays (Corn),4682.47887,17328.51289,2010,No Till,Secale cereale (Rye),Yes,862,9.22,241.9,NA,NA,0,5,32.2834,5.4,963.422,19.55772343
IAAM7071,IAAM7071_308,IAAM7071_20,Zea mays (Corn),4806.802168,19328.6009,2010,No Till,Secale cereale (Rye),Yes,862,9.22,241.9,NA,NA,0,5,28.34,5.3,963.422,19.55772343
IAAM7071,IAAM7071_416,IAAM7071_20,Zea mays (Corn),4664.909716,17393.83264,2010,No Till,Secale cereale (Rye),Yes,862,9.22,241.9,NA,NA,0,5,27.077,5.1,963.422,19.55772343
IAAM7071,IAAM7071_102,IAAM7071_21,Zea mays (Corn),4748.490866,NA,2010,No Till,None,Partial,862,9.22,225.1,NA,NA,0,5,24.2633,6.1,963.422,19.55772343
IAAM7071,IAAM7071_215,IAAM7071_21,Zea mays (Corn),5014.416627,NA,2010,No Till,None,Partial,862,9.22,225.1,NA,NA,0,5,29.9289,5.8,963.422,19.55772343
IAAM7071,IAAM7071_306,IAAM7071_21,Zea mays (Corn),5121.27968,NA,2010,No Till,None,Partial,862,9.22,225.1,NA,NA,0,5,32.9676,5.3,963.422,19.55772343
IAAM7071,IAAM7071_412,IAAM7071_21,Zea mays (Corn),4807.338737,NA,2010,No Till,None,Partial,862,9.22,225.1,NA,NA,0,5,28.66,5.7,963.422,19.55772343
IAAM7071,IAAM7071_111,IAAM7071_22,Zea mays (Corn),4234.375087,16615.14722,2010,No Till,None,Yes,862,9.22,241.9,NA,NA,0,5,27.4902,5.4,963.422,19.55772343
IAAM7071,IAAM7071_222,IAAM7071_22,Zea mays (Corn),4356.26553,17232.39814,2010,No Till,None,Yes,862,9.22,241.9,NA,NA,0,5,23.8995,5.6,963.422,19.55772343
IAAM7071,IAAM7071_303,IAAM7071_22,Zea mays (Corn),4844.828864,18446.63865,2010,No Till,None,Yes,862,9.22,241.9,NA,NA,0,5,21.1239,4.5,963.422,19.55772343
IAAM7071,IAAM7071_417,IAAM7071_22,Zea mays (Corn),4164.643296,16975.27085,2010,No Till,None,Yes,862,9.22,241.9,NA,NA,0,5,23.0167,5.6,963.422,19.55772343
IAAM7071,IAAM7071_115,IAAM7071_1,Zea mays (Corn),3934.879364,NA,2011,Conservation Till,None,No,862,9.22,225.4,NA,NA,0,5,21.9377,5.7,413.766,18.12709088
IAAM7071,IAAM7071_208,IAAM7071_1,Zea mays (Corn),3996.136241,NA,2011,Conservation Till,None,No,862,9.22,225.4,NA,NA,0,5,21.7346,5.4,413.766,18.12709088
IAAM7071,IAAM7071_322,IAAM7071_1,Zea mays (Corn),3906.96864,NA,2011,Conservation Till,None,No,862,9.22,225.4,NA,NA,0,5,29.9506,5.7,413.766,18.12709088
IAAM7071,IAAM7071_420,IAAM7071_1,Zea mays (Corn),4087.177375,NA,2011,Conservation Till,None,No,862,9.22,225.4,NA,NA,0,5,19.8216,5.6,413.766,18.12709088
IAAM7071,IAAM7071_106,IAAM7071_2,Zea mays (Corn),4070.317728,NA,2011,No Till,None,No,862,9.22,225.4,NA,NA,0,5,29.9403,4.9,413.766,18.12709088
IAAM7071,IAAM7071_219,IAAM7071_2,Zea mays (Corn),4002.249659,NA,2011,No Till,None,No,862,9.22,225.4,NA,NA,0,5,30.8438,5.2,413.766,18.12709088
IAAM7071,IAAM7071_318,IAAM7071_2,Zea mays (Corn),4127.022304,NA,2011,No Till,None,No,862,9.22,225.4,NA,NA,0,5,29.6193,5.2,413.766,18.12709088
IAAM7071,IAAM7071_422,IAAM7071_2,Zea mays (Corn),4313.42945,NA,2011,No Till,None,No,862,9.22,225.4,NA,NA,0,5,31.9911,5,413.766,18.12709088
IAAM7071,IAAM7071_110,IAAM7071_3,Zea mays (Corn),4124.03977,NA,2011,Conservation Till,None,Partial,862,9.22,225.4,NA,NA,0,5,25.7737,5.6,413.766,18.12709088
IAAM7071,IAAM7071_213,IAAM7071_3,Zea mays (Corn),4189.140031,NA,2011,Conservation Till,None,Partial,862,9.22,225.4,NA,NA,0,5,25.6679,5.6,413.766,18.12709088
IAAM7071,IAAM7071_305,IAAM7071_3,Zea mays (Corn),4311.529233,NA,2011,Conservation Till,None,Partial,862,9.22,225.4,NA,NA,0,5,24.7531,5.6,413.766,18.12709088
IAAM7071,IAAM7071_405,IAAM7071_3,Zea mays (Corn),4257.682658,NA,2011,Conservation Till,None,Partial,862,9.22,225.4,NA,NA,0,5,32.8547,5.8,413.766,18.12709088
IAAM7071,IAAM7071_116,IAAM7071_4,Zea mays (Corn),4025.962185,NA,2011,No Till,None,Partial,862,9.22,225.4,NA,NA,0,5,22.2436,4.9,413.766,18.12709088
IAAM7071,IAAM7071_206,IAAM7071_4,Zea mays (Corn),3930.066555,NA,2011,No Till,None,Partial,862,9.22,225.4,NA,NA,0,5,22.2079,4.9,413.766,18.12709088
IAAM7071,IAAM7071_304,IAAM7071_4,Zea mays (Corn),4181.266685,NA,2011,No Till,None,Partial,862,9.22,225.4,NA,NA,0,5,23.2823,4.4,413.766,18.12709088
IAAM7071,IAAM7071_414,IAAM7071_4,Zea mays (Corn),4211.706093,NA,2011,No Till,None,Partial,862,9.22,225.4,NA,NA,0,5,24.8025,6.1,413.766,18.12709088
IAAM7071,IAAM7071_119,IAAM7071_5,Zea mays (Corn),4125.044293,16755.39565,2011,Conservation Till,None,Yes,862,9.22,225.4,NA,NA,0,5,22.148,5.3,413.766,18.12709088
IAAM7071,IAAM7071_207,IAAM7071_5,Zea mays (Corn),4039.654975,14230.50272,2011,Conservation Till,None,Yes,862,9.22,225.4,NA,NA,0,5,21.0325,5.3,413.766,18.12709088
IAAM7071,IAAM7071_307,IAAM7071_5,Zea mays (Corn),4158.295456,19797.02346,2011,Conservation Till,None,Yes,862,9.22,225.4,NA,NA,0,5,27.3702,4.7,413.766,18.12709088
IAAM7071,IAAM7071_402,IAAM7071_5,Zea mays (Corn),3975.287839,15080.99013,2011,Conservation Till,None,Yes,862,9.22,225.4,NA,NA,0,5,21.906,4.9,413.766,18.12709088
IAAM7071,IAAM7071_120,IAAM7071_6,Zea mays (Corn),4167.872285,16560.74113,2011,No Till,None,Yes,862,9.22,225.4,NA,NA,0,5,24.5106,5,413.766,18.12709088
IAAM7071,IAAM7071_201,IAAM7071_6,Zea mays (Corn),4072.621889,15682.6071,2011,No Till,None,Yes,862,9.22,225.4,NA,NA,0,5,33.0067,5,413.766,18.12709088
IAAM7071,IAAM7071_321,IAAM7071_6,Zea mays (Corn),4019.202085,14595.08473,2011,No Till,None,Yes,862,9.22,225.4,NA,NA,0,5,23.3164,5.4,413.766,18.12709088
IAAM7071,IAAM7071_411,IAAM7071_6,Zea mays (Corn),4141.679229,15602.23357,2011,No Till,None,Yes,862,9.22,225.4,NA,NA,0,5,27.2202,4.5,413.766,18.12709088
IAAM7071,IAAM7071_114,IAAM7071_7,Zea mays (Corn),3924.380179,NA,2011,Conservation Till,None,No,862,9.22,252.8,NA,NA,0,5,23.4,5.5,413.766,18.12709088
IAAM7071,IAAM7071_209,IAAM7071_7,Zea mays (Corn),3901.49291,NA,2011,Conservation Till,None,No,862,9.22,252.8,NA,NA,0,5,21.68,5.7,413.766,18.12709088
IAAM7071,IAAM7071_316,IAAM7071_7,Zea mays (Corn),4077.686584,NA,2011,Conservation Till,None,No,862,9.22,252.8,NA,NA,0,5,22.8316,5.1,413.766,18.12709088
IAAM7071,IAAM7071_408,IAAM7071_7,Zea mays (Corn),3972.207147,NA,2011,Conservation Till,None,No,862,9.22,252.8,NA,NA,0,5,21.2825,5.3,413.766,18.12709088
IAAM7071,IAAM7071_122,IAAM7071_8,Zea mays (Corn),3920.972907,NA,2011,No Till,None,No,862,9.22,252.8,NA,NA,0,5,25,5,413.766,18.12709088
IAAM7071,IAAM7071_218,IAAM7071_8,Zea mays (Corn),4147.363842,NA,2011,No Till,None,No,862,9.22,252.8,NA,NA,0,5,31.5102,4.8,413.766,18.12709088
IAAM7071,IAAM7071_310,IAAM7071_8,Zea mays (Corn),4210.910745,NA,2011,No Till,None,No,862,9.22,252.8,NA,NA,0,5,28.8387,4.7,413.766,18.12709088
IAAM7071,IAAM7071_415,IAAM7071_8,Zea mays (Corn),4088.563626,NA,2011,No Till,None,No,862,9.22,252.8,NA,NA,0,5,28.678,5.9,413.766,18.12709088
IAAM7071,IAAM7071_105,IAAM7071_9,Zea mays (Corn),4074.011459,NA,2011,Conservation Till,None,Partial,862,9.22,254,NA,NA,0,5,23.5913,5.4,413.766,18.12709088
IAAM7071,IAAM7071_217,IAAM7071_9,Zea mays (Corn),4155.146813,NA,2011,Conservation Till,None,Partial,862,9.22,254,NA,NA,0,5,35.7214,5.1,413.766,18.12709088
IAAM7071,IAAM7071_309,IAAM7071_9,Zea mays (Corn),4302.048337,NA,2011,Conservation Till,None,Partial,862,9.22,254,NA,NA,0,5,25.4839,5.1,413.766,18.12709088
IAAM7071,IAAM7071_401,IAAM7071_9,Zea mays (Corn),4016.497817,NA,2011,Conservation Till,None,Partial,862,9.22,254,NA,NA,0,5,21.72,5.6,413.766,18.12709088
IAAM7071,IAAM7071_108,IAAM7071_10,Zea mays (Corn),4159.109653,NA,2011,No Till,None,Partial,862,9.22,254,NA,NA,0,5,26.19,5,413.766,18.12709088
IAAM7071,IAAM7071_221,IAAM7071_10,Zea mays (Corn),4139.790602,NA,2011,No Till,None,Partial,862,9.22,254,NA,NA,0,5,22.7876,5.3,413.766,18.12709088
IAAM7071,IAAM7071_317,IAAM7071_10,Zea mays (Corn),4186.186903,NA,2011,No Till,None,Partial,862,9.22,254,NA,NA,0,5,23.5036,5.3,413.766,18.12709088
IAAM7071,IAAM7071_410,IAAM7071_10,Zea mays (Corn),4407.075746,NA,2011,No Till,None,Partial,862,9.22,254,NA,NA,0,5,22.2,4.4,413.766,18.12709088
IAAM7071,IAAM7071_118,IAAM7071_11,Zea mays (Corn),3864.220773,14538.56115,2011,Conservation Till,None,Yes,862,9.22,253.9,NA,NA,0,5,22.43,5.3,413.766,18.12709088
IAAM7071,IAAM7071_220,IAAM7071_11,Zea mays (Corn),4084.647679,14517.26268,2011,Conservation Till,None,Yes,862,9.22,253.9,NA,NA,0,5,26.9283,5.3,413.766,18.12709088
IAAM7071,IAAM7071_313,IAAM7071_11,Zea mays (Corn),3687.294619,15181.44309,2011,Conservation Till,None,Yes,862,9.22,253.9,NA,NA,0,5,22.8258,4.9,413.766,18.12709088
IAAM7071,IAAM7071_404,IAAM7071_11,Zea mays (Corn),4033.545332,15931.56245,2011,Conservation Till,None,Yes,862,9.22,253.9,NA,NA,0,5,29.669,5.2,413.766,18.12709088
IAAM7071,IAAM7071_121,IAAM7071_12,Zea mays (Corn),4171.281057,15520.56358,2011,No Till,None,Yes,862,9.22,253.9,NA,NA,0,5,20.02,5.5,413.766,18.12709088
IAAM7071,IAAM7071_212,IAAM7071_12,Zea mays (Corn),3988.296239,15708.56881,2011,No Till,None,Yes,862,9.22,253.9,NA,NA,0,5,25.6635,5.4,413.766,18.12709088
IAAM7071,IAAM7071_314,IAAM7071_12,Zea mays (Corn),3760.044426,19004.54442,2011,No Till,None,Yes,862,9.22,253.9,NA,NA,0,5,22.5502,5.5,413.766,18.12709088
IAAM7071,IAAM7071_421,IAAM7071_12,Zea mays (Corn),4323.325503,15884.06207,2011,No Till,None,Yes,862,9.22,253.9,NA,NA,0,5,28.9061,4.9,413.766,18.12709088
IAAM7071,IAAM7071_103,IAAM7071_13,Zea mays (Corn),4049.273233,NA,2011,Conservation Till,None,No,862,9.22,225.4,NA,NA,0,5,27.1969,5.7,413.766,18.12709088
IAAM7071,IAAM7071_202,IAAM7071_13,Zea mays (Corn),4187.108911,NA,2011,Conservation Till,None,No,862,9.22,225.4,NA,NA,0,5,30.91,4.8,413.766,18.12709088
IAAM7071,IAAM7071_320,IAAM7071_13,Zea mays (Corn),4173.63753,NA,2011,Conservation Till,None,No,862,9.22,225.4,NA,NA,0,5,19.1831,6.3,413.766,18.12709088
IAAM7071,IAAM7071_419,IAAM7071_13,Zea mays (Corn),3876.466196,NA,2011,Conservation Till,None,No,862,9.22,225.4,NA,NA,0,5,20.1115,5.7,413.766,18.12709088
IAAM7071,IAAM7071_117,IAAM7071_14,Zea mays (Corn),3973.471916,NA,2011,Conservation Till,None,No,862,9.22,225.4,NA,NA,0,5,28.11,5.8,413.766,18.12709088
IAAM7071,IAAM7071_216,IAAM7071_14,Zea mays (Corn),4231.001342,NA,2011,Conservation Till,None,No,862,9.22,225.4,NA,NA,0,5,37.278,5.5,413.766,18.12709088
IAAM7071,IAAM7071_315,IAAM7071_14,Zea mays (Corn),4321.717441,NA,2011,Conservation Till,None,No,862,9.22,225.4,NA,NA,0,5,25.7671,5.5,413.766,18.12709088
IAAM7071,IAAM7071_413,IAAM7071_14,Zea mays (Corn),4159.220157,NA,2011,Conservation Till,None,No,862,9.22,225.4,NA,NA,0,5,28.1994,6.3,413.766,18.12709088
IAAM7071,IAAM7071_107,IAAM7071_15,Zea mays (Corn),4152.107942,NA,2011,Conservation Till,None,Partial,862,9.22,225.4,NA,NA,0,5,29.4897,5.2,413.766,18.12709088
IAAM7071,IAAM7071_211,IAAM7071_15,Zea mays (Corn),4023.980735,NA,2011,Conservation Till,None,Partial,862,9.22,225.4,NA,NA,0,5,26.073,6.4,413.766,18.12709088
IAAM7071,IAAM7071_301,IAAM7071_15,Zea mays (Corn),4391.213462,NA,2011,Conservation Till,None,Partial,862,9.22,225.4,NA,NA,0,5,25.8447,5.6,413.766,18.12709088
IAAM7071,IAAM7071_418,IAAM7071_15,Zea mays (Corn),4378.800557,NA,2011,Conservation Till,None,Partial,862,9.22,225.4,NA,NA,0,5,24.1422,5.4,413.766,18.12709088
IAAM7071,IAAM7071_104,IAAM7071_16,Zea mays (Corn),4029.836777,NA,2011,Conservation Till,None,Partial,862,9.22,225.4,NA,NA,0,5,27.0589,5.7,413.766,18.12709088
IAAM7071,IAAM7071_204,IAAM7071_16,Zea mays (Corn),4011.441877,NA,2011,Conservation Till,None,Partial,862,9.22,225.4,NA,NA,0,5,26.4416,5.6,413.766,18.12709088
IAAM7071,IAAM7071_319,IAAM7071_16,Zea mays (Corn),4215.105949,NA,2011,Conservation Till,None,Partial,862,9.22,225.4,NA,NA,0,5,28.6878,6.4,413.766,18.12709088
IAAM7071,IAAM7071_403,IAAM7071_16,Zea mays (Corn),4135.351052,NA,2011,Conservation Till,None,Partial,862,9.22,225.4,NA,NA,0,5,28.5219,6.1,413.766,18.12709088
IAAM7071,IAAM7071_109,IAAM7071_17,Zea mays (Corn),4281.949972,15816.53306,2011,Conservation Till,None,Yes,862,9.22,225.4,NA,NA,0,5,25.3598,5.6,413.766,18.12709088
IAAM7071,IAAM7071_210,IAAM7071_17,Zea mays (Corn),3967.013508,14676.71953,2011,Conservation Till,None,Yes,862,9.22,225.4,NA,NA,0,5,26.1211,6.5,413.766,18.12709088
IAAM7071,IAAM7071_311,IAAM7071_17,Zea mays (Corn),4259.440332,17622.32745,2011,Conservation Till,None,Yes,862,9.22,225.4,NA,NA,0,5,28.4875,6.1,413.766,18.12709088
IAAM7071,IAAM7071_407,IAAM7071_17,Zea mays (Corn),4272.752202,15180.14275,2011,Conservation Till,None,Yes,862,9.22,225.4,NA,NA,0,5,23.425,5.8,413.766,18.12709088
IAAM7071,IAAM7071_101,IAAM7071_18,Zea mays (Corn),4219.155071,16438.04723,2011,Conservation Till,None,Yes,862,9.22,225.4,NA,NA,0,5,33.7238,6.4,413.766,18.12709088
IAAM7071,IAAM7071_205,IAAM7071_18,Zea mays (Corn),4022.766161,15285.49029,2011,Conservation Till,None,Yes,862,9.22,225.4,NA,NA,0,5,22.6345,6.1,413.766,18.12709088
IAAM7071,IAAM7071_312,IAAM7071_18,Zea mays (Corn),4096.568928,16420.72008,2011,Conservation Till,None,Yes,862,9.22,225.4,NA,NA,0,5,25.44,5.3,413.766,18.12709088
IAAM7071,IAAM7071_406,IAAM7071_18,Zea mays (Corn),4188.548418,15235.62755,2011,Conservation Till,None,Yes,862,9.22,225.4,NA,NA,0,5,31.8122,6.2,413.766,18.12709088
IAAM7071,IAAM7071_112,IAAM7071_19,Zea mays (Corn),3924.613123,NA,2011,No Till,Secale cereale (Rye),Partial,862,9.22,225.4,NA,NA,0,5,26.6447,6,413.766,18.12709088
IAAM7071,IAAM7071_203,IAAM7071_19,Zea mays (Corn),3912.114348,NA,2011,No Till,Secale cereale (Rye),Partial,862,9.22,225.4,NA,NA,0,5,18.52,4.7,413.766,18.12709088
IAAM7071,IAAM7071_302,IAAM7071_19,Zea mays (Corn),4065.693398,NA,2011,No Till,Secale cereale (Rye),Partial,862,9.22,225.4,NA,NA,0,5,24.0606,4.9,413.766,18.12709088
IAAM7071,IAAM7071_409,IAAM7071_19,Zea mays (Corn),4195.087233,NA,2011,No Till,Secale cereale (Rye),Partial,862,9.22,225.4,NA,NA,0,5,21.2162,5.1,413.766,18.12709088
IAAM7071,IAAM7071_113,IAAM7071_20,Zea mays (Corn),4088.123305,14601.61978,2011,No Till,Secale cereale (Rye),Yes,862,9.22,225.4,NA,NA,0,5,26.43,5.5,413.766,18.12709088
IAAM7071,IAAM7071_214,IAAM7071_20,Zea mays (Corn),4031.214827,15804.52402,2011,No Till,Secale cereale (Rye),Yes,862,9.22,225.4,NA,NA,0,5,32.2834,5.4,413.766,18.12709088
IAAM7071,IAAM7071_308,IAAM7071_20,Zea mays (Corn),4228.829342,15256.28464,2011,No Till,Secale cereale (Rye),Yes,862,9.22,225.4,NA,NA,0,5,28.34,5.3,413.766,18.12709088
IAAM7071,IAAM7071_416,IAAM7071_20,Zea mays (Corn),4400.300384,16035.74786,2011,No Till,Secale cereale (Rye),Yes,862,9.22,225.4,NA,NA,0,5,27.077,5.1,413.766,18.12709088
IAAM7071,IAAM7071_102,IAAM7071_21,Zea mays (Corn),4239.811446,NA,2011,No Till,None,Partial,862,9.22,225.4,NA,NA,0,5,24.2633,6.1,413.766,18.12709088
IAAM7071,IAAM7071_215,IAAM7071_21,Zea mays (Corn),4215.860271,NA,2011,No Till,None,Partial,862,9.22,225.4,NA,NA,0,5,29.9289,5.8,413.766,18.12709088
IAAM7071,IAAM7071_306,IAAM7071_21,Zea mays (Corn),4255.550432,NA,2011,No Till,None,Partial,862,9.22,225.4,NA,NA,0,5,32.9676,5.3,413.766,18.12709088
IAAM7071,IAAM7071_412,IAAM7071_21,Zea mays (Corn),3977.206507,NA,2011,No Till,None,Partial,862,9.22,225.4,NA,NA,0,5,28.66,5.7,413.766,18.12709088
IAAM7071,IAAM7071_101,IAAM7071_18,Zea mays (Corn),3759.163445,15777.31331,2012,Conservation Till,None,Yes,862,9.22,218.5,NA,NA,0,5,33.7238,6.4,NA,NA
IAAM7071,IAAM7071_102,IAAM7071_21,Glycine max (Soybean),1564.0992,NA,2012,No Till,None,Partial,862,9.22,23.5,NA,NA,0,5,24.2633,6.1,NA,NA
IAAM7071,IAAM7071_103,IAAM7071_13,Zea mays (Corn),2685.390078,NA,2012,Conservation Till,None,No,862,9.22,224.1,NA,NA,0,5,27.1969,5.7,NA,NA
IAAM7071,IAAM7071_104,IAAM7071_16,Zea mays (Corn),3315.108555,NA,2012,Conservation Till,None,Partial,862,9.22,223,NA,NA,0,5,27.0589,5.7,NA,NA
IAAM7071,IAAM7071_105,IAAM7071_9,Zea mays (Corn),3385.138314,NA,2012,Conservation Till,None,Partial,862,9.22,231.5,NA,NA,0,5,23.5913,5.4,NA,NA
IAAM7071,IAAM7071_106,IAAM7071_2,Zea mays (Corn),3602.588523,NA,2012,No Till,None,No,862,9.22,207.3,NA,NA,0,5,29.9403,4.9,NA,NA
IAAM7071,IAAM7071_107,IAAM7071_15,Zea mays (Corn),3419.982395,NA,2012,Conservation Till,None,Partial,862,9.22,223,NA,NA,0,5,29.4897,5.2,NA,NA
IAAM7071,IAAM7071_108,IAAM7071_10,Zea mays (Corn),3672.493287,NA,2012,No Till,None,Partial,862,9.22,247.2,NA,NA,0,5,26.19,5,NA,NA
IAAM7071,IAAM7071_109,IAAM7071_17,Zea mays (Corn),4026.409699,13623.89762,2012,Conservation Till,None,Yes,862,9.22,218.5,NA,NA,0,5,25.3598,5.6,NA,NA
IAAM7071,IAAM7071_110,IAAM7071_3,Zea mays (Corn),3554.511267,NA,2012,Conservation Till,None,Partial,862,9.22,223,NA,NA,0,5,25.7737,5.6,NA,NA
IAAM7071,IAAM7071_111,IAAM7071_22,Zea mays (Corn),4427.583363,15138.08182,2012,No Till,None,Yes,862,9.22,196.1,NA,NA,0,5,27.4902,5.4,NA,NA
IAAM7071,IAAM7071_112,IAAM7071_19,Zea mays (Corn),3352.937114,NA,2012,No Till,Secale cereale (Rye),Partial,862,9.22,223,NA,NA,0,5,26.6447,6,NA,NA
IAAM7071,IAAM7071_113,IAAM7071_20,Zea mays (Corn),2851.656562,11886.76056,2012,No Till,Secale cereale (Rye),Yes,862,9.22,218.5,NA,NA,0,5,26.43,5.5,NA,NA
IAAM7071,IAAM7071_114,IAAM7071_7,Zea mays (Corn),2202.484363,NA,2012,Conservation Till,None,No,862,9.22,234.9,NA,NA,0,5,23.4,5.5,NA,NA
IAAM7071,IAAM7071_115,IAAM7071_1,Zea mays (Corn),2916.087885,NA,2012,Conservation Till,None,No,862,9.22,224.1,NA,NA,0,5,21.9377,5.7,NA,NA
IAAM7071,IAAM7071_116,IAAM7071_4,Zea mays (Corn),3034.98913,NA,2012,No Till,None,Partial,862,9.22,223,NA,NA,0,5,22.2436,4.9,NA,NA
IAAM7071,IAAM7071_117,IAAM7071_14,Zea mays (Corn),3118.11594,NA,2012,Conservation Till,None,No,862,9.22,224.1,NA,NA,0,5,28.11,5.8,NA,NA
IAAM7071,IAAM7071_118,IAAM7071_11,Zea mays (Corn),3216.0578,13632.60776,2012,Conservation Till,None,Yes,862,9.22,230.4,NA,NA,0,5,22.43,5.3,NA,NA
IAAM7071,IAAM7071_119,IAAM7071_5,Zea mays (Corn),3605.268544,11081.25052,2012,Conservation Till,None,Yes,862,9.22,218.5,NA,NA,0,5,22.148,5.3,NA,NA
IAAM7071,IAAM7071_120,IAAM7071_6,Zea mays (Corn),4154.738202,14503.62096,2012,No Till,None,Yes,862,9.22,218.5,NA,NA,0,5,24.5106,5,NA,NA
IAAM7071,IAAM7071_121,IAAM7071_12,Zea mays (Corn),3716.085005,13154.07815,2012,No Till,None,Yes,862,9.22,251.7,NA,NA,0,5,20.02,5.5,NA,NA
IAAM7071,IAAM7071_122,IAAM7071_8,Zea mays (Corn),2825.524955,NA,2012,No Till,None,No,862,9.22,234.9,NA,NA,0,5,25,5,NA,NA
IAAM7071,IAAM7071_201,IAAM7071_6,Zea mays (Corn),3927.05336,14240.28744,2012,No Till,None,Yes,862,9.22,218.5,NA,NA,0,5,33.0067,5,NA,NA
IAAM7071,IAAM7071_202,IAAM7071_13,Zea mays (Corn),2830.583608,NA,2012,Conservation Till,None,No,862,9.22,224.1,NA,NA,0,5,30.91,4.8,NA,NA
IAAM7071,IAAM7071_203,IAAM7071_19,Zea mays (Corn),2972.089766,NA,2012,No Till,Secale cereale (Rye),Partial,862,9.22,223,NA,NA,0,5,18.52,4.7,NA,NA
IAAM7071,IAAM7071_204,IAAM7071_16,Zea mays (Corn),2995.872463,NA,2012,Conservation Till,None,Partial,862,9.22,223,NA,NA,0,5,26.4416,5.6,NA,NA
IAAM7071,IAAM7071_205,IAAM7071_18,Zea mays (Corn),3419.093039,12452.77823,2012,Conservation Till,None,Yes,862,9.22,218.5,NA,NA,0,5,22.6345,6.1,NA,NA
IAAM7071,IAAM7071_206,IAAM7071_4,Zea mays (Corn),2952.303433,NA,2012,No Till,None,Partial,862,9.22,223,NA,NA,0,5,22.2079,4.9,NA,NA
IAAM7071,IAAM7071_207,IAAM7071_5,Zea mays (Corn),3064.34341,11540.58819,2012,Conservation Till,None,Yes,862,9.22,218.5,NA,NA,0,5,21.0325,5.3,NA,NA
IAAM7071,IAAM7071_208,IAAM7071_1,Zea mays (Corn),2812.124326,NA,2012,Conservation Till,None,No,862,9.22,224.1,NA,NA,0,5,21.7346,5.4,NA,NA
IAAM7071,IAAM7071_209,IAAM7071_7,Zea mays (Corn),2747.237347,NA,2012,Conservation Till,None,No,862,9.22,234.9,NA,NA,0,5,21.68,5.7,NA,NA
IAAM7071,IAAM7071_210,IAAM7071_17,Zea mays (Corn),3069.472182,11174.82359,2012,Conservation Till,None,Yes,862,9.22,218.5,NA,NA,0,5,26.1211,6.5,NA,NA
IAAM7071,IAAM7071_211,IAAM7071_15,Zea mays (Corn),3394.981013,NA,2012,Conservation Till,None,Partial,862,9.22,223,NA,NA,0,5,26.073,6.4,NA,NA
IAAM7071,IAAM7071_212,IAAM7071_12,Zea mays (Corn),3322.542365,12656.26109,2012,No Till,None,Yes,862,9.22,251.7,NA,NA,0,5,25.6635,5.4,NA,NA
IAAM7071,IAAM7071_213,IAAM7071_3,Zea mays (Corn),3284.798017,NA,2012,Conservation Till,None,Partial,862,9.22,223,NA,NA,0,5,25.6679,5.6,NA,NA
IAAM7071,IAAM7071_214,IAAM7071_20,Zea mays (Corn),3796.777431,14705.39154,2012,No Till,Secale cereale (Rye),Yes,862,9.22,218.5,NA,NA,0,5,32.2834,5.4,NA,NA
IAAM7071,IAAM7071_215,IAAM7071_21,Glycine max (Soybean),1484.7162,NA,2012,No Till,None,Partial,862,9.22,23.5,NA,NA,0,5,29.9289,5.8,NA,NA
IAAM7071,IAAM7071_216,IAAM7071_14,Zea mays (Corn),3680.232772,NA,2012,Conservation Till,None,No,862,9.22,224.1,NA,NA,0,5,37.278,5.5,NA,NA
IAAM7071,IAAM7071_217,IAAM7071_9,Zea mays (Corn),3766.895239,NA,2012,Conservation Till,None,Partial,862,9.22,231.5,NA,NA,0,5,35.7214,5.1,NA,NA
IAAM7071,IAAM7071_218,IAAM7071_8,Zea mays (Corn),3201.155166,NA,2012,No Till,None,No,862,9.22,234.9,NA,NA,0,5,31.5102,4.8,NA,NA
IAAM7071,IAAM7071_219,IAAM7071_2,Zea mays (Corn),3286.678048,NA,2012,No Till,None,No,862,9.22,207.3,NA,NA,0,5,30.8438,5.2,NA,NA
IAAM7071,IAAM7071_220,IAAM7071_11,Zea mays (Corn),3585.936958,13073.95807,2012,Conservation Till,None,Yes,862,9.22,230.4,NA,NA,0,5,26.9283,5.3,NA,NA
IAAM7071,IAAM7071_221,IAAM7071_10,Zea mays (Corn),3385.975563,NA,2012,No Till,None,Partial,862,9.22,247.2,NA,NA,0,5,22.7876,5.3,NA,NA
IAAM7071,IAAM7071_222,IAAM7071_22,Zea mays (Corn),3930.326348,13187.43865,2012,No Till,None,Yes,862,9.22,196.1,NA,NA,0,5,23.8995,5.6,NA,NA
IAAM7071,IAAM7071_301,IAAM7071_15,Zea mays (Corn),3605.44888,NA,2012,Conservation Till,None,Partial,862,9.22,223,NA,NA,0,5,25.8447,5.6,NA,NA
IAAM7071,IAAM7071_302,IAAM7071_19,Zea mays (Corn),3406.709655,NA,2012,No Till,Secale cereale (Rye),Partial,862,9.22,223,NA,NA,0,5,24.0606,4.9,NA,NA
IAAM7071,IAAM7071_303,IAAM7071_22,Zea mays (Corn),3923.476127,13900.61377,2012,No Till,None,Yes,862,9.22,196.1,NA,NA,0,5,21.1239,4.5,NA,NA
IAAM7071,IAAM7071_304,IAAM7071_4,Zea mays (Corn),3416.954174,NA,2012,No Till,None,Partial,862,9.22,223,NA,NA,0,5,23.2823,4.4,NA,NA
IAAM7071,IAAM7071_305,IAAM7071_3,Zea mays (Corn),3670.705874,NA,2012,Conservation Till,None,Partial,862,9.22,223,NA,NA,0,5,24.7531,5.6,NA,NA
IAAM7071,IAAM7071_306,IAAM7071_21,Glycine max (Soybean),1391.5044,NA,2012,No Till,None,Partial,862,9.22,23.5,NA,NA,0,5,32.9676,5.3,NA,NA
IAAM7071,IAAM7071_307,IAAM7071_5,Zea mays (Corn),2942.951987,10876.75276,2012,Conservation Till,None,Yes,862,9.22,218.5,NA,NA,0,5,27.3702,4.7,NA,NA
IAAM7071,IAAM7071_308,IAAM7071_20,Zea mays (Corn),2741.440867,12278.52543,2012,No Till,Secale cereale (Rye),Yes,862,9.22,218.5,NA,NA,0,5,28.34,5.3,NA,NA
IAAM7071,IAAM7071_309,IAAM7071_9,Zea mays (Corn),2662.820343,NA,2012,Conservation Till,None,Partial,862,9.22,231.5,NA,NA,0,5,25.4839,5.1,NA,NA
IAAM7071,IAAM7071_310,IAAM7071_8,Zea mays (Corn),2806.969969,NA,2012,No Till,None,No,862,9.22,234.9,NA,NA,0,5,28.8387,4.7,NA,NA
IAAM7071,IAAM7071_311,IAAM7071_17,Zea mays (Corn),1944.410572,7623.927361,2012,Conservation Till,None,Yes,862,9.22,218.5,NA,NA,0,5,28.4875,6.1,NA,NA
IAAM7071,IAAM7071_312,IAAM7071_18,Zea mays (Corn),3900.203216,14398.02399,2012,Conservation Till,None,Yes,862,9.22,218.5,NA,NA,0,5,25.44,5.3,NA,NA
IAAM7071,IAAM7071_313,IAAM7071_11,Zea mays (Corn),3149.512234,11715.08066,2012,Conservation Till,None,Yes,862,9.22,230.4,NA,NA,0,5,22.8258,4.9,NA,NA
IAAM7071,IAAM7071_314,IAAM7071_12,Zea mays (Corn),3097.900335,12933.3824,2012,No Till,None,Yes,862,9.22,251.7,NA,NA,0,5,22.5502,5.5,NA,NA
IAAM7071,IAAM7071_315,IAAM7071_14,Zea mays (Corn),3263.859282,NA,2012,Conservation Till,None,No,862,9.22,224.1,NA,NA,0,5,25.7671,5.5,NA,NA
IAAM7071,IAAM7071_316,IAAM7071_7,Zea mays (Corn),2703.440323,NA,2012,Conservation Till,None,No,862,9.22,234.9,NA,NA,0,5,22.8316,5.1,NA,NA
IAAM7071,IAAM7071_317,IAAM7071_10,Zea mays (Corn),2952.923831,NA,2012,No Till,None,Partial,862,9.22,247.2,NA,NA,0,5,23.5036,5.3,NA,NA
IAAM7071,IAAM7071_318,IAAM7071_2,Zea mays (Corn),2530.602829,NA,2012,No Till,None,No,862,9.22,207.3,NA,NA,0,5,29.6193,5.2,NA,NA
IAAM7071,IAAM7071_319,IAAM7071_16,Zea mays (Corn),3149.370521,NA,2012,Conservation Till,None,Partial,862,9.22,223,NA,NA,0,5,28.6878,6.4,NA,NA
IAAM7071,IAAM7071_320,IAAM7071_13,Zea mays (Corn),2661.646707,NA,2012,Conservation Till,None,No,862,9.22,224.1,NA,NA,0,5,19.1831,6.3,NA,NA
IAAM7071,IAAM7071_321,IAAM7071_6,Zea mays (Corn),3002.640685,11579.76903,2012,No Till,None,Yes,862,9.22,218.5,NA,NA,0,5,23.3164,5.4,NA,NA
IAAM7071,IAAM7071_322,IAAM7071_1,Zea mays (Corn),1248.212613,NA,2012,Conservation Till,None,No,862,9.22,224.1,NA,NA,0,5,29.9506,5.7,NA,NA
IAAM7071,IAAM7071_401,IAAM7071_9,Zea mays (Corn),3292.17867,NA,2012,Conservation Till,None,Partial,862,9.22,231.5,NA,NA,0,5,21.72,5.6,NA,NA
IAAM7071,IAAM7071_402,IAAM7071_5,Zea mays (Corn),3619.363943,12760.28967,2012,Conservation Till,None,Yes,862,9.22,218.5,NA,NA,0,5,21.906,4.9,NA,NA
IAAM7071,IAAM7071_403,IAAM7071_16,Zea mays (Corn),4158.569628,NA,2012,Conservation Till,None,Partial,862,9.22,223,NA,NA,0,5,28.5219,6.1,NA,NA
IAAM7071,IAAM7071_404,IAAM7071_11,Zea mays (Corn),3748.199416,13939.08775,2012,Conservation Till,None,Yes,862,9.22,230.4,NA,NA,0,5,29.669,5.2,NA,NA
IAAM7071,IAAM7071_405,IAAM7071_3,Zea mays (Corn),4040.894501,NA,2012,Conservation Till,None,Partial,862,9.22,223,NA,NA,0,5,32.8547,5.8,NA,NA
IAAM7071,IAAM7071_406,IAAM7071_18,Zea mays (Corn),3790.624892,13971.24778,2012,Conservation Till,None,Yes,862,9.22,218.5,NA,NA,0,5,31.8122,6.2,NA,NA
IAAM7071,IAAM7071_407,IAAM7071_17,Zea mays (Corn),3936.330949,14373.95801,2012,Conservation Till,None,Yes,862,9.22,218.5,NA,NA,0,5,23.425,5.8,NA,NA
IAAM7071,IAAM7071_408,IAAM7071_7,Zea mays (Corn),3416.183221,NA,2012,Conservation Till,None,No,862,9.22,234.9,NA,NA,0,5,21.2825,5.3,NA,NA
IAAM7071,IAAM7071_409,IAAM7071_19,Zea mays (Corn),3696.244719,NA,2012,No Till,Secale cereale (Rye),Partial,862,9.22,223,NA,NA,0,5,21.2162,5.1,NA,NA
IAAM7071,IAAM7071_410,IAAM7071_10,Zea mays (Corn),3683.991221,NA,2012,No Till,None,Partial,862,9.22,247.2,NA,NA,0,5,22.2,4.4,NA,NA
IAAM7071,IAAM7071_411,IAAM7071_6,Zea mays (Corn),2429.039855,9242.448432,2012,No Till,None,Yes,862,9.22,218.5,NA,NA,0,5,27.2202,4.5,NA,NA
IAAM7071,IAAM7071_412,IAAM7071_21,Glycine max (Soybean),1218.5448,NA,2012,No Till,None,Partial,862,9.22,23.5,NA,NA,0,5,28.66,5.7,NA,NA
IAAM7071,IAAM7071_413,IAAM7071_14,Zea mays (Corn),3330.33186,NA,2012,Conservation Till,None,No,862,9.22,224.1,NA,NA,0,5,28.1994,6.3,NA,NA
IAAM7071,IAAM7071_414,IAAM7071_4,Zea mays (Corn),3724.900995,NA,2012,No Till,None,Partial,862,9.22,223,NA,NA,0,5,24.8025,6.1,NA,NA
IAAM7071,IAAM7071_415,IAAM7071_8,Zea mays (Corn),3401.179652,NA,2012,No Till,None,No,862,9.22,234.9,NA,NA,0,5,28.678,5.9,NA,NA
IAAM7071,IAAM7071_416,IAAM7071_20,Zea mays (Corn),3845.38149,14541.16564,2012,No Till,Secale cereale (Rye),Yes,862,9.22,218.5,NA,NA,0,5,27.077,5.1,NA,NA
IAAM7071,IAAM7071_417,IAAM7071_22,Zea mays (Corn),4133.14227,14294.91307,2012,No Till,None,Yes,862,9.22,196.1,NA,NA,0,5,23.0167,5.6,NA,NA
IAAM7071,IAAM7071_418,IAAM7071_15,Zea mays (Corn),3225.569889,NA,2012,Conservation Till,None,Partial,862,9.22,223,NA,NA,0,5,24.1422,5.4,NA,NA
IAAM7071,IAAM7071_419,IAAM7071_13,Zea mays (Corn),3071.872288,NA,2012,Conservation Till,None,No,862,9.22,224.1,NA,NA,0,5,20.1115,5.7,NA,NA
IAAM7071,IAAM7071_420,IAAM7071_1,Zea mays (Corn),3064.058579,NA,2012,Conservation Till,None,No,862,9.22,224.1,NA,NA,0,5,19.8216,5.6,NA,NA
IAAM7071,IAAM7071_421,IAAM7071_12,Zea mays (Corn),3604.871725,13910.32443,2012,No Till,None,Yes,862,9.22,251.7,NA,NA,0,5,28.9061,4.9,NA,NA
IAAM7071,IAAM7071_422,IAAM7071_2,Zea mays (Corn),2751.318838,NA,2012,No Till,None,No,862,9.22,207.3,NA,NA,0,5,31.9911,5,NA,NA
IAAMBRUN,IAAMBRUN_101,IAAMBRUN_4,Zea mays (Corn),3082.7,NA,2008,Conventional Till,None,No,862,9.22,223.07,NA,NA,0,15,38.5,7.8,868.172,18.61929348
IAAMBRUN,IAAMBRUN_102,IAAMBRUN_1,Zea mays (Corn),2733.9,NA,2008,Conventional Till,None,Yes,862,9.22,223.07,NA,NA,0,15,41,7.9,868.172,18.61929348
IAAMBRUN,IAAMBRUN_103,IAAMBRUN_3,Zea mays (Corn),2668.2,NA,2008,Conventional Till,None,Partial,862,9.22,223.07,NA,NA,0,15,43.6,7.9,868.172,18.61929348
IAAMBRUN,IAAMBRUN_104,IAAMBRUN_2,Zea mays (Corn),3063.7,NA,2008,Conventional Till,None,Partial,862,9.22,223.07,NA,NA,0,15,44.4,7.9,868.172,18.61929348
IAAMBRUN,IAAMBRUN_202,IAAMBRUN_2,Zea mays (Corn),2861,NA,2008,Conventional Till,None,Partial,862,9.22,223.07,NA,NA,0,15,39.8,7.9,868.172,18.61929348
IAAMBRUN,IAAMBRUN_203,IAAMBRUN_1,Zea mays (Corn),2954.8,NA,2008,Conventional Till,None,Yes,862,9.22,223.07,NA,NA,0,15,35.9,7.9,868.172,18.61929348
IAAMBRUN,IAAMBRUN_204,IAAMBRUN_4,Zea mays (Corn),2723.9,NA,2008,Conventional Till,None,No,862,9.22,223.07,NA,NA,0,15,38.7,7.9,868.172,18.61929348
IAAMBRUN,IAAMBRUN_301,IAAMBRUN_4,Zea mays (Corn),2950,NA,2008,Conventional Till,None,No,862,9.22,223.07,NA,NA,0,15,38.3,7.9,868.172,18.61929348
IAAMBRUN,IAAMBRUN_302,IAAMBRUN_1,Zea mays (Corn),2938,NA,2008,Conventional Till,None,Yes,862,9.22,223.07,NA,NA,0,15,38.2,7.8,868.172,18.61929348
IAAMBRUN,IAAMBRUN_303,IAAMBRUN_2,Zea mays (Corn),3069.7,NA,2008,Conventional Till,None,Partial,862,9.22,223.07,NA,NA,0,15,38.5,7.7,868.172,18.61929348
IAAMBRUN,IAAMBRUN_304,IAAMBRUN_3,Zea mays (Corn),3320.2,NA,2008,Conventional Till,None,Partial,862,9.22,223.07,NA,NA,0,15,35.1,7.5,868.172,18.61929348
IAAMBRUN,IAAMBRUN_101,IAAMBRUN_4,Zea mays (Corn),3489.3,20900.31,2009,Conventional Till,None,No,862,9.22,177.12,NA,NA,0,15,38.5,7.8,588.518,17.23060109
IAAMBRUN,IAAMBRUN_102,IAAMBRUN_1,Zea mays (Corn),3400.3,12974.34,2009,Conventional Till,None,Yes,862,9.22,177.12,NA,NA,0,15,41,7.9,588.518,17.23060109
IAAMBRUN,IAAMBRUN_103,IAAMBRUN_3,Zea mays (Corn),3405.2,13400.03,2009,Conventional Till,None,Partial,862,9.22,177.12,NA,NA,0,15,43.6,7.9,588.518,17.23060109
IAAMBRUN,IAAMBRUN_104,IAAMBRUN_2,Zea mays (Corn),3550,14020.36,2009,Conventional Till,None,Partial,862,9.22,177.12,NA,NA,0,15,44.4,7.9,588.518,17.23060109
IAAMBRUN,IAAMBRUN_201,IAAMBRUN_3,Zea mays (Corn),3072.6,16685.65,2009,Conventional Till,None,Partial,862,9.22,177.12,NA,NA,0,15,38.7,7.9,588.518,17.23060109
IAAMBRUN,IAAMBRUN_202,IAAMBRUN_2,Zea mays (Corn),3225.9,12777.27,2009,Conventional Till,None,Partial,862,9.22,177.12,NA,NA,0,15,39.8,7.9,588.518,17.23060109
IAAMBRUN,IAAMBRUN_203,IAAMBRUN_1,Zea mays (Corn),3570.9,17188.89,2009,Conventional Till,None,Yes,862,9.22,177.12,NA,NA,0,15,35.9,7.9,588.518,17.23060109
IAAMBRUN,IAAMBRUN_204,IAAMBRUN_4,Zea mays (Corn),3469.2,15133.88,2009,Conventional Till,None,No,862,9.22,177.12,NA,NA,0,15,38.7,7.9,588.518,17.23060109
IAAMBRUN,IAAMBRUN_301,IAAMBRUN_4,Zea mays (Corn),3322.9,15121.29,2009,Conventional Till,None,No,862,9.22,177.12,NA,NA,0,15,38.3,7.9,588.518,17.23060109
IAAMBRUN,IAAMBRUN_302,IAAMBRUN_1,Zea mays (Corn),3456.4,18056.35,2009,Conventional Till,None,Yes,862,9.22,177.12,NA,NA,0,15,38.2,7.8,588.518,17.23060109
IAAMBRUN,IAAMBRUN_303,IAAMBRUN_2,Zea mays (Corn),3559.6,17614.48,2009,Conventional Till,None,Partial,862,9.22,177.12,NA,NA,0,15,38.5,7.7,588.518,17.23060109
IAAMBRUN,IAAMBRUN_304,IAAMBRUN_3,Zea mays (Corn),3638.6,18794.13,2009,Conventional Till,None,Partial,862,9.22,177.12,NA,NA,0,15,35.1,7.5,588.518,17.23060109
IAAMBRUN,IAAMBRUN_101,IAAMBRUN_4,Zea mays (Corn),3249.01,15433.02,2010,Conventional Till,None,No,862,9.22,186.07,NA,NA,0,15,38.5,7.8,936.752,19.39726776
IAAMBRUN,IAAMBRUN_102,IAAMBRUN_1,Zea mays (Corn),2427.78,11765.36,2010,Conventional Till,None,Yes,862,9.22,186.07,NA,NA,0,15,41,7.9,936.752,19.39726776
IAAMBRUN,IAAMBRUN_103,IAAMBRUN_3,Zea mays (Corn),3316.25,11080.81,2010,Conventional Till,None,Partial,862,9.22,186.07,NA,NA,0,15,43.6,7.9,936.752,19.39726776
IAAMBRUN,IAAMBRUN_104,IAAMBRUN_2,Zea mays (Corn),3049.06,11771.21,2010,Conventional Till,None,Partial,862,9.22,186.07,NA,NA,0,15,44.4,7.9,936.752,19.39726776
IAAMBRUN,IAAMBRUN_201,IAAMBRUN_3,Zea mays (Corn),2982.81,10094.26,2010,Conventional Till,None,Partial,862,9.22,186.07,NA,NA,0,15,38.7,7.9,936.752,19.39726776
IAAMBRUN,IAAMBRUN_202,IAAMBRUN_2,Zea mays (Corn),2859.45,10395.28,2010,Conventional Till,None,Partial,862,9.22,186.07,NA,NA,0,15,39.8,7.9,936.752,19.39726776
IAAMBRUN,IAAMBRUN_203,IAAMBRUN_1,Zea mays (Corn),3237.89,11880.64,2010,Conventional Till,None,Yes,862,9.22,186.07,NA,NA,0,15,35.9,7.9,936.752,19.39726776
IAAMBRUN,IAAMBRUN_204,IAAMBRUN_4,Zea mays (Corn),2971.09,10780.96,2010,Conventional Till,None,No,862,9.22,186.07,NA,NA,0,15,38.7,7.9,936.752,19.39726776
IAAMBRUN,IAAMBRUN_301,IAAMBRUN_4,Zea mays (Corn),2985.04,9383.5,2010,Conventional Till,None,No,862,9.22,186.07,NA,NA,0,15,38.3,7.9,936.752,19.39726776
IAAMBRUN,IAAMBRUN_302,IAAMBRUN_1,Zea mays (Corn),3162.58,10778.61,2010,Conventional Till,None,Yes,862,9.22,186.07,NA,NA,0,15,38.2,7.8,936.752,19.39726776
IAAMBRUN,IAAMBRUN_303,IAAMBRUN_2,Zea mays (Corn),2688.43,11689.37,2010,Conventional Till,None,Partial,862,9.22,186.07,NA,NA,0,15,38.5,7.7,936.752,19.39726776
IAAMBRUN,IAAMBRUN_304,IAAMBRUN_3,Zea mays (Corn),3192.62,11528.83,2010,Conventional Till,None,Partial,862,9.22,186.07,NA,NA,0,15,35.1,7.5,936.752,19.39726776
IAAMBRUN,IAAMBRUN_101,IAAMBRUN_4,Zea mays (Corn),4011.3,13812.9,2011,Conventional Till,None,No,862,9.22,245.3,NA,NA,0,15,38.5,7.8,520.7,18.39755435
IAAMBRUN,IAAMBRUN_102,IAAMBRUN_1,Zea mays (Corn),4011.5,12728.6,2011,Conventional Till,None,Yes,862,9.22,245.3,NA,NA,0,15,41,7.9,520.7,18.39755435
IAAMBRUN,IAAMBRUN_103,IAAMBRUN_3,Zea mays (Corn),4085.2,13401.9,2011,Conventional Till,None,Partial,862,9.22,245.3,NA,NA,0,15,43.6,7.9,520.7,18.39755435
IAAMBRUN,IAAMBRUN_104,IAAMBRUN_2,Zea mays (Corn),4132.3,14059.2,2011,Conventional Till,None,Partial,862,9.22,245.3,NA,NA,0,15,44.4,7.9,520.7,18.39755435
IAAMBRUN,IAAMBRUN_201,IAAMBRUN_3,Zea mays (Corn),4105.2,12111,2011,Conventional Till,None,Partial,862,9.22,245.3,NA,NA,0,15,38.7,7.9,520.7,18.39755435
IAAMBRUN,IAAMBRUN_202,IAAMBRUN_2,Zea mays (Corn),3885.2,12390.6,2011,Conventional Till,None,Partial,862,9.22,245.3,NA,NA,0,15,39.8,7.9,520.7,18.39755435
IAAMBRUN,IAAMBRUN_203,IAAMBRUN_1,Zea mays (Corn),3886.1,11352.4,2011,Conventional Till,None,Yes,862,9.22,245.3,NA,NA,0,15,35.9,7.9,520.7,18.39755435
IAAMBRUN,IAAMBRUN_204,IAAMBRUN_4,Zea mays (Corn),3753.8,11003.2,2011,Conventional Till,None,No,862,9.22,245.3,NA,NA,0,15,38.7,7.9,520.7,18.39755435
IAAMBRUN,IAAMBRUN_301,IAAMBRUN_4,Zea mays (Corn),3865.2,12929.3,2011,Conventional Till,None,No,862,9.22,245.3,NA,NA,0,15,38.3,7.9,520.7,18.39755435
IAAMBRUN,IAAMBRUN_302,IAAMBRUN_1,Zea mays (Corn),3755.6,11938.8,2011,Conventional Till,None,Yes,862,9.22,245.3,NA,NA,0,15,38.2,7.8,520.7,18.39755435
IAAMBRUN,IAAMBRUN_303,IAAMBRUN_2,Zea mays (Corn),3996.2,12792,2011,Conventional Till,None,Partial,862,9.22,245.3,NA,NA,0,15,38.5,7.7,520.7,18.39755435
IAAMBRUN,IAAMBRUN_304,IAAMBRUN_3,Zea mays (Corn),3857.7,13754.2,2011,Conventional Till,None,Partial,862,9.22,245.3,NA,NA,0,15,35.1,7.5,520.7,18.39755435
IAAMBRUN,IAAMBRUN_101,IAAMBRUN_4,Zea mays (Corn),3040.4,13835.88,2012,Conventional Till,None,No,862,9.22,228.68,NA,NA,0,15,38.5,7.8,385.572,NA
IAAMBRUN,IAAMBRUN_102,IAAMBRUN_1,Zea mays (Corn),3267.1,11934.28,2012,Conventional Till,None,Yes,862,9.22,228.68,NA,NA,0,15,41,7.9,385.572,NA
IAAMBRUN,IAAMBRUN_103,IAAMBRUN_3,Zea mays (Corn),3343.4,17315.29,2012,Conventional Till,None,Partial,862,9.22,228.68,NA,NA,0,15,43.6,7.9,385.572,NA
IAAMBRUN,IAAMBRUN_104,IAAMBRUN_2,Zea mays (Corn),2987.1,16438.46,2012,Conventional Till,None,Partial,862,9.22,228.68,NA,NA,0,15,44.4,7.9,385.572,NA
IAAMBRUN,IAAMBRUN_201,IAAMBRUN_3,Zea mays (Corn),3405.5,13539.22,2012,Conventional Till,None,Partial,862,9.22,228.68,NA,NA,0,15,38.7,7.9,385.572,NA
IAAMBRUN,IAAMBRUN_202,IAAMBRUN_2,Zea mays (Corn),3418.4,15873.9,2012,Conventional Till,None,Partial,862,9.22,228.68,NA,NA,0,15,39.8,7.9,385.572,NA
IAAMBRUN,IAAMBRUN_203,IAAMBRUN_1,Zea mays (Corn),3346.5,18069.92,2012,Conventional Till,None,Yes,862,9.22,228.68,NA,NA,0,15,35.9,7.9,385.572,NA
IAAMBRUN,IAAMBRUN_204,IAAMBRUN_4,Zea mays (Corn),2928.7,15544.66,2012,Conventional Till,None,No,862,9.22,228.68,NA,NA,0,15,38.7,7.9,385.572,NA
IAAMBRUN,IAAMBRUN_301,IAAMBRUN_4,Zea mays (Corn),2935,18542.63,2012,Conventional Till,None,No,862,9.22,228.68,NA,NA,0,15,38.3,7.9,385.572,NA
IAAMBRUN,IAAMBRUN_302,IAAMBRUN_1,Zea mays (Corn),3007.3,12520.97,2012,Conventional Till,None,Yes,862,9.22,228.68,NA,NA,0,15,38.2,7.8,385.572,NA
IAAMBRUN,IAAMBRUN_303,IAAMBRUN_2,Zea mays (Corn),2987.6,14506.36,2012,Conventional Till,None,Partial,862,9.22,228.68,NA,NA,0,15,38.5,7.7,385.572,NA
IAAMBRUN,IAAMBRUN_304,IAAMBRUN_3,Zea mays (Corn),3391.7,22523.7,2012,Conventional Till,None,Partial,862,9.22,228.68,NA,NA,0,15,35.1,7.5,385.572,NA
IDKM,IDKM_106,IDKM_DMS,Hordeum vulgare (Barley),1961.492453,NA,2014,Conventional Till,None,Partial,284,8.7,1041,NA,NA,0,15,NA,7.86,49.28,17.80225556
IDKM,IDKM_203,IDKM_DMS,Hordeum vulgare (Barley),1742.378971,NA,2014,Conventional Till,None,Partial,284,8.7,1064,NA,NA,0,15,NA,7.96,49.28,17.80225556
IDKM,IDKM_302,IDKM_DMS,Hordeum vulgare (Barley),2304.130332,NA,2014,Conventional Till,None,Partial,284,8.7,867,NA,NA,0,15,NA,7.86,49.28,17.80225556
IDKM,IDKM_404,IDKM_DMS,Hordeum vulgare (Barley),2243.177346,NA,2014,Conventional Till,None,Partial,284,8.7,775,NA,NA,0,15,NA,7.84,49.28,17.80225556
IDKM,IDKM_104,IDKM_SUPU,Hordeum vulgare (Barley),1694.237533,NA,2014,Conventional Till,None,Partial,284,8.7,60,NA,NA,0,15,NA,7.88,49.28,17.80225556
IDKM,IDKM_201,IDKM_SUPU,Hordeum vulgare (Barley),1685.76376,NA,2014,Conventional Till,None,Partial,284,8.7,60,NA,NA,0,15,NA,7.73,49.28,17.80225556
IDKM,IDKM_305,IDKM_SUPU,Hordeum vulgare (Barley),2198.623051,NA,2014,Conventional Till,None,Partial,284,8.7,60,NA,NA,0,15,NA,7.85,49.28,17.80225556
IDKM,IDKM_402,IDKM_SUPU,Hordeum vulgare (Barley),2037.345292,NA,2014,Conventional Till,None,Partial,284,8.7,60,NA,NA,0,15,NA,7.8,49.28,17.80225556
IDKM,IDKM_103,IDKM_UREA,Hordeum vulgare (Barley),1974.996369,NA,2014,Conventional Till,None,Partial,284,8.7,60,NA,NA,0,15,NA,7.94,49.28,17.80225556
IDKM,IDKM_204,IDKM_UREA,Hordeum vulgare (Barley),1546.335131,NA,2014,Conventional Till,None,Partial,284,8.7,60,NA,NA,0,15,NA,7.91,49.28,17.80225556
IDKM,IDKM_303,IDKM_UREA,Hordeum vulgare (Barley),2002.004534,NA,2014,Conventional Till,None,Partial,284,8.7,60,NA,NA,0,15,NA,7.82,49.28,17.80225556
IDKM,IDKM_406,IDKM_UREA,Hordeum vulgare (Barley),2069.817182,NA,2014,Conventional Till,None,Partial,284,8.7,60,NA,NA,0,15,NA,7.87,49.28,17.80225556
NELITCSE,NELITCSE_103,NELITCSE_RTSBC,Zea mays (Corn),1924.18,9931.5,1997,Conservation Till,None,No,765,10.5,112,NA,NA,0,15,NA,NA,0,15.20502793
NELITCSE,NELITCSE_104,NELITCSE_RTCC,Zea mays (Corn),1903.72,7664.14,1997,Conservation Till,None,No,765,10.5,112,NA,NA,0,15,NA,NA,0,15.20502793
NELITCSE,NELITCSE_107,NELITCSE_CHSBC,Zea mays (Corn),2365.34,10846.58,1997,Conservation Till,None,No,765,10.5,112,NA,NA,0,15,NA,NA,0,15.20502793
NELITCSE,NELITCSE_108,NELITCSE_CHCC,Zea mays (Corn),2124.1,8717.2,1997,Conservation Till,None,No,765,10.5,112,NA,NA,0,15,NA,NA,0,15.20502793
NELITCSE,NELITCSE_110,NELITCSE_SSCC,Zea mays (Corn),2152.26,9884.43,1997,Sub Till,None,No,765,10.5,112,NA,NA,0,15,NA,NA,0,15.20502793
NELITCSE,NELITCSE_111,NELITCSE_SSSBC,Zea mays (Corn),2767.25,12994.97,1997,Sub Till,None,No,765,10.5,112,NA,NA,0,15,NA,NA,0,15.20502793
NELITCSE,NELITCSE_114,NELITCSE_DKSBC,Zea mays (Corn),3505.07,14348.81,1997,Conventional Till,None,No,765,10.5,112,NA,NA,0,15,NA,NA,0,15.20502793
NELITCSE,NELITCSE_116,NELITCSE_DKCC,Zea mays (Corn),2411.58,11073.14,1997,Conventional Till,None,No,765,10.5,112,NA,NA,0,15,NA,NA,0,15.20502793
NELITCSE,NELITCSE_117,NELITCSE_NTCC,Zea mays (Corn),1607.27,8353.34,1997,No Till,None,No,765,10.5,112,NA,NA,0,15,NA,NA,0,15.20502793
NELITCSE,NELITCSE_118,NELITCSE_NTSBC,Zea mays (Corn),2852.28,12708.8,1997,No Till,None,No,765,10.5,112,NA,NA,0,15,NA,NA,0,15.20502793
NELITCSE,NELITCSE_122,NELITCSE_MPSBC,Zea mays (Corn),3139.37,13608.99,1997,Conventional Till,None,No,765,10.5,112,NA,NA,0,15,NA,NA,0,15.20502793
NELITCSE,NELITCSE_124,NELITCSE_MPCC,Zea mays (Corn),2692.81,11794.48,1997,Conventional Till,None,No,765,10.5,112,NA,NA,0,15,NA,NA,0,15.20502793
NELITCSE,NELITCSE_201,NELITCSE_SSCC,Zea mays (Corn),1244.88,5866.09,1997,Sub Till,None,No,765,10.5,112,NA,NA,0,15,NA,NA,0,15.20502793
NELITCSE,NELITCSE_203,NELITCSE_SSSBC,Zea mays (Corn),2433.75,11526.64,1997,Sub Till,None,No,765,10.5,112,NA,NA,0,15,NA,NA,0,15.20502793
NELITCSE,NELITCSE_205,NELITCSE_DKCC,Zea mays (Corn),2480.21,11067.77,1997,Conventional Till,None,No,765,10.5,112,NA,NA,0,15,NA,NA,0,15.20502793
NELITCSE,NELITCSE_208,NELITCSE_DKSBC,Zea mays (Corn),2743.35,11371.94,1997,Conventional Till,None,No,765,10.5,112,NA,NA,0,15,NA,NA,0,15.20502793
NELITCSE,NELITCSE_209,NELITCSE_CHSBC,Zea mays (Corn),2791.05,11469.38,1997,Conservation Till,None,No,765,10.5,112,NA,NA,0,15,NA,NA,0,15.20502793
NELITCSE,NELITCSE_211,NELITCSE_CHCC,Zea mays (Corn),2792.31,11402.98,1997,Conservation Till,None,No,765,10.5,112,NA,NA,0,15,NA,NA,0,15.20502793
NELITCSE,NELITCSE_213,NELITCSE_RTCC,Zea mays (Corn),3227.57,13508.87,1997,Conservation Till,None,No,765,10.5,112,NA,NA,0,15,NA,NA,0,15.20502793
NELITCSE,NELITCSE_214,NELITCSE_RTSBC,Zea mays (Corn),2682.43,11168.62,1997,Conservation Till,None,No,765,10.5,112,NA,NA,0,15,NA,NA,0,15.20502793
NELITCSE,NELITCSE_217,NELITCSE_NTSBC,Zea mays (Corn),2779.01,12584.52,1997,No Till,None,No,765,10.5,112,NA,NA,0,15,NA,NA,0,15.20502793
NELITCSE,NELITCSE_218,NELITCSE_NTCC,Zea mays (Corn),2042.82,11399.44,1997,No Till,None,No,765,10.5,112,NA,NA,0,15,NA,NA,0,15.20502793
NELITCSE,NELITCSE_223,NELITCSE_MPSBC,Zea mays (Corn),3758.38,15932.38,1997,Conventional Till,None,No,765,10.5,112,NA,NA,0,15,NA,NA,0,15.20502793
NELITCSE,NELITCSE_224,NELITCSE_MPCC,Zea mays (Corn),3258.26,12760.09,1997,Conventional Till,None,No,765,10.5,112,NA,NA,0,15,NA,NA,0,15.20502793
NELITCSE,NELITCSE_302,NELITCSE_RTSBC,Zea mays (Corn),3034.82,12270.11,1997,Conservation Till,None,No,765,10.5,112,NA,NA,0,15,NA,NA,0,15.20502793
NELITCSE,NELITCSE_304,NELITCSE_RTCC,Zea mays (Corn),2468.24,10698.65,1997,Conservation Till,None,No,765,10.5,112,NA,NA,0,15,NA,NA,0,15.20502793
NELITCSE,NELITCSE_306,NELITCSE_CHSBC,Zea mays (Corn),3312.18,13746.79,1997,Conservation Till,None,No,765,10.5,112,NA,NA,0,15,NA,NA,0,15.20502793
NELITCSE,NELITCSE_307,NELITCSE_CHCC,Zea mays (Corn),2979.6,12251.6,1997,Conservation Till,None,No,765,10.5,112,NA,NA,0,15,NA,NA,0,15.20502793
NELITCSE,NELITCSE_310,NELITCSE_MPSBC,Zea mays (Corn),3399.32,15086.67,1997,Conventional Till,None,No,765,10.5,112,NA,NA,0,15,NA,NA,0,15.20502793
NELITCSE,NELITCSE_312,NELITCSE_MPCC,Zea mays (Corn),2818.58,12187.24,1997,Conventional Till,None,No,765,10.5,112,NA,NA,0,15,NA,NA,0,15.20502793
NELITCSE,NELITCSE_313,NELITCSE_NTSBC,Zea mays (Corn),2235.78,10093.29,1997,No Till,None,No,765,10.5,112,NA,NA,0,15,NA,NA,0,15.20502793
NELITCSE,NELITCSE_314,NELITCSE_NTCC,Zea mays (Corn),2041.4,10573.52,1997,No Till,None,No,765,10.5,112,NA,NA,0,15,NA,NA,0,15.20502793
NELITCSE,NELITCSE_318,NELITCSE_DKCC,Zea mays (Corn),1934.68,8581.41,1997,Conventional Till,None,No,765,10.5,112,NA,NA,0,15,NA,NA,0,15.20502793
NELITCSE,NELITCSE_319,NELITCSE_DKSBC,Zea mays (Corn),2589.8,12374.23,1997,Conventional Till,None,No,765,10.5,112,NA,NA,0,15,NA,NA,0,15.20502793
NELITCSE,NELITCSE_321,NELITCSE_SSCC,Zea mays (Corn),1498.84,7005.07,1997,Sub Till,None,No,765,10.5,112,NA,NA,0,15,NA,NA,0,15.20502793
NELITCSE,NELITCSE_322,NELITCSE_SSSBC,Zea mays (Corn),2920.1,12143.83,1997,Sub Till,None,No,765,10.5,112,NA,NA,0,15,NA,NA,0,15.20502793
NELITCSE,NELITCSE_401,NELITCSE_SSSBC,Zea mays (Corn),2158.98,9818.34,1997,Sub Till,None,No,765,10.5,112,NA,NA,0,15,NA,NA,0,15.20502793
NELITCSE,NELITCSE_404,NELITCSE_SSCC,Zea mays (Corn),1494.66,8196.04,1997,Sub Till,None,No,765,10.5,112,NA,NA,0,15,NA,NA,0,15.20502793
NELITCSE,NELITCSE_406,NELITCSE_DKSBC,Zea mays (Corn),2126.41,9563.82,1997,Conventional Till,None,No,765,10.5,112,NA,NA,0,15,NA,NA,0,15.20502793
NELITCSE,NELITCSE_407,NELITCSE_DKCC,Zea mays (Corn),2674,11723.72,1997,Conventional Till,None,No,765,10.5,112,NA,NA,0,15,NA,NA,0,15.20502793
NELITCSE,NELITCSE_409,NELITCSE_NTCC,Zea mays (Corn),2182.86,9970.37,1997,No Till,None,No,765,10.5,112,NA,NA,0,15,NA,NA,0,15.20502793
NELITCSE,NELITCSE_412,NELITCSE_NTSBC,Zea mays (Corn),2505.17,10782.45,1997,No Till,None,No,765,10.5,112,NA,NA,0,15,NA,NA,0,15.20502793
NELITCSE,NELITCSE_414,NELITCSE_CHSBC,Zea mays (Corn),2754.63,11397.58,1997,Conservation Till,None,No,765,10.5,112,NA,NA,0,15,NA,NA,0,15.20502793
NELITCSE,NELITCSE_416,NELITCSE_CHCC,Zea mays (Corn),2131.41,9580.9,1997,Conservation Till,None,No,765,10.5,112,NA,NA,0,15,NA,NA,0,15.20502793
NELITCSE,NELITCSE_417,NELITCSE_RTSBC,Zea mays (Corn),2298.04,10467.37,1997,Conservation Till,None,No,765,10.5,112,NA,NA,0,15,NA,NA,0,15.20502793
NELITCSE,NELITCSE_420,NELITCSE_RTCC,Zea mays (Corn),2957.98,12394.8,1997,Conservation Till,None,No,765,10.5,112,NA,NA,0,15,NA,NA,0,15.20502793
NELITCSE,NELITCSE_421,NELITCSE_MPSBC,Zea mays (Corn),3313.46,16321.22,1997,Conventional Till,None,No,765,10.5,112,NA,NA,0,15,NA,NA,0,15.20502793
NELITCSE,NELITCSE_422,NELITCSE_MPCC,Zea mays (Corn),2620.68,12267.56,1997,Conventional Till,None,No,765,10.5,112,NA,NA,0,15,NA,NA,0,15.20502793
NELITCSE,NELITCSE_501,NELITCSE_DKCC,Zea mays (Corn),766.81,5818.26,1997,Conventional Till,None,No,765,10.5,112,NA,NA,0,15,NA,NA,0,15.20502793
NELITCSE,NELITCSE_503,NELITCSE_DKSBC,Zea mays (Corn),2956.44,12425.85,1997,Conventional Till,None,No,765,10.5,112,NA,NA,0,15,NA,NA,0,15.20502793
NELITCSE,NELITCSE_506,NELITCSE_RTSBC,Zea mays (Corn),3005.97,13018.65,1997,Conservation Till,None,No,765,10.5,112,NA,NA,0,15,NA,NA,0,15.20502793
NELITCSE,NELITCSE_508,NELITCSE_RTCC,Zea mays (Corn),2785.13,11484.24,1997,Conservation Till,None,No,765,10.5,112,NA,NA,0,15,NA,NA,0,15.20502793
NELITCSE,NELITCSE_509,NELITCSE_CHSBC,Zea mays (Corn),3309.59,13662.76,1997,Conservation Till,None,No,765,10.5,112,NA,NA,0,15,NA,NA,0,15.20502793
NELITCSE,NELITCSE_512,NELITCSE_CHCC,Zea mays (Corn),2393.87,11342.2,1997,Conservation Till,None,No,765,10.5,112,NA,NA,0,15,NA,NA,0,15.20502793
NELITCSE,NELITCSE_515,NELITCSE_SSSBC,Zea mays (Corn),3499.39,13896.76,1997,Sub Till,None,No,765,10.5,112,NA,NA,0,15,NA,NA,0,15.20502793
NELITCSE,NELITCSE_516,NELITCSE_SSCC,Zea mays (Corn),2504.26,12019.03,1997,Sub Till,None,No,765,10.5,112,NA,NA,0,15,NA,NA,0,15.20502793
NELITCSE,NELITCSE_517,NELITCSE_NTCC,Zea mays (Corn),1674.23,10614.1,1997,No Till,None,No,765,10.5,112,NA,NA,0,15,NA,NA,0,15.20502793
NELITCSE,NELITCSE_518,NELITCSE_NTSBC,Zea mays (Corn),3454.76,14151.35,1997,No Till,None,No,765,10.5,112,NA,NA,0,15,NA,NA,0,15.20502793
NELITCSE,NELITCSE_522,NELITCSE_MPSBC,Zea mays (Corn),3654.78,13297.95,1997,Conventional Till,None,No,765,10.5,112,NA,NA,0,15,NA,NA,0,15.20502793
NELITCSE,NELITCSE_523,NELITCSE_MPCC,Zea mays (Corn),2516.6,12462.96,1997,Conventional Till,None,No,765,10.5,112,NA,NA,0,15,NA,NA,0,15.20502793
NELITCSE,NELITCSE_601,NELITCSE_NTCC,Zea mays (Corn),2772.44,12636.56,1997,No Till,None,No,765,10.5,112,NA,NA,0,15,NA,NA,0,15.20502793
NELITCSE,NELITCSE_602,NELITCSE_NTSBC,Zea mays (Corn),3555.21,15505.92,1997,No Till,None,No,765,10.5,112,NA,NA,0,15,NA,NA,0,15.20502793
NELITCSE,NELITCSE_605,NELITCSE_DKCC,Zea mays (Corn),2654.99,11803.87,1997,Conventional Till,None,No,765,10.5,112,NA,NA,0,15,NA,NA,0,15.20502793
NELITCSE,NELITCSE_608,NELITCSE_DKSBC,Zea mays (Corn),3771.68,15038.89,1997,Conventional Till,None,No,765,10.5,112,NA,NA,0,15,NA,NA,0,15.20502793
NELITCSE,NELITCSE_609,NELITCSE_SSCC,Zea mays (Corn),2855.13,11265.54,1997,Sub Till,None,No,765,10.5,112,NA,NA,0,15,NA,NA,0,15.20502793
NELITCSE,NELITCSE_611,NELITCSE_SSSBC,Zea mays (Corn),3592.1,16049.15,1997,Sub Till,None,No,765,10.5,112,NA,NA,0,15,NA,NA,0,15.20502793
NELITCSE,NELITCSE_614,NELITCSE_RTSBC,Zea mays (Corn),3016.87,13672.74,1997,Conservation Till,None,No,765,10.5,112,NA,NA,0,15,NA,NA,0,15.20502793
NELITCSE,NELITCSE_616,NELITCSE_RTCC,Zea mays (Corn),3257.76,13370.98,1997,Conservation Till,None,No,765,10.5,112,NA,NA,0,15,NA,NA,0,15.20502793
NELITCSE,NELITCSE_618,NELITCSE_MPSBC,Zea mays (Corn),3882.27,16861.76,1997,Conventional Till,None,No,765,10.5,112,NA,NA,0,15,NA,NA,0,15.20502793
NELITCSE,NELITCSE_620,NELITCSE_MPCC,Zea mays (Corn),3093.62,12312.2,1997,Conventional Till,None,No,765,10.5,112,NA,NA,0,15,NA,NA,0,15.20502793
NELITCSE,NELITCSE_621,NELITCSE_CHCC,Zea mays (Corn),3153.13,13284.95,1997,Conservation Till,None,No,765,10.5,112,NA,NA,0,15,NA,NA,0,15.20502793
NELITCSE,NELITCSE_622,NELITCSE_CHSBC,Zea mays (Corn),2627.04,10899.99,1997,Conservation Till,None,No,765,10.5,112,NA,NA,0,15,NA,NA,0,15.20502793
NELITCSE,NELITCSE_102,NELITCSE_RTCSB,Zea mays (Corn),3257.455067,15633.08,1998,Conservation Till,None,No,765,10.5,112,NA,NA,0,15,NA,NA,0,16.49241379
NELITCSE,NELITCSE_104,NELITCSE_RTCC,Zea mays (Corn),2505.118048,13734.42,1998,Conservation Till,None,No,765,10.5,112,NA,NA,0,15,NA,NA,0,16.49241379
NELITCSE,NELITCSE_106,NELITCSE_CHCSB,Zea mays (Corn),3387.252702,17681.94,1998,Conservation Till,None,No,765,10.5,112,NA,NA,0,15,NA,NA,0,16.49241379
NELITCSE,NELITCSE_108,NELITCSE_CHCC,Zea mays (Corn),2439.325449,13368.8,1998,Conservation Till,None,No,765,10.5,112,NA,NA,0,15,NA,NA,0,16.49241379
NELITCSE,NELITCSE_110,NELITCSE_SSCC,Zea mays (Corn),2486.519702,12607.96,1998,Sub Till,None,No,765,10.5,112,NA,NA,0,15,NA,NA,0,16.49241379
NELITCSE,NELITCSE_112,NELITCSE_SSCSB,Zea mays (Corn),3187.717716,15743.69,1998,Sub Till,None,No,765,10.5,112,NA,NA,0,15,NA,NA,0,16.49241379
NELITCSE,NELITCSE_115,NELITCSE_DKCSB,Zea mays (Corn),3748.50021,18035.85,1998,Conventional Till,None,No,765,10.5,112,NA,NA,0,15,NA,NA,0,16.49241379
NELITCSE,NELITCSE_116,NELITCSE_DKCC,Zea mays (Corn),2694.414072,13965.46,1998,Conventional Till,None,No,765,10.5,112,NA,NA,0,15,NA,NA,0,16.49241379
NELITCSE,NELITCSE_117,NELITCSE_NTCC,Zea mays (Corn),2475.77967,13656.66,1998,No Till,None,No,765,10.5,112,NA,NA,0,15,NA,NA,0,16.49241379
NELITCSE,NELITCSE_119,NELITCSE_NTCSB,Zea mays (Corn),2838.00496,15756.35,1998,No Till,None,No,765,10.5,112,NA,NA,0,15,NA,NA,0,16.49241379
NELITCSE,NELITCSE_121,NELITCSE_MPCSB,Zea mays (Corn),4233.62784,20947.88,1998,Conventional Till,None,No,765,10.5,112,NA,NA,0,15,NA,NA,0,16.49241379
NELITCSE,NELITCSE_124,NELITCSE_MPCC,Zea mays (Corn),3681.383086,19207.69,1998,Conventional Till,None,No,765,10.5,112,NA,NA,0,15,NA,NA,0,16.49241379
NELITCSE,NELITCSE_201,NELITCSE_SSCC,Zea mays (Corn),2461.490025,13777.96,1998,Sub Till,None,No,765,10.5,112,NA,NA,0,15,NA,NA,0,16.49241379
NELITCSE,NELITCSE_202,NELITCSE_SSCSB,Zea mays (Corn),3313.525039,15544.98,1998,Sub Till,None,No,765,10.5,112,NA,NA,0,15,NA,NA,0,16.49241379
NELITCSE,NELITCSE_205,NELITCSE_DKCC,Zea mays (Corn),3357.92834,17134.53,1998,Conventional Till,None,No,765,10.5,112,NA,NA,0,15,NA,NA,0,16.49241379
NELITCSE,NELITCSE_207,NELITCSE_DKCSB,Zea mays (Corn),3710.89665,17036.93,1998,Conventional Till,None,No,765,10.5,112,NA,NA,0,15,NA,NA,0,16.49241379
NELITCSE,NELITCSE_210,NELITCSE_CHCSB,Zea mays (Corn),4186.460489,18730.4,1998,Conservation Till,None,No,765,10.5,112,NA,NA,0,15,NA,NA,0,16.49241379
NELITCSE,NELITCSE_211,NELITCSE_CHCC,Zea mays (Corn),3269.0019,16178.52,1998,Conservation Till,None,No,765,10.5,112,NA,NA,0,15,NA,NA,0,16.49241379
NELITCSE,NELITCSE_213,NELITCSE_RTCC,Zea mays (Corn),3405.24,15328.09,1998,Conservation Till,None,No,765,10.5,112,NA,NA,0,15,NA,NA,0,16.49241379
NELITCSE,NELITCSE_216,NELITCSE_RTCSB,Zea mays (Corn),3854.259578,17584.44,1998,Conservation Till,None,No,765,10.5,112,NA,NA,0,15,NA,NA,0,16.49241379
NELITCSE,NELITCSE_218,NELITCSE_NTCC,Zea mays (Corn),3449.73936,17270.98,1998,No Till,None,No,765,10.5,112,NA,NA,0,15,NA,NA,0,16.49241379
NELITCSE,NELITCSE_220,NELITCSE_NTCSB,Zea mays (Corn),3779.730312,18158.72,1998,No Till,None,No,765,10.5,112,NA,NA,0,15,NA,NA,0,16.49241379
NELITCSE,NELITCSE_221,NELITCSE_MPCSB,Zea mays (Corn),4497.150232,21247.02,1998,Conventional Till,None,No,765,10.5,112,NA,NA,0,15,NA,NA,0,16.49241379
NELITCSE,NELITCSE_224,NELITCSE_MPCC,Zea mays (Corn),3081.559912,15858.67,1998,Conventional Till,None,No,765,10.5,112,NA,NA,0,15,NA,NA,0,16.49241379
NELITCSE,NELITCSE_301,NELITCSE_RTCSB,Zea mays (Corn),3481.425402,17030.8,1998,Conservation Till,None,No,765,10.5,112,NA,NA,0,15,NA,NA,0,16.49241379
NELITCSE,NELITCSE_304,NELITCSE_RTCC,Zea mays (Corn),2231.599942,10900.11,1998,Conservation Till,None,No,765,10.5,112,NA,NA,0,15,NA,NA,0,16.49241379
NELITCSE,NELITCSE_307,NELITCSE_CHCC,Zea mays (Corn),3844.760166,18461.7,1998,Conservation Till,None,No,765,10.5,112,NA,NA,0,15,NA,NA,0,16.49241379
NELITCSE,NELITCSE_308,NELITCSE_CHCSB,Zea mays (Corn),3352.981518,16383.02,1998,Conservation Till,None,No,765,10.5,112,NA,NA,0,15,NA,NA,0,16.49241379
NELITCSE,NELITCSE_309,NELITCSE_MPCSB,Zea mays (Corn),4159.994064,17909.13,1998,Conventional Till,None,No,765,10.5,112,NA,NA,0,15,NA,NA,0,16.49241379
NELITCSE,NELITCSE_312,NELITCSE_MPCC,Zea mays (Corn),2748.336339,13889.89,1998,Conventional Till,None,No,765,10.5,112,NA,NA,0,15,NA,NA,0,16.49241379
NELITCSE,NELITCSE_314,NELITCSE_NTCC,Zea mays (Corn),3492.30025,17045.97,1998,No Till,None,No,765,10.5,112,NA,NA,0,15,NA,NA,0,16.49241379
NELITCSE,NELITCSE_315,NELITCSE_NTCSB,Zea mays (Corn),2934.92376,15065.88,1998,No Till,None,No,765,10.5,112,NA,NA,0,15,NA,NA,0,16.49241379
NELITCSE,NELITCSE_318,NELITCSE_DKCC,Zea mays (Corn),2911.642164,14804.32,1998,Conventional Till,None,No,765,10.5,112,NA,NA,0,15,NA,NA,0,16.49241379
NELITCSE,NELITCSE_320,NELITCSE_DKCSB,Zea mays (Corn),3057.82848,14756.76,1998,Conventional Till,None,No,765,10.5,112,NA,NA,0,15,NA,NA,0,16.49241379
NELITCSE,NELITCSE_321,NELITCSE_SSCC,Zea mays (Corn),2372.725734,11490.63,1998,Sub Till,None,No,765,10.5,112,NA,NA,0,15,NA,NA,0,16.49241379
NELITCSE,NELITCSE_324,NELITCSE_SSCSB,Zea mays (Corn),4248.62154,18573.92,1998,Sub Till,None,No,765,10.5,112,NA,NA,0,15,NA,NA,0,16.49241379
NELITCSE,NELITCSE_403,NELITCSE_SSCSB,Zea mays (Corn),3669.004076,17324.18,1998,Sub Till,None,No,765,10.5,112,NA,NA,0,15,NA,NA,0,16.49241379
NELITCSE,NELITCSE_404,NELITCSE_SSCC,Zea mays (Corn),2214.264627,12151.63,1998,Sub Till,None,No,765,10.5,112,NA,NA,0,15,NA,NA,0,16.49241379
NELITCSE,NELITCSE_407,NELITCSE_DKCC,Zea mays (Corn),3431.775552,16777.36,1998,Conventional Till,None,No,765,10.5,112,NA,NA,0,15,NA,NA,0,16.49241379
NELITCSE,NELITCSE_408,NELITCSE_DKCSB,Zea mays (Corn),3407.259982,16369.25,1998,Conventional Till,None,No,765,10.5,112,NA,NA,0,15,NA,NA,0,16.49241379
NELITCSE,NELITCSE_409,NELITCSE_NTCC,Zea mays (Corn),2161.01039,11561.85,1998,No Till,None,No,765,10.5,112,NA,NA,0,15,NA,NA,0,16.49241379
NELITCSE,NELITCSE_411,NELITCSE_NTCSB,Zea mays (Corn),3561.375342,16920.4,1998,No Till,None,No,765,10.5,112,NA,NA,0,15,NA,NA,0,16.49241379
NELITCSE,NELITCSE_415,NELITCSE_CHCSB,Zea mays (Corn),3062.401947,15071.38,1998,Conservation Till,None,No,765,10.5,112,NA,NA,0,15,NA,NA,0,16.49241379
NELITCSE,NELITCSE_416,NELITCSE_CHCC,Zea mays (Corn),2845.82107,15130.59,1998,Conservation Till,None,No,765,10.5,112,NA,NA,0,15,NA,NA,0,16.49241379
NELITCSE,NELITCSE_419,NELITCSE_RTCSB,Zea mays (Corn),3494.252437,16002.47,1998,Conservation Till,None,No,765,10.5,112,NA,NA,0,15,NA,NA,0,16.49241379
NELITCSE,NELITCSE_420,NELITCSE_RTCC,Zea mays (Corn),3144.107234,15577.38,1998,Conservation Till,None,No,765,10.5,112,NA,NA,0,15,NA,NA,0,16.49241379
NELITCSE,NELITCSE_422,NELITCSE_MPCC,Zea mays (Corn),3305.614445,16809.8,1998,Conventional Till,None,No,765,10.5,112,NA,NA,0,15,NA,NA,0,16.49241379
NELITCSE,NELITCSE_424,NELITCSE_MPCSB,Zea mays (Corn),4090.385416,18634.82,1998,Conventional Till,None,No,765,10.5,112,NA,NA,0,15,NA,NA,0,16.49241379
NELITCSE,NELITCSE_501,NELITCSE_DKCC,Zea mays (Corn),2681.660898,15197.88,1998,Conventional Till,None,No,765,10.5,112,NA,NA,0,15,NA,NA,0,16.49241379
NELITCSE,NELITCSE_502,NELITCSE_DKCSB,Zea mays (Corn),3402.232712,15982.62,1998,Conventional Till,None,No,765,10.5,112,NA,NA,0,15,NA,NA,0,16.49241379
NELITCSE,NELITCSE_507,NELITCSE_RTCSB,Zea mays (Corn),3515.63696,17130.77,1998,Conservation Till,None,No,765,10.5,112,NA,NA,0,15,NA,NA,0,16.49241379
NELITCSE,NELITCSE_508,NELITCSE_RTCC,Zea mays (Corn),3631.022976,17083.07,1998,Conservation Till,None,No,765,10.5,112,NA,NA,0,15,NA,NA,0,16.49241379
NELITCSE,NELITCSE_511,NELITCSE_CHCSB,Zea mays (Corn),3671.567028,16884.61,1998,Conservation Till,None,No,765,10.5,112,NA,NA,0,15,NA,NA,0,16.49241379
NELITCSE,NELITCSE_512,NELITCSE_CHCC,Zea mays (Corn),3494.53027,16985.05,1998,Conservation Till,None,No,765,10.5,112,NA,NA,0,15,NA,NA,0,16.49241379
NELITCSE,NELITCSE_514,NELITCSE_SSCSB,Zea mays (Corn),3632.978586,17980.79,1998,Sub Till,None,No,765,10.5,112,NA,NA,0,15,NA,NA,0,16.49241379
NELITCSE,NELITCSE_516,NELITCSE_SSCC,Zea mays (Corn),3659.350804,18551.48,1998,Sub Till,None,No,765,10.5,112,NA,NA,0,15,NA,NA,0,16.49241379
NELITCSE,NELITCSE_517,NELITCSE_NTCC,Zea mays (Corn),3316.802748,16538.97,1998,No Till,None,No,765,10.5,112,NA,NA,0,15,NA,NA,0,16.49241379
NELITCSE,NELITCSE_520,NELITCSE_NTCSB,Zea mays (Corn),4707.546624,21274.59,1998,No Till,None,No,765,10.5,112,NA,NA,0,15,NA,NA,0,16.49241379
NELITCSE,NELITCSE_523,NELITCSE_MPCC,Zea mays (Corn),3572.851734,17195.9,1998,Conventional Till,None,No,765,10.5,112,NA,NA,0,15,NA,NA,0,16.49241379
NELITCSE,NELITCSE_524,NELITCSE_MPCSB,Zea mays (Corn),3077.256875,16230.8,1998,Conventional Till,None,No,765,10.5,112,NA,NA,0,15,NA,NA,0,16.49241379
NELITCSE,NELITCSE_601,NELITCSE_NTCC,Zea mays (Corn),793.052576,7291.56,1998,No Till,None,No,765,10.5,112,NA,NA,0,15,NA,NA,0,16.49241379
NELITCSE,NELITCSE_604,NELITCSE_NTCSB,Zea mays (Corn),3482.883676,16990.91,1998,No Till,None,No,765,10.5,112,NA,NA,0,15,NA,NA,0,16.49241379
NELITCSE,NELITCSE_605,NELITCSE_DKCC,Zea mays (Corn),3806.588544,17234.44,1998,Conventional Till,None,No,765,10.5,112,NA,NA,0,15,NA,NA,0,16.49241379
NELITCSE,NELITCSE_606,NELITCSE_DKCSB,Zea mays (Corn),4355.461656,19713.9,1998,Conventional Till,None,No,765,10.5,112,NA,NA,0,15,NA,NA,0,16.49241379
NELITCSE,NELITCSE_609,NELITCSE_SSCC,Zea mays (Corn),3266.866876,17074.59,1998,Sub Till,None,No,765,10.5,112,NA,NA,0,15,NA,NA,0,16.49241379
NELITCSE,NELITCSE_612,NELITCSE_SSCSB,Zea mays (Corn),4740.550816,21529.21,1998,Sub Till,None,No,765,10.5,112,NA,NA,0,15,NA,NA,0,16.49241379
NELITCSE,NELITCSE_613,NELITCSE_RTCSB,Zea mays (Corn),2577.789563,12034.73,1998,Conservation Till,None,No,765,10.5,112,NA,NA,0,15,NA,NA,0,16.49241379
NELITCSE,NELITCSE_616,NELITCSE_RTCC,Zea mays (Corn),3112.21512,16703.3,1998,Conservation Till,None,No,765,10.5,112,NA,NA,0,15,NA,NA,0,16.49241379
NELITCSE,NELITCSE_617,NELITCSE_MPCSB,Zea mays (Corn),4979.367897,24219.88,1998,Conventional Till,None,No,765,10.5,112,NA,NA,0,15,NA,NA,0,16.49241379
NELITCSE,NELITCSE_620,NELITCSE_MPCC,Zea mays (Corn),4212.952254,20384.56,1998,Conventional Till,None,No,765,10.5,112,NA,NA,0,15,NA,NA,0,16.49241379
NELITCSE,NELITCSE_621,NELITCSE_CHCC,Zea mays (Corn),2445.194116,12097.61,1998,Conservation Till,None,No,765,10.5,112,NA,NA,0,15,NA,NA,0,16.49241379
NELITCSE,NELITCSE_624,NELITCSE_CHCSB,Zea mays (Corn),3317.880258,15928.06,1998,Conservation Till,None,No,765,10.5,112,NA,NA,0,15,NA,NA,0,16.49241379
NELITCSE,NELITCSE_103,NELITCSE_RTSBC,Zea mays (Corn),2261.45832,13941.51,1999,Conservation Till,None,No,765,10.5,112,NA,NA,0,15,NA,NA,NA,NA
NELITCSE,NELITCSE_104,NELITCSE_RTCC,Zea mays (Corn),1757.234398,10385.96,1999,Conservation Till,None,No,765,10.5,112,NA,NA,0,15,NA,NA,NA,NA
NELITCSE,NELITCSE_107,NELITCSE_CHSBC,Zea mays (Corn),3091.226031,15670.3,1999,Conservation Till,None,No,765,10.5,112,NA,NA,0,15,NA,NA,NA,NA
NELITCSE,NELITCSE_108,NELITCSE_CHCC,Zea mays (Corn),1753.453898,7410.83,1999,Conservation Till,None,No,765,10.5,112,NA,NA,0,15,NA,NA,NA,NA
NELITCSE,NELITCSE_110,NELITCSE_SSCC,Zea mays (Corn),2043.182144,11109.7,1999,Sub Till,None,No,765,10.5,112,NA,NA,0,15,NA,NA,NA,NA
NELITCSE,NELITCSE_111,NELITCSE_SSSBC,Zea mays (Corn),2457.381549,13536.24,1999,Sub Till,None,No,765,10.5,112,NA,NA,0,15,NA,NA,NA,NA
NELITCSE,NELITCSE_114,NELITCSE_DKSBC,Zea mays (Corn),3005.198966,16835.76,1999,Conventional Till,None,No,765,10.5,112,NA,NA,0,15,NA,NA,NA,NA
NELITCSE,NELITCSE_116,NELITCSE_DKCC,Zea mays (Corn),2751.84264,14884.85,1999,Conventional Till,None,No,765,10.5,112,NA,NA,0,15,NA,NA,NA,NA
NELITCSE,NELITCSE_117,NELITCSE_NTCC,Zea mays (Corn),2895.801264,13842.04,1999,No Till,None,No,765,10.5,112,NA,NA,0,15,NA,NA,NA,NA
NELITCSE,NELITCSE_118,NELITCSE_NTSBC,Zea mays (Corn),3640.794472,17569.85,1999,No Till,None,No,765,10.5,112,NA,NA,0,15,NA,NA,NA,NA
NELITCSE,NELITCSE_122,NELITCSE_MPSBC,Zea mays (Corn),2165.506704,12330.39,1999,Conventional Till,None,No,765,10.5,112,NA,NA,0,15,NA,NA,NA,NA
NELITCSE,NELITCSE_124,NELITCSE_MPCC,Zea mays (Corn),1648.905181,9753.07,1999,Conventional Till,None,No,765,10.5,112,NA,NA,0,15,NA,NA,NA,NA
NELITCSE,NELITCSE_201,NELITCSE_SSCC,Zea mays (Corn),2017.186725,12484.16,1999,Sub Till,None,No,765,10.5,112,NA,NA,0,15,NA,NA,NA,NA
NELITCSE,NELITCSE_203,NELITCSE_SSSBC,Zea mays (Corn),2517.904816,14334.79,1999,Sub Till,None,No,765,10.5,112,NA,NA,0,15,NA,NA,NA,NA
NELITCSE,NELITCSE_205,NELITCSE_DKCC,Zea mays (Corn),2439.499615,12611.55,1999,Conventional Till,None,No,765,10.5,112,NA,NA,0,15,NA,NA,NA,NA
NELITCSE,NELITCSE_208,NELITCSE_DKSBC,Zea mays (Corn),3340.207986,17792.4,1999,Conventional Till,None,No,765,10.5,112,NA,NA,0,15,NA,NA,NA,NA
NELITCSE,NELITCSE_209,NELITCSE_CHSBC,Zea mays (Corn),3349.364525,17841.24,1999,Conservation Till,None,No,765,10.5,112,NA,NA,0,15,NA,NA,NA,NA
NELITCSE,NELITCSE_211,NELITCSE_CHCC,Zea mays (Corn),2144.78546,11533.69,1999,Conservation Till,None,No,765,10.5,112,NA,NA,0,15,NA,NA,NA,NA
NELITCSE,NELITCSE_213,NELITCSE_RTCC,Zea mays (Corn),2290.967037,12642.7,1999,Conservation Till,None,No,765,10.5,112,NA,NA,0,15,NA,NA,NA,NA
NELITCSE,NELITCSE_214,NELITCSE_RTSBC,Zea mays (Corn),3373.759191,16469.46,1999,Conservation Till,None,No,765,10.5,112,NA,NA,0,15,NA,NA,NA,NA
NELITCSE,NELITCSE_217,NELITCSE_NTSBC,Zea mays (Corn),3430.91238,17678.62,1999,No Till,None,No,765,10.5,112,NA,NA,0,15,NA,NA,NA,NA
NELITCSE,NELITCSE_218,NELITCSE_NTCC,Zea mays (Corn),2891.678622,15407.91,1999,No Till,None,No,765,10.5,112,NA,NA,0,15,NA,NA,NA,NA
NELITCSE,NELITCSE_223,NELITCSE_MPSBC,Zea mays (Corn),3395.009976,17986.38,1999,Conventional Till,None,No,765,10.5,112,NA,NA,0,15,NA,NA,NA,NA
NELITCSE,NELITCSE_224,NELITCSE_MPCC,Zea mays (Corn),3313.84638,16159.4,1999,Conventional Till,None,No,765,10.5,112,NA,NA,0,15,NA,NA,NA,NA
NELITCSE,NELITCSE_302,NELITCSE_RTSBC,Zea mays (Corn),2838.369198,13889.31,1999,Conservation Till,None,No,765,10.5,112,NA,NA,0,15,NA,NA,NA,NA
NELITCSE,NELITCSE_304,NELITCSE_RTCC,Zea mays (Corn),1304.673568,7974.06,1999,Conservation Till,None,No,765,10.5,112,NA,NA,0,15,NA,NA,NA,NA
NELITCSE,NELITCSE_306,NELITCSE_CHSBC,Zea mays (Corn),3132.64983,15801.59,1999,Conservation Till,None,No,765,10.5,112,NA,NA,0,15,NA,NA,NA,NA
NELITCSE,NELITCSE_307,NELITCSE_CHCC,Zea mays (Corn),2896.076064,14124.67,1999,Conservation Till,None,No,765,10.5,112,NA,NA,0,15,NA,NA,NA,NA
NELITCSE,NELITCSE_310,NELITCSE_MPSBC,Zea mays (Corn),3282.16698,16849.75,1999,Conventional Till,None,No,765,10.5,112,NA,NA,0,15,NA,NA,NA,NA
NELITCSE,NELITCSE_312,NELITCSE_MPCC,Zea mays (Corn),2048.97882,12711.68,1999,Conventional Till,None,No,765,10.5,112,NA,NA,0,15,NA,NA,NA,NA
NELITCSE,NELITCSE_313,NELITCSE_NTSBC,Zea mays (Corn),2464.687176,13284.58,1999,No Till,None,No,765,10.5,112,NA,NA,0,15,NA,NA,NA,NA
NELITCSE,NELITCSE_314,NELITCSE_NTCC,Zea mays (Corn),2629.613337,12285.35,1999,No Till,None,No,765,10.5,112,NA,NA,0,15,NA,NA,NA,NA
NELITCSE,NELITCSE_318,NELITCSE_DKCC,Zea mays (Corn),2190.635589,11274.07,1999,Conventional Till,None,No,765,10.5,112,NA,NA,0,15,NA,NA,NA,NA
NELITCSE,NELITCSE_319,NELITCSE_DKSBC,Zea mays (Corn),3104.645775,14587.41,1999,Conventional Till,None,No,765,10.5,112,NA,NA,0,15,NA,NA,NA,NA
NELITCSE,NELITCSE_321,NELITCSE_SSCC,Zea mays (Corn),1396.292824,9375.67,1999,Sub Till,None,No,765,10.5,112,NA,NA,0,15,NA,NA,NA,NA
NELITCSE,NELITCSE_322,NELITCSE_SSSBC,Zea mays (Corn),3779.411508,17603.19,1999,Sub Till,None,No,765,10.5,112,NA,NA,0,15,NA,NA,NA,NA
NELITCSE,NELITCSE_401,NELITCSE_SSSBC,Zea mays (Corn),2816.39456,14756.65,1999,Sub Till,None,No,765,10.5,112,NA,NA,0,15,NA,NA,NA,NA
NELITCSE,NELITCSE_404,NELITCSE_SSCC,Zea mays (Corn),2194.4213,11787.68,1999,Sub Till,None,No,765,10.5,112,NA,NA,0,15,NA,NA,NA,NA
NELITCSE,NELITCSE_406,NELITCSE_DKSBC,Zea mays (Corn),3671.737015,19383.7,1999,Conventional Till,None,No,765,10.5,112,NA,NA,0,15,NA,NA,NA,NA
NELITCSE,NELITCSE_407,NELITCSE_DKCC,Zea mays (Corn),2470.119852,13133.88,1999,Conventional Till,None,No,765,10.5,112,NA,NA,0,15,NA,NA,NA,NA
NELITCSE,NELITCSE_409,NELITCSE_NTCC,Zea mays (Corn),2568.530424,14783.28,1999,No Till,None,No,765,10.5,112,NA,NA,0,15,NA,NA,NA,NA
NELITCSE,NELITCSE_412,NELITCSE_NTSBC,Zea mays (Corn),3795.672663,18667.01,1999,No Till,None,No,765,10.5,112,NA,NA,0,15,NA,NA,NA,NA
NELITCSE,NELITCSE_414,NELITCSE_CHSBC,Zea mays (Corn),2443.963038,12765.56,1999,Conservation Till,None,No,765,10.5,112,NA,NA,0,15,NA,NA,NA,NA
NELITCSE,NELITCSE_416,NELITCSE_CHCC,Zea mays (Corn),1990.984366,10656.45,1999,Conservation Till,None,No,765,10.5,112,NA,NA,0,15,NA,NA,NA,NA
NELITCSE,NELITCSE_417,NELITCSE_RTSBC,Zea mays (Corn),2685.184128,14367.08,1999,Conservation Till,None,No,765,10.5,112,NA,NA,0,15,NA,NA,NA,NA
NELITCSE,NELITCSE_420,NELITCSE_RTCC,Zea mays (Corn),2355.1248,13172.71,1999,Conservation Till,None,No,765,10.5,112,NA,NA,0,15,NA,NA,NA,NA
NELITCSE,NELITCSE_421,NELITCSE_MPSBC,Zea mays (Corn),3080.714874,17424.99,1999,Conventional Till,None,No,765,10.5,112,NA,NA,0,15,NA,NA,NA,NA
NELITCSE,NELITCSE_422,NELITCSE_MPCC,Zea mays (Corn),2987.49096,16341.61,1999,Conventional Till,None,No,765,10.5,112,NA,NA,0,15,NA,NA,NA,NA
NELITCSE,NELITCSE_501,NELITCSE_DKCC,Zea mays (Corn),1918.794692,17724.38,1999,Conventional Till,None,No,765,10.5,112,NA,NA,0,15,NA,NA,NA,NA
NELITCSE,NELITCSE_503,NELITCSE_DKSBC,Zea mays (Corn),2689.550962,14704.5,1999,Conventional Till,None,No,765,10.5,112,NA,NA,0,15,NA,NA,NA,NA
NELITCSE,NELITCSE_506,NELITCSE_RTSBC,Zea mays (Corn),2660.11866,13892.39,1999,Conservation Till,None,No,765,10.5,112,NA,NA,0,15,NA,NA,NA,NA
NELITCSE,NELITCSE_508,NELITCSE_RTCC,Zea mays (Corn),2059.574384,11941.86,1999,Conservation Till,None,No,765,10.5,112,NA,NA,0,15,NA,NA,NA,NA
NELITCSE,NELITCSE_509,NELITCSE_CHSBC,Zea mays (Corn),3224.453144,18060.32,1999,Conservation Till,None,No,765,10.5,112,NA,NA,0,15,NA,NA,NA,NA
NELITCSE,NELITCSE_512,NELITCSE_CHCC,Zea mays (Corn),2735.209455,14591.94,1999,Conservation Till,None,No,765,10.5,112,NA,NA,0,15,NA,NA,NA,NA
NELITCSE,NELITCSE_515,NELITCSE_SSSBC,Zea mays (Corn),3789.716457,21027.67,1999,Sub Till,None,No,765,10.5,112,NA,NA,0,15,NA,NA,NA,NA
NELITCSE,NELITCSE_516,NELITCSE_SSCC,Zea mays (Corn),3449.197642,17301.89,1999,Sub Till,None,No,765,10.5,112,NA,NA,0,15,NA,NA,NA,NA
NELITCSE,NELITCSE_517,NELITCSE_NTCC,Zea mays (Corn),3156.34056,15825.28,1999,No Till,None,No,765,10.5,112,NA,NA,0,15,NA,NA,NA,NA
NELITCSE,NELITCSE_518,NELITCSE_NTSBC,Zea mays (Corn),3385.330785,16813.68,1999,No Till,None,No,765,10.5,112,NA,NA,0,15,NA,NA,NA,NA
NELITCSE,NELITCSE_522,NELITCSE_MPSBC,Zea mays (Corn),3480.114979,18980.98,1999,Conventional Till,None,No,765,10.5,112,NA,NA,0,15,NA,NA,NA,NA
NELITCSE,NELITCSE_523,NELITCSE_MPCC,Zea mays (Corn),2676.43116,12665.96,1999,Conventional Till,None,No,765,10.5,112,NA,NA,0,15,NA,NA,NA,NA
NELITCSE,NELITCSE_601,NELITCSE_NTCC,Zea mays (Corn),2372.529472,12791.09,1999,No Till,None,No,765,10.5,112,NA,NA,0,15,NA,NA,NA,NA
NELITCSE,NELITCSE_602,NELITCSE_NTSBC,Zea mays (Corn),3865.217015,20262.95,1999,No Till,None,No,765,10.5,112,NA,NA,0,15,NA,NA,NA,NA
NELITCSE,NELITCSE_605,NELITCSE_DKCC,Zea mays (Corn),2728.278324,15163.59,1999,Conventional Till,None,No,765,10.5,112,NA,NA,0,15,NA,NA,NA,NA
NELITCSE,NELITCSE_608,NELITCSE_DKSBC,Zea mays (Corn),4306.402416,22002.48,1999,Conventional Till,None,No,765,10.5,112,NA,NA,0,15,NA,NA,NA,NA
NELITCSE,NELITCSE_609,NELITCSE_SSCC,Zea mays (Corn),2808.669688,14699.8,1999,Sub Till,None,No,765,10.5,112,NA,NA,0,15,NA,NA,NA,NA
NELITCSE,NELITCSE_611,NELITCSE_SSSBC,Zea mays (Corn),4464.775656,22063.49,1999,Sub Till,None,No,765,10.5,112,NA,NA,0,15,NA,NA,NA,NA
NELITCSE,NELITCSE_614,NELITCSE_RTSBC,Zea mays (Corn),4051.616968,20383.02,1999,Conservation Till,None,No,765,10.5,112,NA,NA,0,15,NA,NA,NA,NA
NELITCSE,NELITCSE_616,NELITCSE_RTCC,Zea mays (Corn),2884.277277,15210.61,1999,Conservation Till,None,No,765,10.5,112,NA,NA,0,15,NA,NA,NA,NA
NELITCSE,NELITCSE_618,NELITCSE_MPSBC,Zea mays (Corn),3093.55404,17835.86,1999,Conventional Till,None,No,765,10.5,112,NA,NA,0,15,NA,NA,NA,NA
NELITCSE,NELITCSE_620,NELITCSE_MPCC,Zea mays (Corn),3415.20592,16355.31,1999,Conventional Till,None,No,765,10.5,112,NA,NA,0,15,NA,NA,NA,NA
NELITCSE,NELITCSE_621,NELITCSE_CHCC,Zea mays (Corn),3225.786984,14421.8,1999,Conservation Till,None,No,765,10.5,112,NA,NA,0,15,NA,NA,NA,NA
NELITCSE,NELITCSE_622,NELITCSE_CHSBC,Zea mays (Corn),3155.303328,15344.08,1999,Conservation Till,None,No,765,10.5,112,NA,NA,0,15,NA,NA,NA,NA
NELITCSE,NELITCSE_102,NELITCSE_RTCSB,Zea mays (Corn),1887.58905,11332.59,2000,Conservation Till,None,No,765,10.5,112,NA,NA,0,15,NA,NA,0,20.16831395
NELITCSE,NELITCSE_104,NELITCSE_RTCC,Zea mays (Corn),2192.068182,10895.55,2000,Conservation Till,None,No,765,10.5,112,NA,NA,0,15,NA,NA,0,20.16831395
NELITCSE,NELITCSE_106,NELITCSE_CHCSB,Zea mays (Corn),2015.089776,11389.47,2000,Conservation Till,None,No,765,10.5,112,NA,NA,0,15,NA,NA,0,20.16831395
NELITCSE,NELITCSE_108,NELITCSE_CHCC,Zea mays (Corn),2877.062682,14516.72,2000,Conservation Till,None,No,765,10.5,112,NA,NA,0,15,NA,NA,0,20.16831395
NELITCSE,NELITCSE_110,NELITCSE_SSCC,Zea mays (Corn),2425.376184,12716.05,2000,Sub Till,None,No,765,10.5,112,NA,NA,0,15,NA,NA,0,20.16831395
NELITCSE,NELITCSE_112,NELITCSE_SSCSB,Zea mays (Corn),1802.691994,11304.31,2000,Sub Till,None,No,765,10.5,112,NA,NA,0,15,NA,NA,0,20.16831395
NELITCSE,NELITCSE_115,NELITCSE_DKCSB,Zea mays (Corn),1389.2868,8974.62,2000,Conventional Till,None,No,765,10.5,112,NA,NA,0,15,NA,NA,0,20.16831395
NELITCSE,NELITCSE_116,NELITCSE_DKCC,Zea mays (Corn),2157.151981,12197.67,2000,Conventional Till,None,No,765,10.5,112,NA,NA,0,15,NA,NA,0,20.16831395
NELITCSE,NELITCSE_117,NELITCSE_NTCC,Zea mays (Corn),2539.698634,12838.78,2000,No Till,None,No,765,10.5,112,NA,NA,0,15,NA,NA,0,20.16831395
NELITCSE,NELITCSE_119,NELITCSE_NTCSB,Zea mays (Corn),2781.879145,13847.14,2000,No Till,None,No,765,10.5,112,NA,NA,0,15,NA,NA,0,20.16831395
NELITCSE,NELITCSE_121,NELITCSE_MPCSB,Zea mays (Corn),1904.361865,11620.91,2000,Conventional Till,None,No,765,10.5,112,NA,NA,0,15,NA,NA,0,20.16831395
NELITCSE,NELITCSE_124,NELITCSE_MPCC,Zea mays (Corn),1889.4279,11720.9,2000,Conventional Till,None,No,765,10.5,112,NA,NA,0,15,NA,NA,0,20.16831395
NELITCSE,NELITCSE_201,NELITCSE_SSCC,Zea mays (Corn),2755.48639,13934.9,2000,Sub Till,None,No,765,10.5,112,NA,NA,0,15,NA,NA,0,20.16831395
NELITCSE,NELITCSE_202,NELITCSE_SSCSB,Zea mays (Corn),1789.931969,10345.75,2000,Sub Till,None,No,765,10.5,112,NA,NA,0,15,NA,NA,0,20.16831395
NELITCSE,NELITCSE_205,NELITCSE_DKCC,Zea mays (Corn),2358.191264,12080.44,2000,Conventional Till,None,No,765,10.5,112,NA,NA,0,15,NA,NA,0,20.16831395
NELITCSE,NELITCSE_207,NELITCSE_DKCSB,Zea mays (Corn),1356.325718,8867.53,2000,Conventional Till,None,No,765,10.5,112,NA,NA,0,15,NA,NA,0,20.16831395
NELITCSE,NELITCSE_210,NELITCSE_CHCSB,Zea mays (Corn),1199.32397,8740.13,2000,Conservation Till,None,No,765,10.5,112,NA,NA,0,15,NA,NA,0,20.16831395
NELITCSE,NELITCSE_211,NELITCSE_CHCC,Zea mays (Corn),2238.93222,11990.39,2000,Conservation Till,None,No,765,10.5,112,NA,NA,0,15,NA,NA,0,20.16831395
NELITCSE,NELITCSE_213,NELITCSE_RTCC,Zea mays (Corn),1543.36164,9611.63,2000,Conservation Till,None,No,765,10.5,112,NA,NA,0,15,NA,NA,0,20.16831395
NELITCSE,NELITCSE_216,NELITCSE_RTCSB,Zea mays (Corn),1405.583795,9721.98,2000,Conservation Till,None,No,765,10.5,112,NA,NA,0,15,NA,NA,0,20.16831395
NELITCSE,NELITCSE_218,NELITCSE_NTCC,Zea mays (Corn),2743.107158,14158.42,2000,No Till,None,No,765,10.5,112,NA,NA,0,15,NA,NA,0,20.16831395
NELITCSE,NELITCSE_220,NELITCSE_NTCSB,Zea mays (Corn),2073.95476,12567.45,2000,No Till,None,No,765,10.5,112,NA,NA,0,15,NA,NA,0,20.16831395
NELITCSE,NELITCSE_221,NELITCSE_MPCSB,Zea mays (Corn),1062.52839,9026.76,2000,Conventional Till,None,No,765,10.5,112,NA,NA,0,15,NA,NA,0,20.16831395
NELITCSE,NELITCSE_224,NELITCSE_MPCC,Zea mays (Corn),1101.604382,9451.02,2000,Conventional Till,None,No,765,10.5,112,NA,NA,0,15,NA,NA,0,20.16831395
NELITCSE,NELITCSE_301,NELITCSE_RTCSB,Zea mays (Corn),1968.667152,10895.21,2000,Conservation Till,None,No,765,10.5,112,NA,NA,0,15,NA,NA,0,20.16831395
NELITCSE,NELITCSE_304,NELITCSE_RTCC,Zea mays (Corn),1960.230762,10501.6,2000,Conservation Till,None,No,765,10.5,112,NA,NA,0,15,NA,NA,0,20.16831395
NELITCSE,NELITCSE_307,NELITCSE_CHCC,Zea mays (Corn),2721.29,13768.13,2000,Conservation Till,None,No,765,10.5,112,NA,NA,0,15,NA,NA,0,20.16831395
NELITCSE,NELITCSE_308,NELITCSE_CHCSB,Zea mays (Corn),1387.476738,9217.05,2000,Conservation Till,None,No,765,10.5,112,NA,NA,0,15,NA,NA,0,20.16831395
NELITCSE,NELITCSE_309,NELITCSE_MPCSB,Zea mays (Corn),927.073136,7451.66,2000,Conventional Till,None,No,765,10.5,112,NA,NA,0,15,NA,NA,0,20.16831395
NELITCSE,NELITCSE_312,NELITCSE_MPCC,Zea mays (Corn),934.263554,8963.7,2000,Conventional Till,None,No,765,10.5,112,NA,NA,0,15,NA,NA,0,20.16831395
NELITCSE,NELITCSE_314,NELITCSE_NTCC,Zea mays (Corn),2005.81213,11424.65,2000,No Till,None,No,765,10.5,112,NA,NA,0,15,NA,NA,0,20.16831395
NELITCSE,NELITCSE_315,NELITCSE_NTCSB,Zea mays (Corn),2822.623258,14491.18,2000,No Till,None,No,765,10.5,112,NA,NA,0,15,NA,NA,0,20.16831395
NELITCSE,NELITCSE_318,NELITCSE_DKCC,Zea mays (Corn),1644.24374,11328.5,2000,Conventional Till,None,No,765,10.5,112,NA,NA,0,15,NA,NA,0,20.16831395
NELITCSE,NELITCSE_320,NELITCSE_DKCSB,Zea mays (Corn),2051.520282,12969.74,2000,Conventional Till,None,No,765,10.5,112,NA,NA,0,15,NA,NA,0,20.16831395
NELITCSE,NELITCSE_321,NELITCSE_SSCC,Zea mays (Corn),2567.04864,14335.91,2000,Sub Till,None,No,765,10.5,112,NA,NA,0,15,NA,NA,0,20.16831395
NELITCSE,NELITCSE_324,NELITCSE_SSCSB,Zea mays (Corn),2124.75861,13564.33,2000,Sub Till,None,No,765,10.5,112,NA,NA,0,15,NA,NA,0,20.16831395
NELITCSE,NELITCSE_403,NELITCSE_SSCSB,Zea mays (Corn),1247.945328,8901.73,2000,Sub Till,None,No,765,10.5,112,NA,NA,0,15,NA,NA,0,20.16831395
NELITCSE,NELITCSE_404,NELITCSE_SSCC,Zea mays (Corn),2638.124424,13583.47,2000,Sub Till,None,No,765,10.5,112,NA,NA,0,15,NA,NA,0,20.16831395
NELITCSE,NELITCSE_407,NELITCSE_DKCC,Zea mays (Corn),2443.79608,13192.13,2000,Conventional Till,None,No,765,10.5,112,NA,NA,0,15,NA,NA,0,20.16831395
NELITCSE,NELITCSE_408,NELITCSE_DKCSB,Zea mays (Corn),1820.132048,11875.61,2000,Conventional Till,None,No,765,10.5,112,NA,NA,0,15,NA,NA,0,20.16831395
NELITCSE,NELITCSE_409,NELITCSE_NTCC,Zea mays (Corn),3090.819222,16157.23,2000,No Till,None,No,765,10.5,112,NA,NA,0,15,NA,NA,0,20.16831395
NELITCSE,NELITCSE_411,NELITCSE_NTCSB,Zea mays (Corn),2538.976233,15299.82,2000,No Till,None,No,765,10.5,112,NA,NA,0,15,NA,NA,0,20.16831395
NELITCSE,NELITCSE_415,NELITCSE_CHCSB,Zea mays (Corn),1288.206864,8790.69,2000,Conservation Till,None,No,765,10.5,112,NA,NA,0,15,NA,NA,0,20.16831395
NELITCSE,NELITCSE_416,NELITCSE_CHCC,Zea mays (Corn),2312.200184,12017.54,2000,Conservation Till,None,No,765,10.5,112,NA,NA,0,15,NA,NA,0,20.16831395
NELITCSE,NELITCSE_419,NELITCSE_RTCSB,Zea mays (Corn),1618.38534,9868.6,2000,Conservation Till,None,No,765,10.5,112,NA,NA,0,15,NA,NA,0,20.16831395
NELITCSE,NELITCSE_420,NELITCSE_RTCC,Zea mays (Corn),1576.013824,9865.55,2000,Conservation Till,None,No,765,10.5,112,NA,NA,0,15,NA,NA,0,20.16831395
NELITCSE,NELITCSE_422,NELITCSE_MPCC,Zea mays (Corn),1325.957826,9867.6,2000,Conventional Till,None,No,765,10.5,112,NA,NA,0,15,NA,NA,0,20.16831395
NELITCSE,NELITCSE_424,NELITCSE_MPCSB,Zea mays (Corn),968.350599,7867.13,2000,Conventional Till,None,No,765,10.5,112,NA,NA,0,15,NA,NA,0,20.16831395
NELITCSE,NELITCSE_501,NELITCSE_DKCC,Zea mays (Corn),2834.660522,15266.68,2000,Conventional Till,None,No,765,10.5,112,NA,NA,0,15,NA,NA,0,20.16831395
NELITCSE,NELITCSE_502,NELITCSE_DKCSB,Zea mays (Corn),2637.327132,13627.27,2000,Conventional Till,None,No,765,10.5,112,NA,NA,0,15,NA,NA,0,20.16831395
NELITCSE,NELITCSE_507,NELITCSE_RTCSB,Zea mays (Corn),1940.511748,11063.51,2000,Conservation Till,None,No,765,10.5,112,NA,NA,0,15,NA,NA,0,20.16831395
NELITCSE,NELITCSE_508,NELITCSE_RTCC,Zea mays (Corn),1641.424938,10461.68,2000,Conservation Till,None,No,765,10.5,112,NA,NA,0,15,NA,NA,0,20.16831395
NELITCSE,NELITCSE_511,NELITCSE_CHCSB,Zea mays (Corn),2070.202148,11539.13,2000,Conservation Till,None,No,765,10.5,112,NA,NA,0,15,NA,NA,0,20.16831395
NELITCSE,NELITCSE_512,NELITCSE_CHCC,Zea mays (Corn),2679.467823,12984.28,2000,Conservation Till,None,No,765,10.5,112,NA,NA,0,15,NA,NA,0,20.16831395
NELITCSE,NELITCSE_514,NELITCSE_SSCSB,Zea mays (Corn),1426.547688,9436.06,2000,Sub Till,None,No,765,10.5,112,NA,NA,0,15,NA,NA,0,20.16831395
NELITCSE,NELITCSE_516,NELITCSE_SSCC,Zea mays (Corn),1907.542528,11367.64,2000,Sub Till,None,No,765,10.5,112,NA,NA,0,15,NA,NA,0,20.16831395
NELITCSE,NELITCSE_517,NELITCSE_NTCC,Zea mays (Corn),3238.362844,16853.34,2000,No Till,None,No,765,10.5,112,NA,NA,0,15,NA,NA,0,20.16831395
NELITCSE,NELITCSE_520,NELITCSE_NTCSB,Zea mays (Corn),2612.368245,13379.07,2000,No Till,None,No,765,10.5,112,NA,NA,0,15,NA,NA,0,20.16831395
NELITCSE,NELITCSE_523,NELITCSE_MPCC,Zea mays (Corn),870.073792,7217.81,2000,Conventional Till,None,No,765,10.5,112,NA,NA,0,15,NA,NA,0,20.16831395
NELITCSE,NELITCSE_524,NELITCSE_MPCSB,Zea mays (Corn),1949.570506,11758.77,2000,Conventional Till,None,No,765,10.5,112,NA,NA,0,15,NA,NA,0,20.16831395
NELITCSE,NELITCSE_601,NELITCSE_NTCC,Zea mays (Corn),2545.18864,14144.29,2000,No Till,None,No,765,10.5,112,NA,NA,0,15,NA,NA,0,20.16831395
NELITCSE,NELITCSE_604,NELITCSE_NTCSB,Zea mays (Corn),3239.833935,17068.4,2000,No Till,None,No,765,10.5,112,NA,NA,0,15,NA,NA,0,20.16831395
NELITCSE,NELITCSE_605,NELITCSE_DKCC,Zea mays (Corn),3016.89745,15183.36,2000,Conventional Till,None,No,765,10.5,112,NA,NA,0,15,NA,NA,0,20.16831395
NELITCSE,NELITCSE_606,NELITCSE_DKCSB,Zea mays (Corn),3423.47502,17527.3,2000,Conventional Till,None,No,765,10.5,112,NA,NA,0,15,NA,NA,0,20.16831395
NELITCSE,NELITCSE_609,NELITCSE_SSCC,Zea mays (Corn),3278.395252,17949.2,2000,Sub Till,None,No,765,10.5,112,NA,NA,0,15,NA,NA,0,20.16831395
NELITCSE,NELITCSE_612,NELITCSE_SSCSB,Zea mays (Corn),2807.930796,14174.29,2000,Sub Till,None,No,765,10.5,112,NA,NA,0,15,NA,NA,0,20.16831395
NELITCSE,NELITCSE_613,NELITCSE_RTCSB,Zea mays (Corn),2113.06752,13829.98,2000,Conservation Till,None,No,765,10.5,112,NA,NA,0,15,NA,NA,0,20.16831395
NELITCSE,NELITCSE_616,NELITCSE_RTCC,Zea mays (Corn),298.98391,16792.75,2000,Conservation Till,None,No,765,10.5,112,NA,NA,0,15,NA,NA,0,20.16831395
NELITCSE,NELITCSE_617,NELITCSE_MPCSB,Zea mays (Corn),2151.0316,12397.13,2000,Conventional Till,None,No,765,10.5,112,NA,NA,0,15,NA,NA,0,20.16831395
NELITCSE,NELITCSE_620,NELITCSE_MPCC,Zea mays (Corn),1276.995456,8795.19,2000,Conventional Till,None,No,765,10.5,112,NA,NA,0,15,NA,NA,0,20.16831395
NELITCSE,NELITCSE_621,NELITCSE_CHCC,Zea mays (Corn),2517.356727,13290.47,2000,Conservation Till,None,No,765,10.5,112,NA,NA,0,15,NA,NA,0,20.16831395
NELITCSE,NELITCSE_624,NELITCSE_CHCSB,Zea mays (Corn),3424.256142,16528.88,2000,Conservation Till,None,No,765,10.5,112,NA,NA,0,15,NA,NA,0,20.16831395
NELITCSE,NELITCSE_103,NELITCSE_RTSBC,Zea mays (Corn),2635.532064,14155.19,2001,Conservation Till,None,No,765,10.5,112,NA,NA,0,15,NA,NA,0,21.79545455
NELITCSE,NELITCSE_104,NELITCSE_RTCC,Zea mays (Corn),3408.856104,13124.05,2001,Conservation Till,None,No,765,10.5,112,NA,NA,0,15,NA,NA,0,21.79545455
NELITCSE,NELITCSE_107,NELITCSE_CHSBC,Zea mays (Corn),3021.888243,15588.3,2001,Conservation Till,None,No,765,10.5,112,NA,NA,0,15,NA,NA,0,21.79545455
NELITCSE,NELITCSE_108,NELITCSE_CHCC,Zea mays (Corn),2269.32893,11683.75,2001,Conservation Till,None,No,765,10.5,112,NA,NA,0,15,NA,NA,0,21.79545455
NELITCSE,NELITCSE_110,NELITCSE_SSCC,Zea mays (Corn),2063.855744,10753.14,2001,Sub Till,None,No,765,10.5,112,NA,NA,0,15,NA,NA,0,21.79545455
NELITCSE,NELITCSE_111,NELITCSE_SSSBC,Zea mays (Corn),2612.26368,12401.64,2001,Sub Till,None,No,765,10.5,112,NA,NA,0,15,NA,NA,0,21.79545455
NELITCSE,NELITCSE_114,NELITCSE_DKSBC,Zea mays (Corn),2978.985905,14666.39,2001,Conventional Till,None,No,765,10.5,112,NA,NA,0,15,NA,NA,0,21.79545455
NELITCSE,NELITCSE_116,NELITCSE_DKCC,Zea mays (Corn),2777.836168,13833.5,2001,Conventional Till,None,No,765,10.5,112,NA,NA,0,15,NA,NA,0,21.79545455
NELITCSE,NELITCSE_117,NELITCSE_NTCC,Zea mays (Corn),3067.130352,16729.65,2001,No Till,None,No,765,10.5,112,NA,NA,0,15,NA,NA,0,21.79545455
NELITCSE,NELITCSE_118,NELITCSE_NTSBC,Zea mays (Corn),3616.279636,20833.71,2001,No Till,None,No,765,10.5,112,NA,NA,0,15,NA,NA,0,21.79545455
NELITCSE,NELITCSE_122,NELITCSE_MPSBC,Zea mays (Corn),2982.14994,15094.71,2001,Conventional Till,None,No,765,10.5,112,NA,NA,0,15,NA,NA,0,21.79545455
NELITCSE,NELITCSE_124,NELITCSE_MPCC,Zea mays (Corn),2212.993923,11583.72,2001,Conventional Till,None,No,765,10.5,112,NA,NA,0,15,NA,NA,0,21.79545455
NELITCSE,NELITCSE_201,NELITCSE_SSCC,Zea mays (Corn),3305.926822,16852.93,2001,Sub Till,None,No,765,10.5,112,NA,NA,0,15,NA,NA,0,21.79545455
NELITCSE,NELITCSE_203,NELITCSE_SSSBC,Zea mays (Corn),3550.227291,17777.8,2001,Sub Till,None,No,765,10.5,112,NA,NA,0,15,NA,NA,0,21.79545455
NELITCSE,NELITCSE_205,NELITCSE_DKCC,Zea mays (Corn),3814.327341,18472.94,2001,Conventional Till,None,No,765,10.5,112,NA,NA,0,15,NA,NA,0,21.79545455
NELITCSE,NELITCSE_208,NELITCSE_DKSBC,Zea mays (Corn),3887.6705,18018.39,2001,Conventional Till,None,No,765,10.5,112,NA,NA,0,15,NA,NA,0,21.79545455
NELITCSE,NELITCSE_209,NELITCSE_CHSBC,Zea mays (Corn),3156.66199,15976.27,2001,Conservation Till,None,No,765,10.5,112,NA,NA,0,15,NA,NA,0,21.79545455
NELITCSE,NELITCSE_211,NELITCSE_CHCC,Zea mays (Corn),3090.691487,13486.62,2001,Conservation Till,None,No,765,10.5,112,NA,NA,0,15,NA,NA,0,21.79545455
NELITCSE,NELITCSE_213,NELITCSE_RTCC,Zea mays (Corn),3521.22123,18171.45,2001,Conservation Till,None,No,765,10.5,112,NA,NA,0,15,NA,NA,0,21.79545455
NELITCSE,NELITCSE_214,NELITCSE_RTSBC,Zea mays (Corn),3245.809266,18128.49,2001,Conservation Till,None,No,765,10.5,112,NA,NA,0,15,NA,NA,0,21.79545455
NELITCSE,NELITCSE_217,NELITCSE_NTSBC,Zea mays (Corn),3757.35411,17702.03,2001,No Till,None,No,765,10.5,112,NA,NA,0,15,NA,NA,0,21.79545455
NELITCSE,NELITCSE_218,NELITCSE_NTCC,Zea mays (Corn),3161.631232,15892.58,2001,No Till,None,No,765,10.5,112,NA,NA,0,15,NA,NA,0,21.79545455
NELITCSE,NELITCSE_223,NELITCSE_MPSBC,Zea mays (Corn),3407.242055,16895.44,2001,Conventional Till,None,No,765,10.5,112,NA,NA,0,15,NA,NA,0,21.79545455
NELITCSE,NELITCSE_224,NELITCSE_MPCC,Zea mays (Corn),3188.699741,15245.77,2001,Conventional Till,None,No,765,10.5,112,NA,NA,0,15,NA,NA,0,21.79545455
NELITCSE,NELITCSE_302,NELITCSE_RTSBC,Zea mays (Corn),3234.851424,15154.95,2001,Conservation Till,None,No,765,10.5,112,NA,NA,0,15,NA,NA,0,21.79545455
NELITCSE,NELITCSE_304,NELITCSE_RTCC,Zea mays (Corn),2904.239624,13889.92,2001,Conservation Till,None,No,765,10.5,112,NA,NA,0,15,NA,NA,0,21.79545455
NELITCSE,NELITCSE_306,NELITCSE_CHSBC,Zea mays (Corn),2974.094128,15897.6,2001,Conservation Till,None,No,765,10.5,112,NA,NA,0,15,NA,NA,0,21.79545455
NELITCSE,NELITCSE_307,NELITCSE_CHCC,Zea mays (Corn),3087.464418,14648.69,2001,Conservation Till,None,No,765,10.5,112,NA,NA,0,15,NA,NA,0,21.79545455
NELITCSE,NELITCSE_310,NELITCSE_MPSBC,Zea mays (Corn),3396.030385,17378.75,2001,Conventional Till,None,No,765,10.5,112,NA,NA,0,15,NA,NA,0,21.79545455
NELITCSE,NELITCSE_312,NELITCSE_MPCC,Zea mays (Corn),2008.106606,11087.28,2001,Conventional Till,None,No,765,10.5,112,NA,NA,0,15,NA,NA,0,21.79545455
NELITCSE,NELITCSE_313,NELITCSE_NTSBC,Zea mays (Corn),3520.5437,17169.28,2001,No Till,None,No,765,10.5,112,NA,NA,0,15,NA,NA,0,21.79545455
NELITCSE,NELITCSE_314,NELITCSE_NTCC,Zea mays (Corn),3374.55497,15750.46,2001,No Till,None,No,765,10.5,112,NA,NA,0,15,NA,NA,0,21.79545455
NELITCSE,NELITCSE_318,NELITCSE_DKCC,Zea mays (Corn),3488.249216,16995.68,2001,Conventional Till,None,No,765,10.5,112,NA,NA,0,15,NA,NA,0,21.79545455
NELITCSE,NELITCSE_319,NELITCSE_DKSBC,Zea mays (Corn),3517.409077,15786.18,2001,Conventional Till,None,No,765,10.5,112,NA,NA,0,15,NA,NA,0,21.79545455
NELITCSE,NELITCSE_321,NELITCSE_SSCC,Zea mays (Corn),3284.15415,16265.77,2001,Sub Till,None,No,765,10.5,112,NA,NA,0,15,NA,NA,0,21.79545455
NELITCSE,NELITCSE_322,NELITCSE_SSSBC,Zea mays (Corn),3423.03533,18575.9,2001,Sub Till,None,No,765,10.5,112,NA,NA,0,15,NA,NA,0,21.79545455
NELITCSE,NELITCSE_401,NELITCSE_SSSBC,Zea mays (Corn),3714.943491,18461.59,2001,Sub Till,None,No,765,10.5,112,NA,NA,0,15,NA,NA,0,21.79545455
NELITCSE,NELITCSE_404,NELITCSE_SSCC,Zea mays (Corn),2320.996815,12726.38,2001,Sub Till,None,No,765,10.5,112,NA,NA,0,15,NA,NA,0,21.79545455
NELITCSE,NELITCSE_406,NELITCSE_DKSBC,Zea mays (Corn),3105.938616,16335.84,2001,Conventional Till,None,No,765,10.5,112,NA,NA,0,15,NA,NA,0,21.79545455
NELITCSE,NELITCSE_407,NELITCSE_DKCC,Zea mays (Corn),2779.0374,13391.49,2001,Conventional Till,None,No,765,10.5,112,NA,NA,0,15,NA,NA,0,21.79545455
NELITCSE,NELITCSE_409,NELITCSE_NTCC,Zea mays (Corn),2714.152584,13177.95,2001,No Till,None,No,765,10.5,112,NA,NA,0,15,NA,NA,0,21.79545455
NELITCSE,NELITCSE_412,NELITCSE_NTSBC,Zea mays (Corn),3634.20288,18581.33,2001,No Till,None,No,765,10.5,112,NA,NA,0,15,NA,NA,0,21.79545455
NELITCSE,NELITCSE_414,NELITCSE_CHSBC,Zea mays (Corn),2978.281152,13995.59,2001,Conservation Till,None,No,765,10.5,112,NA,NA,0,15,NA,NA,0,21.79545455
NELITCSE,NELITCSE_416,NELITCSE_CHCC,Zea mays (Corn),2778.718044,14549.34,2001,Conservation Till,None,No,765,10.5,112,NA,NA,0,15,NA,NA,0,21.79545455
NELITCSE,NELITCSE_417,NELITCSE_RTSBC,Zea mays (Corn),3013.923296,13636.53,2001,Conservation Till,None,No,765,10.5,112,NA,NA,0,15,NA,NA,0,21.79545455
NELITCSE,NELITCSE_420,NELITCSE_RTCC,Zea mays (Corn),3209.140668,14955.07,2001,Conservation Till,None,No,765,10.5,112,NA,NA,0,15,NA,NA,0,21.79545455
NELITCSE,NELITCSE_421,NELITCSE_MPSBC,Zea mays (Corn),3853.628779,19672.85,2001,Conventional Till,None,No,765,10.5,112,NA,NA,0,15,NA,NA,0,21.79545455
NELITCSE,NELITCSE_422,NELITCSE_MPCC,Zea mays (Corn),2414.882419,12080,2001,Conventional Till,None,No,765,10.5,112,NA,NA,0,15,NA,NA,0,21.79545455
NELITCSE,NELITCSE_501,NELITCSE_DKCC,Zea mays (Corn),2602.898534,15962.17,2001,Conventional Till,None,No,765,10.5,112,NA,NA,0,15,NA,NA,0,21.79545455
NELITCSE,NELITCSE_503,NELITCSE_DKSBC,Zea mays (Corn),2963.885891,14190.48,2001,Conventional Till,None,No,765,10.5,112,NA,NA,0,15,NA,NA,0,21.79545455
NELITCSE,NELITCSE_506,NELITCSE_RTSBC,Zea mays (Corn),2766.073502,15959.68,2001,Conservation Till,None,No,765,10.5,112,NA,NA,0,15,NA,NA,0,21.79545455
NELITCSE,NELITCSE_508,NELITCSE_RTCC,Zea mays (Corn),2794.142553,14870.93,2001,Conservation Till,None,No,765,10.5,112,NA,NA,0,15,NA,NA,0,21.79545455
NELITCSE,NELITCSE_509,NELITCSE_CHSBC,Zea mays (Corn),3568.722,19403.96,2001,Conservation Till,None,No,765,10.5,112,NA,NA,0,15,NA,NA,0,21.79545455
NELITCSE,NELITCSE_512,NELITCSE_CHCC,Zea mays (Corn),3518.243196,17395.39,2001,Conservation Till,None,No,765,10.5,112,NA,NA,0,15,NA,NA,0,21.79545455
NELITCSE,NELITCSE_515,NELITCSE_SSSBC,Zea mays (Corn),4234.08299,24814.34,2001,Sub Till,None,No,765,10.5,112,NA,NA,0,15,NA,NA,0,21.79545455
NELITCSE,NELITCSE_516,NELITCSE_SSCC,Zea mays (Corn),3572.851734,14637.26,2001,Sub Till,None,No,765,10.5,112,NA,NA,0,15,NA,NA,0,21.79545455
NELITCSE,NELITCSE_517,NELITCSE_NTCC,Zea mays (Corn),3417.2766,17002.89,2001,No Till,None,No,765,10.5,112,NA,NA,0,15,NA,NA,0,21.79545455
NELITCSE,NELITCSE_518,NELITCSE_NTSBC,Zea mays (Corn),3320.614745,15433.47,2001,No Till,None,No,765,10.5,112,NA,NA,0,15,NA,NA,0,21.79545455
NELITCSE,NELITCSE_522,NELITCSE_MPSBC,Zea mays (Corn),4257.6553,20680.82,2001,Conventional Till,None,No,765,10.5,112,NA,NA,0,15,NA,NA,0,21.79545455
NELITCSE,NELITCSE_523,NELITCSE_MPCC,Zea mays (Corn),2974.337244,15654.75,2001,Conventional Till,None,No,765,10.5,112,NA,NA,0,15,NA,NA,0,21.79545455
NELITCSE,NELITCSE_601,NELITCSE_NTCC,Zea mays (Corn),2986.11711,15015.26,2001,No Till,None,No,765,10.5,112,NA,NA,0,15,NA,NA,0,21.79545455
NELITCSE,NELITCSE_602,NELITCSE_NTSBC,Zea mays (Corn),3699.8031,18866.45,2001,No Till,None,No,765,10.5,112,NA,NA,0,15,NA,NA,0,21.79545455
NELITCSE,NELITCSE_605,NELITCSE_DKCC,Zea mays (Corn),3586.78824,17901.58,2001,Conventional Till,None,No,765,10.5,112,NA,NA,0,15,NA,NA,0,21.79545455
NELITCSE,NELITCSE_608,NELITCSE_DKSBC,Zea mays (Corn),3204.1705,16957.07,2001,Conventional Till,None,No,765,10.5,112,NA,NA,0,15,NA,NA,0,21.79545455
NELITCSE,NELITCSE_609,NELITCSE_SSCC,Zea mays (Corn),3126.79458,15529.12,2001,Sub Till,None,No,765,10.5,112,NA,NA,0,15,NA,NA,0,21.79545455
NELITCSE,NELITCSE_611,NELITCSE_SSSBC,Zea mays (Corn),2768.95446,14060.82,2001,Sub Till,None,No,765,10.5,112,NA,NA,0,15,NA,NA,0,21.79545455
NELITCSE,NELITCSE_614,NELITCSE_RTSBC,Zea mays (Corn),2625.700434,14566.25,2001,Conservation Till,None,No,765,10.5,112,NA,NA,0,15,NA,NA,0,21.79545455
NELITCSE,NELITCSE_616,NELITCSE_RTCC,Zea mays (Corn),2363.145414,14246.59,2001,Conservation Till,None,No,765,10.5,112,NA,NA,0,15,NA,NA,0,21.79545455
NELITCSE,NELITCSE_618,NELITCSE_MPSBC,Zea mays (Corn),3482.784473,17093.54,2001,Conventional Till,None,No,765,10.5,112,NA,NA,0,15,NA,NA,0,21.79545455
NELITCSE,NELITCSE_620,NELITCSE_MPCC,Zea mays (Corn),2710.897476,14837.7,2001,Conventional Till,None,No,765,10.5,112,NA,NA,0,15,NA,NA,0,21.79545455
NELITCSE,NELITCSE_621,NELITCSE_CHCC,Zea mays (Corn),3731.04613,20673.21,2001,Conservation Till,None,No,765,10.5,112,NA,NA,0,15,NA,NA,0,21.79545455
NELITCSE,NELITCSE_622,NELITCSE_CHSBC,Zea mays (Corn),4813.112359,23133.82,2001,Conservation Till,None,No,765,10.5,112,NA,NA,0,15,NA,NA,0,21.79545455
NELITCSE,NELITCSE_102,NELITCSE_RTCSB,Zea mays (Corn),773.777396,4945.24,2002,Conservation Till,None,No,765,10.5,112,NA,NA,0,15,NA,NA,0,25.81257485
NELITCSE,NELITCSE_104,NELITCSE_RTCC,Zea mays (Corn),145.520371,2867.34,2002,Conservation Till,None,No,765,10.5,112,NA,NA,0,15,NA,NA,0,25.81257485
NELITCSE,NELITCSE_106,NELITCSE_CHCSB,Zea mays (Corn),586.621676,4774.48,2002,Conservation Till,None,No,765,10.5,112,NA,NA,0,15,NA,NA,0,25.81257485
NELITCSE,NELITCSE_110,NELITCSE_SSCC,Zea mays (Corn),58.78719,2402.91,2002,Sub Till,None,No,765,10.5,112,NA,NA,0,15,NA,NA,0,25.81257485
NELITCSE,NELITCSE_112,NELITCSE_SSCSB,Zea mays (Corn),453.264217,3863.11,2002,Sub Till,None,No,765,10.5,112,NA,NA,0,15,NA,NA,0,25.81257485
NELITCSE,NELITCSE_115,NELITCSE_DKCSB,Zea mays (Corn),496.905975,4650.43,2002,Conventional Till,None,No,765,10.5,112,NA,NA,0,15,NA,NA,0,25.81257485
NELITCSE,NELITCSE_116,NELITCSE_DKCC,Zea mays (Corn),110.65431,2685.81,2002,Conventional Till,None,No,765,10.5,112,NA,NA,0,15,NA,NA,0,25.81257485
NELITCSE,NELITCSE_117,NELITCSE_NTCC,Zea mays (Corn),571.07281,5389.6,2002,No Till,None,No,765,10.5,112,NA,NA,0,15,NA,NA,0,25.81257485
NELITCSE,NELITCSE_119,NELITCSE_NTCSB,Zea mays (Corn),1073.074555,7062.04,2002,No Till,None,No,765,10.5,112,NA,NA,0,15,NA,NA,0,25.81257485
NELITCSE,NELITCSE_121,NELITCSE_MPCSB,Zea mays (Corn),800.677604,5876.48,2002,Conventional Till,None,No,765,10.5,112,NA,NA,0,15,NA,NA,0,25.81257485
NELITCSE,NELITCSE_124,NELITCSE_MPCC,Zea mays (Corn),115.74684,2597.73,2002,Conventional Till,None,No,765,10.5,112,NA,NA,0,15,NA,NA,0,25.81257485
NELITCSE,NELITCSE_201,NELITCSE_SSCC,Zea mays (Corn),50.784458,2347.74,2002,Sub Till,None,No,765,10.5,112,NA,NA,0,15,NA,NA,0,25.81257485
NELITCSE,NELITCSE_202,NELITCSE_SSCSB,Zea mays (Corn),547.481922,4791.51,2002,Sub Till,None,No,765,10.5,112,NA,NA,0,15,NA,NA,0,25.81257485
NELITCSE,NELITCSE_205,NELITCSE_DKCC,Zea mays (Corn),57.451112,2889.04,2002,Conventional Till,None,No,765,10.5,112,NA,NA,0,15,NA,NA,0,25.81257485
NELITCSE,NELITCSE_207,NELITCSE_DKCSB,Zea mays (Corn),197.972125,3098.69,2002,Conventional Till,None,No,765,10.5,112,NA,NA,0,15,NA,NA,0,25.81257485
NELITCSE,NELITCSE_210,NELITCSE_CHCSB,Zea mays (Corn),617.511132,4501.67,2002,Conservation Till,None,No,765,10.5,112,NA,NA,0,15,NA,NA,0,25.81257485
NELITCSE,NELITCSE_211,NELITCSE_CHCC,Zea mays (Corn),148.967106,3121.95,2002,Conservation Till,None,No,765,10.5,112,NA,NA,0,15,NA,NA,0,25.81257485
NELITCSE,NELITCSE_213,NELITCSE_RTCC,Zea mays (Corn),339.862308,3839.51,2002,Conservation Till,None,No,765,10.5,112,NA,NA,0,15,NA,NA,0,25.81257485
NELITCSE,NELITCSE_216,NELITCSE_RTCSB,Zea mays (Corn),795.503778,5533.15,2002,Conservation Till,None,No,765,10.5,112,NA,NA,0,15,NA,NA,0,25.81257485
NELITCSE,NELITCSE_218,NELITCSE_NTCC,Zea mays (Corn),527.974032,4728.2,2002,No Till,None,No,765,10.5,112,NA,NA,0,15,NA,NA,0,25.81257485
NELITCSE,NELITCSE_220,NELITCSE_NTCSB,Zea mays (Corn),1234.218738,7573.47,2002,No Till,None,No,765,10.5,112,NA,NA,0,15,NA,NA,0,25.81257485
NELITCSE,NELITCSE_221,NELITCSE_MPCSB,Zea mays (Corn),923.364004,6973.74,2002,Conventional Till,None,No,765,10.5,112,NA,NA,0,15,NA,NA,0,25.81257485
NELITCSE,NELITCSE_224,NELITCSE_MPCC,Zea mays (Corn),148.482531,7669.43,2002,Conventional Till,None,No,765,10.5,112,NA,NA,0,15,NA,NA,0,25.81257485
NELITCSE,NELITCSE_301,NELITCSE_RTCSB,Zea mays (Corn),461.528514,4110.3,2002,Conservation Till,None,No,765,10.5,112,NA,NA,0,15,NA,NA,0,25.81257485
NELITCSE,NELITCSE_304,NELITCSE_RTCC,Zea mays (Corn),141.136002,2237.42,2002,Conservation Till,None,No,765,10.5,112,NA,NA,0,15,NA,NA,0,25.81257485
NELITCSE,NELITCSE_308,NELITCSE_CHCSB,Zea mays (Corn),673.295146,5286.44,2002,Conservation Till,None,No,765,10.5,112,NA,NA,0,15,NA,NA,0,25.81257485
NELITCSE,NELITCSE_309,NELITCSE_MPCSB,Zea mays (Corn),1011.791116,6483.07,2002,Conventional Till,None,No,765,10.5,112,NA,NA,0,15,NA,NA,0,25.81257485
NELITCSE,NELITCSE_312,NELITCSE_MPCC,Zea mays (Corn),94.337365,2592.23,2002,Conventional Till,None,No,765,10.5,112,NA,NA,0,15,NA,NA,0,25.81257485
NELITCSE,NELITCSE_314,NELITCSE_NTCC,Zea mays (Corn),425.963748,3580.33,2002,No Till,None,No,765,10.5,112,NA,NA,0,15,NA,NA,0,25.81257485
NELITCSE,NELITCSE_315,NELITCSE_NTCSB,Zea mays (Corn),1104.499656,6527.85,2002,No Till,None,No,765,10.5,112,NA,NA,0,15,NA,NA,0,25.81257485
NELITCSE,NELITCSE_318,NELITCSE_DKCC,Zea mays (Corn),38.363288,1976.05,2002,Conventional Till,None,No,765,10.5,112,NA,NA,0,15,NA,NA,0,25.81257485
NELITCSE,NELITCSE_324,NELITCSE_SSCSB,Zea mays (Corn),828.994859,5454.55,2002,Sub Till,None,No,765,10.5,112,NA,NA,0,15,NA,NA,0,25.81257485
NELITCSE,NELITCSE_403,NELITCSE_SSCSB,Zea mays (Corn),318.185625,2862.81,2002,Sub Till,None,No,765,10.5,112,NA,NA,0,15,NA,NA,0,25.81257485
NELITCSE,NELITCSE_408,NELITCSE_DKCSB,Zea mays (Corn),195.123114,14334.25,2002,Conventional Till,None,No,765,10.5,112,NA,NA,0,15,NA,NA,0,25.81257485
NELITCSE,NELITCSE_409,NELITCSE_NTCC,Zea mays (Corn),235.82196,3677.34,2002,No Till,None,No,765,10.5,112,NA,NA,0,15,NA,NA,0,25.81257485
NELITCSE,NELITCSE_411,NELITCSE_NTCSB,Zea mays (Corn),1106.775324,6429.95,2002,No Till,None,No,765,10.5,112,NA,NA,0,15,NA,NA,0,25.81257485
NELITCSE,NELITCSE_415,NELITCSE_CHCSB,Zea mays (Corn),224.465228,3324.14,2002,Conservation Till,None,No,765,10.5,112,NA,NA,0,15,NA,NA,0,25.81257485
NELITCSE,NELITCSE_419,NELITCSE_RTCSB,Zea mays (Corn),427.60611,5099.12,2002,Conservation Till,None,No,765,10.5,112,NA,NA,0,15,NA,NA,0,25.81257485
NELITCSE,NELITCSE_420,NELITCSE_RTCC,Zea mays (Corn),116.943816,2761.94,2002,Conservation Till,None,No,765,10.5,112,NA,NA,0,15,NA,NA,0,25.81257485
NELITCSE,NELITCSE_424,NELITCSE_MPCSB,Zea mays (Corn),823.723626,6178.36,2002,Conventional Till,None,No,765,10.5,112,NA,NA,0,15,NA,NA,0,25.81257485
NELITCSE,NELITCSE_501,NELITCSE_DKCC,Zea mays (Corn),180.141174,3654.06,2002,Conventional Till,None,No,765,10.5,112,NA,NA,0,15,NA,NA,0,25.81257485
NELITCSE,NELITCSE_507,NELITCSE_RTCSB,Zea mays (Corn),461.101945,4546.37,2002,Conservation Till,None,No,765,10.5,112,NA,NA,0,15,NA,NA,0,25.81257485
NELITCSE,NELITCSE_508,NELITCSE_RTCC,Zea mays (Corn),251.227656,3997.08,2002,Conservation Till,None,No,765,10.5,112,NA,NA,0,15,NA,NA,0,25.81257485
NELITCSE,NELITCSE_511,NELITCSE_CHCSB,Zea mays (Corn),559.070592,4963.3,2002,Conservation Till,None,No,765,10.5,112,NA,NA,0,15,NA,NA,0,25.81257485
NELITCSE,NELITCSE_512,NELITCSE_CHCC,Zea mays (Corn),78.561216,3057.2,2002,Conservation Till,None,No,765,10.5,112,NA,NA,0,15,NA,NA,0,25.81257485
NELITCSE,NELITCSE_514,NELITCSE_SSCSB,Zea mays (Corn),991.750805,7088.29,2002,Sub Till,None,No,765,10.5,112,NA,NA,0,15,NA,NA,0,25.81257485
NELITCSE,NELITCSE_517,NELITCSE_NTCC,Zea mays (Corn),470.642231,4370.2,2002,No Till,None,No,765,10.5,112,NA,NA,0,15,NA,NA,0,25.81257485
NELITCSE,NELITCSE_520,NELITCSE_NTCSB,Zea mays (Corn),1426.271721,7660.09,2002,No Till,None,No,765,10.5,112,NA,NA,0,15,NA,NA,0,25.81257485
NELITCSE,NELITCSE_523,NELITCSE_MPCC,Zea mays (Corn),561.208872,4350.08,2002,Conventional Till,None,No,765,10.5,112,NA,NA,0,15,NA,NA,0,25.81257485
NELITCSE,NELITCSE_524,NELITCSE_MPCSB,Zea mays (Corn),1244.416593,7175.34,2002,Conventional Till,None,No,765,10.5,112,NA,NA,0,15,NA,NA,0,25.81257485
NELITCSE,NELITCSE_601,NELITCSE_NTCC,Zea mays (Corn),849.310672,5770.73,2002,No Till,None,No,765,10.5,112,NA,NA,0,15,NA,NA,0,25.81257485
NELITCSE,NELITCSE_604,NELITCSE_NTCSB,Zea mays (Corn),1132.598254,7256.85,2002,No Till,None,No,765,10.5,112,NA,NA,0,15,NA,NA,0,25.81257485
NELITCSE,NELITCSE_605,NELITCSE_DKCC,Zea mays (Corn),446.684559,4234.54,2002,Conventional Till,None,No,765,10.5,112,NA,NA,0,15,NA,NA,0,25.81257485
NELITCSE,NELITCSE_606,NELITCSE_DKCSB,Zea mays (Corn),487.79082,4038.4,2002,Conventional Till,None,No,765,10.5,112,NA,NA,0,15,NA,NA,0,25.81257485
NELITCSE,NELITCSE_609,NELITCSE_SSCC,Zea mays (Corn),270.849912,3289.6,2002,Sub Till,None,No,765,10.5,112,NA,NA,0,15,NA,NA,0,25.81257485
NELITCSE,NELITCSE_612,NELITCSE_SSCSB,Zea mays (Corn),201.49985,3378.05,2002,Sub Till,None,No,765,10.5,112,NA,NA,0,15,NA,NA,0,25.81257485
NELITCSE,NELITCSE_613,NELITCSE_RTCSB,Zea mays (Corn),633.3,5240.2,2002,Conservation Till,None,No,765,10.5,112,NA,NA,0,15,NA,NA,0,25.81257485
NELITCSE,NELITCSE_616,NELITCSE_RTCC,Zea mays (Corn),174.923959,2845.38,2002,Conservation Till,None,No,765,10.5,112,NA,NA,0,15,NA,NA,0,25.81257485
NELITCSE,NELITCSE_617,NELITCSE_MPCSB,Zea mays (Corn),315.614256,3598.06,2002,Conventional Till,None,No,765,10.5,112,NA,NA,0,15,NA,NA,0,25.81257485
NELITCSE,NELITCSE_621,NELITCSE_CHCC,Zea mays (Corn),663.3909,4542.1,2002,Conservation Till,None,No,765,10.5,112,NA,NA,0,15,NA,NA,0,25.81257485
NELITCSE,NELITCSE_624,NELITCSE_CHCSB,Zea mays (Corn),1640.2991,7693.22,2002,Conservation Till,None,No,765,10.5,112,NA,NA,0,15,NA,NA,0,25.81257485
NELITCSE,NELITCSE_103,NELITCSE_RTSBC,Zea mays (Corn),2623.20812,13810.14,2003,Conservation Till,None,No,765,10.5,112,NA,NA,0,15,NA,NA,389.382,21.2612
NELITCSE,NELITCSE_104,NELITCSE_RTCC,Zea mays (Corn),2135.033238,10358.39,2003,Conservation Till,None,No,765,10.5,112,NA,NA,0,15,NA,NA,389.382,21.2612
NELITCSE,NELITCSE_107,NELITCSE_CHSBC,Zea mays (Corn),2638.2924,14966.06,2003,Conservation Till,None,No,765,10.5,112,NA,NA,0,15,NA,NA,389.382,21.2612
NELITCSE,NELITCSE_108,NELITCSE_CHCC,Zea mays (Corn),2145.439926,10829,2003,Conservation Till,None,No,765,10.5,112,NA,NA,0,15,NA,NA,389.382,21.2612
NELITCSE,NELITCSE_110,NELITCSE_SSCC,Zea mays (Corn),1968.315492,11890.21,2003,Sub Till,None,No,765,10.5,112,NA,NA,0,15,NA,NA,389.382,21.2612
NELITCSE,NELITCSE_111,NELITCSE_SSSBC,Zea mays (Corn),2392.182016,12885.51,2003,Sub Till,None,No,765,10.5,112,NA,NA,0,15,NA,NA,389.382,21.2612
NELITCSE,NELITCSE_114,NELITCSE_DKSBC,Zea mays (Corn),2846.2247,14877.51,2003,Conventional Till,None,No,765,10.5,112,NA,NA,0,15,NA,NA,389.382,21.2612
NELITCSE,NELITCSE_116,NELITCSE_DKCC,Zea mays (Corn),2469.099022,13360.19,2003,Conventional Till,None,No,765,10.5,112,NA,NA,0,15,NA,NA,389.382,21.2612
NELITCSE,NELITCSE_117,NELITCSE_NTCC,Zea mays (Corn),2848.064485,13987.33,2003,No Till,None,No,765,10.5,112,NA,NA,0,15,NA,NA,389.382,21.2612
NELITCSE,NELITCSE_118,NELITCSE_NTSBC,Zea mays (Corn),2641.719036,13591.17,2003,No Till,None,No,765,10.5,112,NA,NA,0,15,NA,NA,389.382,21.2612
NELITCSE,NELITCSE_122,NELITCSE_MPSBC,Zea mays (Corn),2506.117743,12399.71,2003,Conventional Till,None,No,765,10.5,112,NA,NA,0,15,NA,NA,389.382,21.2612
NELITCSE,NELITCSE_124,NELITCSE_MPCC,Zea mays (Corn),2589.639234,13181.37,2003,Conventional Till,None,No,765,10.5,112,NA,NA,0,15,NA,NA,389.382,21.2612
NELITCSE,NELITCSE_201,NELITCSE_SSCC,Zea mays (Corn),1974.713965,13158.01,2003,Sub Till,None,No,765,10.5,112,NA,NA,0,15,NA,NA,389.382,21.2612
NELITCSE,NELITCSE_203,NELITCSE_SSSBC,Zea mays (Corn),2037.662816,13271.74,2003,Sub Till,None,No,765,10.5,112,NA,NA,0,15,NA,NA,389.382,21.2612
NELITCSE,NELITCSE_205,NELITCSE_DKCC,Zea mays (Corn),2037.657705,11609.1,2003,Conventional Till,None,No,765,10.5,112,NA,NA,0,15,NA,NA,389.382,21.2612
NELITCSE,NELITCSE_208,NELITCSE_DKSBC,Zea mays (Corn),1918.752882,11559.12,2003,Conventional Till,None,No,765,10.5,112,NA,NA,0,15,NA,NA,389.382,21.2612
NELITCSE,NELITCSE_209,NELITCSE_CHSBC,Zea mays (Corn),2411.60164,13091.24,2003,Conservation Till,None,No,765,10.5,112,NA,NA,0,15,NA,NA,389.382,21.2612
NELITCSE,NELITCSE_211,NELITCSE_CHCC,Zea mays (Corn),2931.72246,15218.96,2003,Conservation Till,None,No,765,10.5,112,NA,NA,0,15,NA,NA,389.382,21.2612
NELITCSE,NELITCSE_213,NELITCSE_RTCC,Zea mays (Corn),2865.845916,15761.33,2003,Conservation Till,None,No,765,10.5,112,NA,NA,0,15,NA,NA,389.382,21.2612
NELITCSE,NELITCSE_214,NELITCSE_RTSBC,Zea mays (Corn),3132.691848,16470.11,2003,Conservation Till,None,No,765,10.5,112,NA,NA,0,15,NA,NA,389.382,21.2612
NELITCSE,NELITCSE_217,NELITCSE_NTSBC,Zea mays (Corn),2598.848176,14576.25,2003,No Till,None,No,765,10.5,112,NA,NA,0,15,NA,NA,389.382,21.2612
NELITCSE,NELITCSE_218,NELITCSE_NTCC,Zea mays (Corn),2800.203648,14130.08,2003,No Till,None,No,765,10.5,112,NA,NA,0,15,NA,NA,389.382,21.2612
NELITCSE,NELITCSE_223,NELITCSE_MPSBC,Zea mays (Corn),2951.192276,16513.16,2003,Conventional Till,None,No,765,10.5,112,NA,NA,0,15,NA,NA,389.382,21.2612
NELITCSE,NELITCSE_224,NELITCSE_MPCC,Zea mays (Corn),2737.16518,13865.88,2003,Conventional Till,None,No,765,10.5,112,NA,NA,0,15,NA,NA,389.382,21.2612
NELITCSE,NELITCSE_302,NELITCSE_RTSBC,Zea mays (Corn),2902.013842,14009.4,2003,Conservation Till,None,No,765,10.5,112,NA,NA,0,15,NA,NA,389.382,21.2612
NELITCSE,NELITCSE_304,NELITCSE_RTCC,Zea mays (Corn),2630.712,12354.12,2003,Conservation Till,None,No,765,10.5,112,NA,NA,0,15,NA,NA,389.382,21.2612
NELITCSE,NELITCSE_306,NELITCSE_CHSBC,Zea mays (Corn),3091.9044,14287.77,2003,Conservation Till,None,No,765,10.5,112,NA,NA,0,15,NA,NA,389.382,21.2612
NELITCSE,NELITCSE_307,NELITCSE_CHCC,Zea mays (Corn),2423.250984,12846.46,2003,Conservation Till,None,No,765,10.5,112,NA,NA,0,15,NA,NA,389.382,21.2612
NELITCSE,NELITCSE_310,NELITCSE_MPSBC,Zea mays (Corn),2655.818847,12830.72,2003,Conventional Till,None,No,765,10.5,112,NA,NA,0,15,NA,NA,389.382,21.2612
NELITCSE,NELITCSE_312,NELITCSE_MPCC,Zea mays (Corn),2699.371224,13092.83,2003,Conventional Till,None,No,765,10.5,112,NA,NA,0,15,NA,NA,389.382,21.2612
NELITCSE,NELITCSE_313,NELITCSE_NTSBC,Zea mays (Corn),2808.390055,13413.93,2003,No Till,None,No,765,10.5,112,NA,NA,0,15,NA,NA,389.382,21.2612
NELITCSE,NELITCSE_314,NELITCSE_NTCC,Zea mays (Corn),2415.143808,11799.16,2003,No Till,None,No,765,10.5,112,NA,NA,0,15,NA,NA,389.382,21.2612
NELITCSE,NELITCSE_318,NELITCSE_DKCC,Zea mays (Corn),3166.581143,14631.99,2003,Conventional Till,None,No,765,10.5,112,NA,NA,0,15,NA,NA,389.382,21.2612
NELITCSE,NELITCSE_319,NELITCSE_DKSBC,Zea mays (Corn),3273.462196,16818.21,2003,Conventional Till,None,No,765,10.5,112,NA,NA,0,15,NA,NA,389.382,21.2612
NELITCSE,NELITCSE_321,NELITCSE_SSCC,Zea mays (Corn),2928.453368,15212.37,2003,Sub Till,None,No,765,10.5,112,NA,NA,0,15,NA,NA,389.382,21.2612
NELITCSE,NELITCSE_322,NELITCSE_SSSBC,Zea mays (Corn),3037.968102,15022.39,2003,Sub Till,None,No,765,10.5,112,NA,NA,0,15,NA,NA,389.382,21.2612
NELITCSE,NELITCSE_401,NELITCSE_SSSBC,Zea mays (Corn),2469.108921,13125.33,2003,Sub Till,None,No,765,10.5,112,NA,NA,0,15,NA,NA,389.382,21.2612
NELITCSE,NELITCSE_404,NELITCSE_SSCC,Zea mays (Corn),2433.961904,14659.08,2003,Sub Till,None,No,765,10.5,112,NA,NA,0,15,NA,NA,389.382,21.2612
NELITCSE,NELITCSE_406,NELITCSE_DKSBC,Zea mays (Corn),2354.296604,13255.19,2003,Conventional Till,None,No,765,10.5,112,NA,NA,0,15,NA,NA,389.382,21.2612
NELITCSE,NELITCSE_407,NELITCSE_DKCC,Zea mays (Corn),2414.026149,12279.74,2003,Conventional Till,None,No,765,10.5,112,NA,NA,0,15,NA,NA,389.382,21.2612
NELITCSE,NELITCSE_409,NELITCSE_NTCC,Zea mays (Corn),2855.383804,14657.02,2003,No Till,None,No,765,10.5,112,NA,NA,0,15,NA,NA,389.382,21.2612
NELITCSE,NELITCSE_412,NELITCSE_NTSBC,Zea mays (Corn),2844.508788,14444.67,2003,No Till,None,No,765,10.5,112,NA,NA,0,15,NA,NA,389.382,21.2612
NELITCSE,NELITCSE_414,NELITCSE_CHSBC,Zea mays (Corn),2390.6624,14098.64,2003,Conservation Till,None,No,765,10.5,112,NA,NA,0,15,NA,NA,389.382,21.2612
NELITCSE,NELITCSE_416,NELITCSE_CHCC,Zea mays (Corn),2879.24908,14277.32,2003,Conservation Till,None,No,765,10.5,112,NA,NA,0,15,NA,NA,389.382,21.2612
NELITCSE,NELITCSE_417,NELITCSE_RTSBC,Zea mays (Corn),3051.399434,16100.45,2003,Conservation Till,None,No,765,10.5,112,NA,NA,0,15,NA,NA,389.382,21.2612
NELITCSE,NELITCSE_420,NELITCSE_RTCC,Zea mays (Corn),2435.085367,12726.16,2003,Conservation Till,None,No,765,10.5,112,NA,NA,0,15,NA,NA,389.382,21.2612
NELITCSE,NELITCSE_421,NELITCSE_MPSBC,Zea mays (Corn),3158.536394,17789.49,2003,Conventional Till,None,No,765,10.5,112,NA,NA,0,15,NA,NA,389.382,21.2612
NELITCSE,NELITCSE_422,NELITCSE_MPCC,Zea mays (Corn),2893.021846,15485.58,2003,Conventional Till,None,No,765,10.5,112,NA,NA,0,15,NA,NA,389.382,21.2612
NELITCSE,NELITCSE_501,NELITCSE_DKCC,Zea mays (Corn),2282.399175,12857.94,2003,Conventional Till,None,No,765,10.5,112,NA,NA,0,15,NA,NA,389.382,21.2612
NELITCSE,NELITCSE_503,NELITCSE_DKSBC,Zea mays (Corn),2619.123796,14184.22,2003,Conventional Till,None,No,765,10.5,112,NA,NA,0,15,NA,NA,389.382,21.2612
NELITCSE,NELITCSE_506,NELITCSE_RTSBC,Zea mays (Corn),2696.044257,15960.44,2003,Conservation Till,None,No,765,10.5,112,NA,NA,0,15,NA,NA,389.382,21.2612
NELITCSE,NELITCSE_508,NELITCSE_RTCC,Zea mays (Corn),2617.54432,14105.09,2003,Conservation Till,None,No,765,10.5,112,NA,NA,0,15,NA,NA,389.382,21.2612
NELITCSE,NELITCSE_509,NELITCSE_CHSBC,Zea mays (Corn),2834.877285,15767.22,2003,Conservation Till,None,No,765,10.5,112,NA,NA,0,15,NA,NA,389.382,21.2612
NELITCSE,NELITCSE_512,NELITCSE_CHCC,Zea mays (Corn),2275.13823,12610.37,2003,Conservation Till,None,No,765,10.5,112,NA,NA,0,15,NA,NA,389.382,21.2612
NELITCSE,NELITCSE_515,NELITCSE_SSSBC,Zea mays (Corn),2688.81937,15751,2003,Sub Till,None,No,765,10.5,112,NA,NA,0,15,NA,NA,389.382,21.2612
NELITCSE,NELITCSE_516,NELITCSE_SSCC,Zea mays (Corn),2520.4176,13745.06,2003,Sub Till,None,No,765,10.5,112,NA,NA,0,15,NA,NA,389.382,21.2612
NELITCSE,NELITCSE_517,NELITCSE_NTCC,Zea mays (Corn),2727.41976,14790.21,2003,No Till,None,No,765,10.5,112,NA,NA,0,15,NA,NA,389.382,21.2612
NELITCSE,NELITCSE_518,NELITCSE_NTSBC,Zea mays (Corn),3031.896423,16472.13,2003,No Till,None,No,765,10.5,112,NA,NA,0,15,NA,NA,389.382,21.2612
NELITCSE,NELITCSE_522,NELITCSE_MPSBC,Zea mays (Corn),3078.77064,16450.8,2003,Conventional Till,None,No,765,10.5,112,NA,NA,0,15,NA,NA,389.382,21.2612
NELITCSE,NELITCSE_523,NELITCSE_MPCC,Zea mays (Corn),2953.677315,15182.79,2003,Conventional Till,None,No,765,10.5,112,NA,NA,0,15,NA,NA,389.382,21.2612
NELITCSE,NELITCSE_601,NELITCSE_NTCC,Zea mays (Corn),2298.160368,11805.06,2003,No Till,None,No,765,10.5,112,NA,NA,0,15,NA,NA,389.382,21.2612
NELITCSE,NELITCSE_602,NELITCSE_NTSBC,Zea mays (Corn),2434.97296,18586.84,2003,No Till,None,No,765,10.5,112,NA,NA,0,15,NA,NA,389.382,21.2612
NELITCSE,NELITCSE_605,NELITCSE_DKCC,Zea mays (Corn),2738.6161,14347.02,2003,Conventional Till,None,No,765,10.5,112,NA,NA,0,15,NA,NA,389.382,21.2612
NELITCSE,NELITCSE_608,NELITCSE_DKSBC,Zea mays (Corn),2934.462042,15951.45,2003,Conventional Till,None,No,765,10.5,112,NA,NA,0,15,NA,NA,389.382,21.2612
NELITCSE,NELITCSE_609,NELITCSE_SSCC,Zea mays (Corn),3032.301504,16492.2,2003,Sub Till,None,No,765,10.5,112,NA,NA,0,15,NA,NA,389.382,21.2612
NELITCSE,NELITCSE_611,NELITCSE_SSSBC,Zea mays (Corn),2060.05412,12288.57,2003,Sub Till,None,No,765,10.5,112,NA,NA,0,15,NA,NA,389.382,21.2612
NELITCSE,NELITCSE_614,NELITCSE_RTSBC,Zea mays (Corn),2317.12012,13350.65,2003,Conservation Till,None,No,765,10.5,112,NA,NA,0,15,NA,NA,389.382,21.2612
NELITCSE,NELITCSE_616,NELITCSE_RTCC,Zea mays (Corn),2423.328894,13271.75,2003,Conservation Till,None,No,765,10.5,112,NA,NA,0,15,NA,NA,389.382,21.2612
NELITCSE,NELITCSE_618,NELITCSE_MPSBC,Zea mays (Corn),2342.769228,12982.63,2003,Conventional Till,None,No,765,10.5,112,NA,NA,0,15,NA,NA,389.382,21.2612
NELITCSE,NELITCSE_620,NELITCSE_MPCC,Zea mays (Corn),2949.275514,15534.94,2003,Conventional Till,None,No,765,10.5,112,NA,NA,0,15,NA,NA,389.382,21.2612
NELITCSE,NELITCSE_621,NELITCSE_CHCC,Zea mays (Corn),2550.979588,14305.56,2003,Conservation Till,None,No,765,10.5,112,NA,NA,0,15,NA,NA,389.382,21.2612
NELITCSE,NELITCSE_622,NELITCSE_CHSBC,Zea mays (Corn),3565.073246,18716.28,2003,Conservation Till,None,No,765,10.5,112,NA,NA,0,15,NA,NA,389.382,21.2612
NELITCSE,NELITCSE_102,NELITCSE_RTCSB,Zea mays (Corn),4214.069577,16810.61,2004,Conservation Till,None,No,765,10.5,168,NA,NA,0,15,NA,NA,0,19.22934783
NELITCSE,NELITCSE_104,NELITCSE_RTCC,Zea mays (Corn),4077.353126,16245.17,2004,Conservation Till,None,No,765,10.5,168,NA,NA,0,15,NA,NA,0,19.22934783
NELITCSE,NELITCSE_106,NELITCSE_CHCSB,Zea mays (Corn),4440.924228,18313.73,2004,Conservation Till,None,No,765,10.5,168,NA,NA,0,15,NA,NA,0,19.22934783
NELITCSE,NELITCSE_108,NELITCSE_CHCC,Zea mays (Corn),4209.713831,17713.84,2004,Conservation Till,None,No,765,10.5,168,NA,NA,0,15,NA,NA,0,19.22934783
NELITCSE,NELITCSE_110,NELITCSE_SSCC,Zea mays (Corn),3525.834618,15647.51,2004,Sub Till,None,No,765,10.5,168,NA,NA,0,15,NA,NA,0,19.22934783
NELITCSE,NELITCSE_112,NELITCSE_SSCSB,Zea mays (Corn),544.4335936,4653.67,2004,Sub Till,None,No,765,10.5,168,NA,NA,0,15,NA,NA,0,19.22934783
NELITCSE,NELITCSE_115,NELITCSE_DKCSB,Zea mays (Corn),4451.443314,18909.96,2004,Conventional Till,None,No,765,10.5,168,NA,NA,0,15,NA,NA,0,19.22934783
NELITCSE,NELITCSE_116,NELITCSE_DKCC,Zea mays (Corn),4188.600203,16762.98,2004,Conventional Till,None,No,765,10.5,168,NA,NA,0,15,NA,NA,0,19.22934783
NELITCSE,NELITCSE_117,NELITCSE_NTCC,Zea mays (Corn),4186.114837,16490.21,2004,No Till,None,No,765,10.5,168,NA,NA,0,15,NA,NA,0,19.22934783
NELITCSE,NELITCSE_119,NELITCSE_NTCSB,Zea mays (Corn),4249.039626,17127.48,2004,No Till,None,No,765,10.5,168,NA,NA,0,15,NA,NA,0,19.22934783
NELITCSE,NELITCSE_121,NELITCSE_MPCSB,Zea mays (Corn),4803.404519,22182.7,2004,Conventional Till,None,No,765,10.5,168,NA,NA,0,15,NA,NA,0,19.22934783
NELITCSE,NELITCSE_124,NELITCSE_MPCC,Zea mays (Corn),3149.996846,12441.2,2004,Conventional Till,None,No,765,10.5,168,NA,NA,0,15,NA,NA,0,19.22934783
NELITCSE,NELITCSE_201,NELITCSE_SSCC,Zea mays (Corn),4280.355308,18374.98,2004,Sub Till,None,No,765,10.5,168,NA,NA,0,15,NA,NA,0,19.22934783
NELITCSE,NELITCSE_202,NELITCSE_SSCSB,Zea mays (Corn),4609.228376,18775.61,2004,Sub Till,None,No,765,10.5,168,NA,NA,0,15,NA,NA,0,19.22934783
NELITCSE,NELITCSE_205,NELITCSE_DKCC,Zea mays (Corn),4748.463276,19264.64,2004,Conventional Till,None,No,765,10.5,168,NA,NA,0,15,NA,NA,0,19.22934783
NELITCSE,NELITCSE_207,NELITCSE_DKCSB,Zea mays (Corn),3926.523995,15197.12,2004,Conventional Till,None,No,765,10.5,168,NA,NA,0,15,NA,NA,0,19.22934783
NELITCSE,NELITCSE_210,NELITCSE_CHCSB,Zea mays (Corn),3775.148338,16695.82,2004,Conservation Till,None,No,765,10.5,168,NA,NA,0,15,NA,NA,0,19.22934783
NELITCSE,NELITCSE_211,NELITCSE_CHCC,Zea mays (Corn),3505.972386,15567.12,2004,Conservation Till,None,No,765,10.5,168,NA,NA,0,15,NA,NA,0,19.22934783
NELITCSE,NELITCSE_213,NELITCSE_RTCC,Zea mays (Corn),4286.525612,17453.24,2004,Conservation Till,None,No,765,10.5,168,NA,NA,0,15,NA,NA,0,19.22934783
NELITCSE,NELITCSE_216,NELITCSE_RTCSB,Zea mays (Corn),4927.803832,19307.28,2004,Conservation Till,None,No,765,10.5,168,NA,NA,0,15,NA,NA,0,19.22934783
NELITCSE,NELITCSE_218,NELITCSE_NTCC,Zea mays (Corn),4345.512687,17821.25,2004,No Till,None,No,765,10.5,168,NA,NA,0,15,NA,NA,0,19.22934783
NELITCSE,NELITCSE_220,NELITCSE_NTCSB,Zea mays (Corn),4631.840973,20385.68,2004,No Till,None,No,765,10.5,168,NA,NA,0,15,NA,NA,0,19.22934783
NELITCSE,NELITCSE_221,NELITCSE_MPCSB,Zea mays (Corn),3862.067451,17603.78,2004,Conventional Till,None,No,765,10.5,168,NA,NA,0,15,NA,NA,0,19.22934783
NELITCSE,NELITCSE_224,NELITCSE_MPCC,Zea mays (Corn),3306.884393,15987.59,2004,Conventional Till,None,No,765,10.5,168,NA,NA,0,15,NA,NA,0,19.22934783
NELITCSE,NELITCSE_301,NELITCSE_RTCSB,Zea mays (Corn),4886.303821,19982.5,2004,Conservation Till,None,No,765,10.5,168,NA,NA,0,15,NA,NA,0,19.22934783
NELITCSE,NELITCSE_304,NELITCSE_RTCC,Zea mays (Corn),3847.916651,15548.72,2004,Conservation Till,None,No,765,10.5,168,NA,NA,0,15,NA,NA,0,19.22934783
NELITCSE,NELITCSE_307,NELITCSE_CHCC,Zea mays (Corn),4483.912979,18814.41,2004,Conservation Till,None,No,765,10.5,168,NA,NA,0,15,NA,NA,0,19.22934783
NELITCSE,NELITCSE_308,NELITCSE_CHCSB,Zea mays (Corn),4567.671341,20514.83,2004,Conservation Till,None,No,765,10.5,168,NA,NA,0,15,NA,NA,0,19.22934783
NELITCSE,NELITCSE_309,NELITCSE_MPCSB,Zea mays (Corn),4709.317456,21220.93,2004,Conventional Till,None,No,765,10.5,168,NA,NA,0,15,NA,NA,0,19.22934783
NELITCSE,NELITCSE_312,NELITCSE_MPCC,Zea mays (Corn),4391.182082,17867.94,2004,Conventional Till,None,No,765,10.5,168,NA,NA,0,15,NA,NA,0,19.22934783
NELITCSE,NELITCSE_314,NELITCSE_NTCC,Zea mays (Corn),4415.456947,18498.05,2004,No Till,None,No,765,10.5,168,NA,NA,0,15,NA,NA,0,19.22934783
NELITCSE,NELITCSE_315,NELITCSE_NTCSB,Zea mays (Corn),4285.42575,16743.54,2004,No Till,None,No,765,10.5,168,NA,NA,0,15,NA,NA,0,19.22934783
NELITCSE,NELITCSE_318,NELITCSE_DKCC,Zea mays (Corn),4299.797964,18068.3,2004,Conventional Till,None,No,765,10.5,168,NA,NA,0,15,NA,NA,0,19.22934783
NELITCSE,NELITCSE_320,NELITCSE_DKCSB,Zea mays (Corn),3783.62639,16586.12,2004,Conventional Till,None,No,765,10.5,168,NA,NA,0,15,NA,NA,0,19.22934783
NELITCSE,NELITCSE_321,NELITCSE_SSCC,Zea mays (Corn),3988.377528,17671.24,2004,Sub Till,None,No,765,10.5,168,NA,NA,0,15,NA,NA,0,19.22934783
NELITCSE,NELITCSE_324,NELITCSE_SSCSB,Zea mays (Corn),2885.762726,15120.33,2004,Sub Till,None,No,765,10.5,168,NA,NA,0,15,NA,NA,0,19.22934783
NELITCSE,NELITCSE_403,NELITCSE_SSCSB,Zea mays (Corn),4778.75239,20427.18,2004,Sub Till,None,No,765,10.5,168,NA,NA,0,15,NA,NA,0,19.22934783
NELITCSE,NELITCSE_404,NELITCSE_SSCC,Zea mays (Corn),3850.419476,15772.78,2004,Sub Till,None,No,765,10.5,168,NA,NA,0,15,NA,NA,0,19.22934783
NELITCSE,NELITCSE_407,NELITCSE_DKCC,Zea mays (Corn),4213.652333,16561.86,2004,Conventional Till,None,No,765,10.5,168,NA,NA,0,15,NA,NA,0,19.22934783
NELITCSE,NELITCSE_408,NELITCSE_DKCSB,Zea mays (Corn),4395.789119,20018.04,2004,Conventional Till,None,No,765,10.5,168,NA,NA,0,15,NA,NA,0,19.22934783
NELITCSE,NELITCSE_409,NELITCSE_NTCC,Zea mays (Corn),4192.157312,16258.68,2004,No Till,None,No,765,10.5,168,NA,NA,0,15,NA,NA,0,19.22934783
NELITCSE,NELITCSE_411,NELITCSE_NTCSB,Zea mays (Corn),4575.663206,18710.06,2004,No Till,None,No,765,10.5,168,NA,NA,0,15,NA,NA,0,19.22934783
NELITCSE,NELITCSE_415,NELITCSE_CHCSB,Zea mays (Corn),3697.840217,16919.59,2004,Conservation Till,None,No,765,10.5,168,NA,NA,0,15,NA,NA,0,19.22934783
NELITCSE,NELITCSE_416,NELITCSE_CHCC,Zea mays (Corn),3798.150221,15231.06,2004,Conservation Till,None,No,765,10.5,168,NA,NA,0,15,NA,NA,0,19.22934783
NELITCSE,NELITCSE_419,NELITCSE_RTCSB,Zea mays (Corn),4783.108825,19460.01,2004,Conservation Till,None,No,765,10.5,168,NA,NA,0,15,NA,NA,0,19.22934783
NELITCSE,NELITCSE_420,NELITCSE_RTCC,Zea mays (Corn),4989.684216,19447.3,2004,Conservation Till,None,No,765,10.5,168,NA,NA,0,15,NA,NA,0,19.22934783
NELITCSE,NELITCSE_422,NELITCSE_MPCC,Zea mays (Corn),4452.887612,19847.7,2004,Conventional Till,None,No,765,10.5,168,NA,NA,0,15,NA,NA,0,19.22934783
NELITCSE,NELITCSE_424,NELITCSE_MPCSB,Zea mays (Corn),4259.703411,18404.73,2004,Conventional Till,None,No,765,10.5,168,NA,NA,0,15,NA,NA,0,19.22934783
NELITCSE,NELITCSE_501,NELITCSE_DKCC,Zea mays (Corn),4026.434751,19529.53,2004,Conventional Till,None,No,765,10.5,168,NA,NA,0,15,NA,NA,0,19.22934783
NELITCSE,NELITCSE_502,NELITCSE_DKCSB,Zea mays (Corn),4682.037581,18261.7,2004,Conventional Till,None,No,765,10.5,168,NA,NA,0,15,NA,NA,0,19.22934783
NELITCSE,NELITCSE_507,NELITCSE_RTCSB,Zea mays (Corn),4592.483482,17910.6,2004,Conservation Till,None,No,765,10.5,168,NA,NA,0,15,NA,NA,0,19.22934783
NELITCSE,NELITCSE_508,NELITCSE_RTCC,Zea mays (Corn),4173.010989,16702.43,2004,Conservation Till,None,No,765,10.5,168,NA,NA,0,15,NA,NA,0,19.22934783
NELITCSE,NELITCSE_511,NELITCSE_CHCSB,Zea mays (Corn),4589.803051,19752.93,2004,Conservation Till,None,No,765,10.5,168,NA,NA,0,15,NA,NA,0,19.22934783
NELITCSE,NELITCSE_512,NELITCSE_CHCC,Zea mays (Corn),3969.926569,17810.64,2004,Conservation Till,None,No,765,10.5,168,NA,NA,0,15,NA,NA,0,19.22934783
NELITCSE,NELITCSE_514,NELITCSE_SSCSB,Zea mays (Corn),4757.947515,21243.02,2004,Sub Till,None,No,765,10.5,168,NA,NA,0,15,NA,NA,0,19.22934783
NELITCSE,NELITCSE_516,NELITCSE_SSCC,Zea mays (Corn),4187.485479,17187.18,2004,Sub Till,None,No,765,10.5,168,NA,NA,0,15,NA,NA,0,19.22934783
NELITCSE,NELITCSE_517,NELITCSE_NTCC,Zea mays (Corn),3784.416184,15960.39,2004,No Till,None,No,765,10.5,168,NA,NA,0,15,NA,NA,0,19.22934783
NELITCSE,NELITCSE_520,NELITCSE_NTCSB,Zea mays (Corn),4271.72664,17923.73,2004,No Till,None,No,765,10.5,168,NA,NA,0,15,NA,NA,0,19.22934783
NELITCSE,NELITCSE_523,NELITCSE_MPCC,Zea mays (Corn),4367.900968,17731.28,2004,Conventional Till,None,No,765,10.5,168,NA,NA,0,15,NA,NA,0,19.22934783
NELITCSE,NELITCSE_524,NELITCSE_MPCSB,Zea mays (Corn),3710.484236,17822.46,2004,Conventional Till,None,No,765,10.5,168,NA,NA,0,15,NA,NA,0,19.22934783
NELITCSE,NELITCSE_601,NELITCSE_NTCC,Zea mays (Corn),4848.739596,19963.04,2004,No Till,None,No,765,10.5,168,NA,NA,0,15,NA,NA,0,19.22934783
NELITCSE,NELITCSE_604,NELITCSE_NTCSB,Zea mays (Corn),4680.541214,19116.21,2004,No Till,None,No,765,10.5,168,NA,NA,0,15,NA,NA,0,19.22934783
NELITCSE,NELITCSE_605,NELITCSE_DKCC,Zea mays (Corn),5030.644434,21215.32,2004,Conventional Till,None,No,765,10.5,168,NA,NA,0,15,NA,NA,0,19.22934783
NELITCSE,NELITCSE_606,NELITCSE_DKCSB,Zea mays (Corn),4699.502302,20103.15,2004,Conventional Till,None,No,765,10.5,168,NA,NA,0,15,NA,NA,0,19.22934783
NELITCSE,NELITCSE_609,NELITCSE_SSCC,Zea mays (Corn),4066.01823,18477.02,2004,Sub Till,None,No,765,10.5,168,NA,NA,0,15,NA,NA,0,19.22934783
NELITCSE,NELITCSE_612,NELITCSE_SSCSB,Zea mays (Corn),5235.138121,22032.58,2004,Sub Till,None,No,765,10.5,168,NA,NA,0,15,NA,NA,0,19.22934783
NELITCSE,NELITCSE_613,NELITCSE_RTCSB,Zea mays (Corn),5204.187338,21491.74,2004,Conservation Till,None,No,765,10.5,168,NA,NA,0,15,NA,NA,0,19.22934783
NELITCSE,NELITCSE_616,NELITCSE_RTCC,Zea mays (Corn),4542.530723,20269.06,2004,Conservation Till,None,No,765,10.5,168,NA,NA,0,15,NA,NA,0,19.22934783
NELITCSE,NELITCSE_617,NELITCSE_MPCSB,Zea mays (Corn),4911.159573,21257.49,2004,Conventional Till,None,No,765,10.5,168,NA,NA,0,15,NA,NA,0,19.22934783
NELITCSE,NELITCSE_620,NELITCSE_MPCC,Zea mays (Corn),4555.42413,19786.48,2004,Conventional Till,None,No,765,10.5,168,NA,NA,0,15,NA,NA,0,19.22934783
NELITCSE,NELITCSE_621,NELITCSE_CHCC,Zea mays (Corn),4151.028727,17877.61,2004,Conservation Till,None,No,765,10.5,168,NA,NA,0,15,NA,NA,0,19.22934783
NELITCSE,NELITCSE_624,NELITCSE_CHCSB,Zea mays (Corn),4608.06865,20382.79,2004,Conservation Till,None,No,765,10.5,168,NA,NA,0,15,NA,NA,0,19.22934783
NELITCSE,NELITCSE_103,NELITCSE_RTSBC,Zea mays (Corn),1636.606667,9622.2,2005,Conservation Till,None,No,765,10.5,168,NA,NA,0,15,NA,NA,388.62,20.47923497
NELITCSE,NELITCSE_104,NELITCSE_RTCC,Zea mays (Corn),1421.75263,8339.19,2005,Conservation Till,None,No,765,10.5,168,NA,NA,0,15,NA,NA,388.62,20.47923497
NELITCSE,NELITCSE_107,NELITCSE_CHSBC,Zea mays (Corn),1867.00032,9866.9,2005,Conservation Till,None,No,765,10.5,168,NA,NA,0,15,NA,NA,388.62,20.47923497
NELITCSE,NELITCSE_108,NELITCSE_CHCC,Zea mays (Corn),1076.281068,7334.89,2005,Conservation Till,None,No,765,10.5,168,NA,NA,0,15,NA,NA,388.62,20.47923497
NELITCSE,NELITCSE_110,NELITCSE_SSCC,Zea mays (Corn),995.532825,8268.39,2005,Sub Till,None,No,765,10.5,168,NA,NA,0,15,NA,NA,388.62,20.47923497
NELITCSE,NELITCSE_111,NELITCSE_SSSBC,Zea mays (Corn),1727.869507,9240.67,2005,Sub Till,None,No,765,10.5,168,NA,NA,0,15,NA,NA,388.62,20.47923497
NELITCSE,NELITCSE_114,NELITCSE_DKSBC,Zea mays (Corn),2830.446791,14712.92,2005,Conventional Till,None,No,765,10.5,168,NA,NA,0,15,NA,NA,388.62,20.47923497
NELITCSE,NELITCSE_116,NELITCSE_DKCC,Zea mays (Corn),1396.87404,9935.29,2005,Conventional Till,None,No,765,10.5,168,NA,NA,0,15,NA,NA,388.62,20.47923497
NELITCSE,NELITCSE_117,NELITCSE_NTCC,Zea mays (Corn),2453.1199,12210.09,2005,No Till,None,No,765,10.5,168,NA,NA,0,15,NA,NA,388.62,20.47923497
NELITCSE,NELITCSE_118,NELITCSE_NTSBC,Zea mays (Corn),2738.700295,13825.74,2005,No Till,None,No,765,10.5,168,NA,NA,0,15,NA,NA,388.62,20.47923497
NELITCSE,NELITCSE_122,NELITCSE_MPSBC,Zea mays (Corn),2539.80973,13566.14,2005,Conventional Till,None,No,765,10.5,168,NA,NA,0,15,NA,NA,388.62,20.47923497
NELITCSE,NELITCSE_124,NELITCSE_MPCC,Zea mays (Corn),1743.551669,10314.14,2005,Conventional Till,None,No,765,10.5,168,NA,NA,0,15,NA,NA,388.62,20.47923497
NELITCSE,NELITCSE_201,NELITCSE_SSCC,Zea mays (Corn),905.393708,8645.37,2005,Sub Till,None,No,765,10.5,168,NA,NA,0,15,NA,NA,388.62,20.47923497
NELITCSE,NELITCSE_203,NELITCSE_SSSBC,Zea mays (Corn),2692.605175,12757.48,2005,Sub Till,None,No,765,10.5,168,NA,NA,0,15,NA,NA,388.62,20.47923497
NELITCSE,NELITCSE_205,NELITCSE_DKCC,Zea mays (Corn),1840.071376,10631.95,2005,Conventional Till,None,No,765,10.5,168,NA,NA,0,15,NA,NA,388.62,20.47923497
NELITCSE,NELITCSE_208,NELITCSE_DKSBC,Zea mays (Corn),2981.00582,14324.26,2005,Conventional Till,None,No,765,10.5,168,NA,NA,0,15,NA,NA,388.62,20.47923497
NELITCSE,NELITCSE_209,NELITCSE_CHSBC,Zea mays (Corn),2421.041084,12697.91,2005,Conservation Till,None,No,765,10.5,168,NA,NA,0,15,NA,NA,388.62,20.47923497
NELITCSE,NELITCSE_211,NELITCSE_CHCC,Zea mays (Corn),439.778248,7059.72,2005,Conservation Till,None,No,765,10.5,168,NA,NA,0,15,NA,NA,388.62,20.47923497
NELITCSE,NELITCSE_213,NELITCSE_RTCC,Zea mays (Corn),1034.666,8031.15,2005,Conservation Till,None,No,765,10.5,168,NA,NA,0,15,NA,NA,388.62,20.47923497
NELITCSE,NELITCSE_214,NELITCSE_RTSBC,Zea mays (Corn),2338.037994,11504.59,2005,Conservation Till,None,No,765,10.5,168,NA,NA,0,15,NA,NA,388.62,20.47923497
NELITCSE,NELITCSE_217,NELITCSE_NTSBC,Zea mays (Corn),2734.278,13208.15,2005,No Till,None,No,765,10.5,168,NA,NA,0,15,NA,NA,388.62,20.47923497
NELITCSE,NELITCSE_218,NELITCSE_NTCC,Zea mays (Corn),2216.49696,11223.17,2005,No Till,None,No,765,10.5,168,NA,NA,0,15,NA,NA,388.62,20.47923497
NELITCSE,NELITCSE_223,NELITCSE_MPSBC,Zea mays (Corn),2510.378046,13581.56,2005,Conventional Till,None,No,765,10.5,168,NA,NA,0,15,NA,NA,388.62,20.47923497
NELITCSE,NELITCSE_224,NELITCSE_MPCC,Zea mays (Corn),2605.37276,12539.08,2005,Conventional Till,None,No,765,10.5,168,NA,NA,0,15,NA,NA,388.62,20.47923497
NELITCSE,NELITCSE_302,NELITCSE_RTSBC,Zea mays (Corn),1901.884086,10588.09,2005,Conservation Till,None,No,765,10.5,168,NA,NA,0,15,NA,NA,388.62,20.47923497
NELITCSE,NELITCSE_304,NELITCSE_RTCC,Zea mays (Corn),802.533713,6054.89,2005,Conservation Till,None,No,765,10.5,168,NA,NA,0,15,NA,NA,388.62,20.47923497
NELITCSE,NELITCSE_306,NELITCSE_CHSBC,Zea mays (Corn),1882.271792,11172.54,2005,Conservation Till,None,No,765,10.5,168,NA,NA,0,15,NA,NA,388.62,20.47923497
NELITCSE,NELITCSE_307,NELITCSE_CHCC,Zea mays (Corn),670.212324,7100.7,2005,Conservation Till,None,No,765,10.5,168,NA,NA,0,15,NA,NA,388.62,20.47923497
NELITCSE,NELITCSE_310,NELITCSE_MPSBC,Zea mays (Corn),2690.13889,13310.96,2005,Conventional Till,None,No,765,10.5,168,NA,NA,0,15,NA,NA,388.62,20.47923497
NELITCSE,NELITCSE_312,NELITCSE_MPCC,Zea mays (Corn),1590.945525,9269.52,2005,Conventional Till,None,No,765,10.5,168,NA,NA,0,15,NA,NA,388.62,20.47923497
NELITCSE,NELITCSE_313,NELITCSE_NTSBC,Zea mays (Corn),2244.317379,11250.82,2005,No Till,None,No,765,10.5,168,NA,NA,0,15,NA,NA,388.62,20.47923497
NELITCSE,NELITCSE_314,NELITCSE_NTCC,Zea mays (Corn),1597.61994,8602.83,2005,No Till,None,No,765,10.5,168,NA,NA,0,15,NA,NA,388.62,20.47923497
NELITCSE,NELITCSE_318,NELITCSE_DKCC,Zea mays (Corn),563.60502,6276.81,2005,Conventional Till,None,No,765,10.5,168,NA,NA,0,15,NA,NA,388.62,20.47923497
NELITCSE,NELITCSE_319,NELITCSE_DKSBC,Zea mays (Corn),1620.783077,9764.43,2005,Conventional Till,None,No,765,10.5,168,NA,NA,0,15,NA,NA,388.62,20.47923497
NELITCSE,NELITCSE_321,NELITCSE_SSCC,Zea mays (Corn),920.513902,8958.51,2005,Sub Till,None,No,765,10.5,168,NA,NA,0,15,NA,NA,388.62,20.47923497
NELITCSE,NELITCSE_322,NELITCSE_SSSBC,Zea mays (Corn),2643.455676,13639.8,2005,Sub Till,None,No,765,10.5,168,NA,NA,0,15,NA,NA,388.62,20.47923497
NELITCSE,NELITCSE_401,NELITCSE_SSSBC,Zea mays (Corn),1814.394825,10596.23,2005,Sub Till,None,No,765,10.5,168,NA,NA,0,15,NA,NA,388.62,20.47923497
NELITCSE,NELITCSE_404,NELITCSE_SSCC,Zea mays (Corn),200.211712,5680.1,2005,Sub Till,None,No,765,10.5,168,NA,NA,0,15,NA,NA,388.62,20.47923497
NELITCSE,NELITCSE_406,NELITCSE_DKSBC,Zea mays (Corn),1784.61855,10944.36,2005,Conventional Till,None,No,765,10.5,168,NA,NA,0,15,NA,NA,388.62,20.47923497
NELITCSE,NELITCSE_407,NELITCSE_DKCC,Zea mays (Corn),383.435184,7775.46,2005,Conventional Till,None,No,765,10.5,168,NA,NA,0,15,NA,NA,388.62,20.47923497
NELITCSE,NELITCSE_409,NELITCSE_NTCC,Zea mays (Corn),1605.707696,11906.85,2005,No Till,None,No,765,10.5,168,NA,NA,0,15,NA,NA,388.62,20.47923497
NELITCSE,NELITCSE_412,NELITCSE_NTSBC,Zea mays (Corn),2551.285982,13432.56,2005,No Till,None,No,765,10.5,168,NA,NA,0,15,NA,NA,388.62,20.47923497
NELITCSE,NELITCSE_414,NELITCSE_CHSBC,Zea mays (Corn),1479.900196,9757.42,2005,Conservation Till,None,No,765,10.5,168,NA,NA,0,15,NA,NA,388.62,20.47923497
NELITCSE,NELITCSE_416,NELITCSE_CHCC,Zea mays (Corn),90.318228,5001.98,2005,Conservation Till,None,No,765,10.5,168,NA,NA,0,15,NA,NA,388.62,20.47923497
NELITCSE,NELITCSE_417,NELITCSE_RTSBC,Zea mays (Corn),1752.253088,10128.16,2005,Conservation Till,None,No,765,10.5,168,NA,NA,0,15,NA,NA,388.62,20.47923497
NELITCSE,NELITCSE_420,NELITCSE_RTCC,Zea mays (Corn),959.444565,9221.19,2005,Conservation Till,None,No,765,10.5,168,NA,NA,0,15,NA,NA,388.62,20.47923497
NELITCSE,NELITCSE_421,NELITCSE_MPSBC,Zea mays (Corn),2708.182005,14581.9,2005,Conventional Till,None,No,765,10.5,168,NA,NA,0,15,NA,NA,388.62,20.47923497
NELITCSE,NELITCSE_422,NELITCSE_MPCC,Zea mays (Corn),1717.359193,10669.88,2005,Conventional Till,None,No,765,10.5,168,NA,NA,0,15,NA,NA,388.62,20.47923497
NELITCSE,NELITCSE_501,NELITCSE_DKCC,Zea mays (Corn),1141.874135,9653.61,2005,Conventional Till,None,No,765,10.5,168,NA,NA,0,15,NA,NA,388.62,20.47923497
NELITCSE,NELITCSE_503,NELITCSE_DKSBC,Zea mays (Corn),2362.514595,12499.15,2005,Conventional Till,None,No,765,10.5,168,NA,NA,0,15,NA,NA,388.62,20.47923497
NELITCSE,NELITCSE_506,NELITCSE_RTSBC,Zea mays (Corn),1555.723312,9643.78,2005,Conservation Till,None,No,765,10.5,168,NA,NA,0,15,NA,NA,388.62,20.47923497
NELITCSE,NELITCSE_508,NELITCSE_RTCC,Zea mays (Corn),1472.344428,10443.26,2005,Conservation Till,None,No,765,10.5,168,NA,NA,0,15,NA,NA,388.62,20.47923497
NELITCSE,NELITCSE_509,NELITCSE_CHSBC,Zea mays (Corn),1905.01496,10435.55,2005,Conservation Till,None,No,765,10.5,168,NA,NA,0,15,NA,NA,388.62,20.47923497
NELITCSE,NELITCSE_512,NELITCSE_CHCC,Zea mays (Corn),921.586512,7731.47,2005,Conservation Till,None,No,765,10.5,168,NA,NA,0,15,NA,NA,388.62,20.47923497
NELITCSE,NELITCSE_515,NELITCSE_SSSBC,Zea mays (Corn),1268.850375,9853.62,2005,Sub Till,None,No,765,10.5,168,NA,NA,0,15,NA,NA,388.62,20.47923497
NELITCSE,NELITCSE_516,NELITCSE_SSCC,Zea mays (Corn),579.997848,8220.66,2005,Sub Till,None,No,765,10.5,168,NA,NA,0,15,NA,NA,388.62,20.47923497
NELITCSE,NELITCSE_517,NELITCSE_NTCC,Zea mays (Corn),520.633815,7246.48,2005,No Till,None,No,765,10.5,168,NA,NA,0,15,NA,NA,388.62,20.47923497
NELITCSE,NELITCSE_518,NELITCSE_NTSBC,Zea mays (Corn),2159.605217,11573.11,2005,No Till,None,No,765,10.5,168,NA,NA,0,15,NA,NA,388.62,20.47923497
NELITCSE,NELITCSE_522,NELITCSE_MPSBC,Zea mays (Corn),769.785125,8071.9,2005,Conventional Till,None,No,765,10.5,168,NA,NA,0,15,NA,NA,388.62,20.47923497
NELITCSE,NELITCSE_523,NELITCSE_MPCC,Zea mays (Corn),2486.913624,13262.05,2005,Conventional Till,None,No,765,10.5,168,NA,NA,0,15,NA,NA,388.62,20.47923497
NELITCSE,NELITCSE_601,NELITCSE_NTCC,Zea mays (Corn),2599.67994,12565.07,2005,No Till,None,No,765,10.5,168,NA,NA,0,15,NA,NA,388.62,20.47923497
NELITCSE,NELITCSE_602,NELITCSE_NTSBC,Zea mays (Corn),2671.204268,13045.49,2005,No Till,None,No,765,10.5,168,NA,NA,0,15,NA,NA,388.62,20.47923497
NELITCSE,NELITCSE_605,NELITCSE_DKCC,Zea mays (Corn),1989.723353,11523.03,2005,Conventional Till,None,No,765,10.5,168,NA,NA,0,15,NA,NA,388.62,20.47923497
NELITCSE,NELITCSE_608,NELITCSE_DKSBC,Zea mays (Corn),3320.519832,16196.18,2005,Conventional Till,None,No,765,10.5,168,NA,NA,0,15,NA,NA,388.62,20.47923497
NELITCSE,NELITCSE_609,NELITCSE_SSCC,Zea mays (Corn),1680.946416,10655.97,2005,Sub Till,None,No,765,10.5,168,NA,NA,0,15,NA,NA,388.62,20.47923497
NELITCSE,NELITCSE_611,NELITCSE_SSSBC,Zea mays (Corn),2738.119259,13818.28,2005,Sub Till,None,No,765,10.5,168,NA,NA,0,15,NA,NA,388.62,20.47923497
NELITCSE,NELITCSE_614,NELITCSE_RTSBC,Zea mays (Corn),2468.257953,13098.49,2005,Conservation Till,None,No,765,10.5,168,NA,NA,0,15,NA,NA,388.62,20.47923497
NELITCSE,NELITCSE_616,NELITCSE_RTCC,Zea mays (Corn),1774.489472,11790.23,2005,Conservation Till,None,No,765,10.5,168,NA,NA,0,15,NA,NA,388.62,20.47923497
NELITCSE,NELITCSE_618,NELITCSE_MPSBC,Zea mays (Corn),2246.506362,13531.87,2005,Conventional Till,None,No,765,10.5,168,NA,NA,0,15,NA,NA,388.62,20.47923497
NELITCSE,NELITCSE_620,NELITCSE_MPCC,Zea mays (Corn),1299.80521,9447.78,2005,Conventional Till,None,No,765,10.5,168,NA,NA,0,15,NA,NA,388.62,20.47923497
NELITCSE,NELITCSE_621,NELITCSE_CHCC,Zea mays (Corn),1640.932799,10416.76,2005,Conservation Till,None,No,765,10.5,168,NA,NA,0,15,NA,NA,388.62,20.47923497
NELITCSE,NELITCSE_622,NELITCSE_CHSBC,Zea mays (Corn),2029.98208,10474.34,2005,Conservation Till,None,No,765,10.5,168,NA,NA,0,15,NA,NA,388.62,20.47923497
NELITCSE,NELITCSE_102,NELITCSE_RTCSB,Zea mays (Corn),3342.652032,NA,2006,Conservation Till,None,No,765,10.5,168,NA,NA,0,15,NA,NA,326.136,19.85842391
NELITCSE,NELITCSE_104,NELITCSE_RTCC,Zea mays (Corn),2129.889217,NA,2006,Conservation Till,None,No,765,10.5,168,NA,NA,0,15,NA,NA,326.136,19.85842391
NELITCSE,NELITCSE_106,NELITCSE_CHCSB,Zea mays (Corn),2777.632884,NA,2006,Conservation Till,None,No,765,10.5,168,NA,NA,0,15,NA,NA,326.136,19.85842391
NELITCSE,NELITCSE_108,NELITCSE_CHCC,Zea mays (Corn),2199.753531,NA,2006,Conservation Till,None,No,765,10.5,168,NA,NA,0,15,NA,NA,326.136,19.85842391
NELITCSE,NELITCSE_110,NELITCSE_SSCC,Zea mays (Corn),2937.185851,NA,2006,Sub Till,None,No,765,10.5,168,NA,NA,0,15,NA,NA,326.136,19.85842391
NELITCSE,NELITCSE_112,NELITCSE_SSCSB,Zea mays (Corn),1827.449637,NA,2006,Sub Till,None,No,765,10.5,168,NA,NA,0,15,NA,NA,326.136,19.85842391
NELITCSE,NELITCSE_115,NELITCSE_DKCSB,Zea mays (Corn),2506.02737,NA,2006,Conventional Till,None,No,765,10.5,168,NA,NA,0,15,NA,NA,326.136,19.85842391
NELITCSE,NELITCSE_116,NELITCSE_DKCC,Zea mays (Corn),3144.760992,NA,2006,Conventional Till,None,No,765,10.5,168,NA,NA,0,15,NA,NA,326.136,19.85842391
NELITCSE,NELITCSE_117,NELITCSE_NTCC,Zea mays (Corn),3325.27088,NA,2006,No Till,None,No,765,10.5,168,NA,NA,0,15,NA,NA,326.136,19.85842391
NELITCSE,NELITCSE_119,NELITCSE_NTCSB,Zea mays (Corn),2633.91899,NA,2006,No Till,None,No,765,10.5,168,NA,NA,0,15,NA,NA,326.136,19.85842391
NELITCSE,NELITCSE_121,NELITCSE_MPCSB,Zea mays (Corn),3019.098864,NA,2006,Conventional Till,None,No,765,10.5,168,NA,NA,0,15,NA,NA,326.136,19.85842391
NELITCSE,NELITCSE_124,NELITCSE_MPCC,Zea mays (Corn),2920.954785,NA,2006,Conventional Till,None,No,765,10.5,168,NA,NA,0,15,NA,NA,326.136,19.85842391
NELITCSE,NELITCSE_201,NELITCSE_SSCC,Zea mays (Corn),2303.5883,NA,2006,Sub Till,None,No,765,10.5,168,NA,NA,0,15,NA,NA,326.136,19.85842391
NELITCSE,NELITCSE_202,NELITCSE_SSCSB,Zea mays (Corn),3217.527488,NA,2006,Sub Till,None,No,765,10.5,168,NA,NA,0,15,NA,NA,326.136,19.85842391
NELITCSE,NELITCSE_205,NELITCSE_DKCC,Zea mays (Corn),3566.748735,NA,2006,Conventional Till,None,No,765,10.5,168,NA,NA,0,15,NA,NA,326.136,19.85842391
NELITCSE,NELITCSE_207,NELITCSE_DKCSB,Zea mays (Corn),2741.000132,NA,2006,Conventional Till,None,No,765,10.5,168,NA,NA,0,15,NA,NA,326.136,19.85842391
NELITCSE,NELITCSE_210,NELITCSE_CHCSB,Zea mays (Corn),3730.259995,NA,2006,Conservation Till,None,No,765,10.5,168,NA,NA,0,15,NA,NA,326.136,19.85842391
NELITCSE,NELITCSE_211,NELITCSE_CHCC,Zea mays (Corn),2727.62476,NA,2006,Conservation Till,None,No,765,10.5,168,NA,NA,0,15,NA,NA,326.136,19.85842391
NELITCSE,NELITCSE_213,NELITCSE_RTCC,Zea mays (Corn),3471.457772,NA,2006,Conservation Till,None,No,765,10.5,168,NA,NA,0,15,NA,NA,326.136,19.85842391
NELITCSE,NELITCSE_216,NELITCSE_RTCSB,Zea mays (Corn),2379.547086,NA,2006,Conservation Till,None,No,765,10.5,168,NA,NA,0,15,NA,NA,326.136,19.85842391
NELITCSE,NELITCSE_218,NELITCSE_NTCC,Zea mays (Corn),1910.742942,NA,2006,No Till,None,No,765,10.5,168,NA,NA,0,15,NA,NA,326.136,19.85842391
NELITCSE,NELITCSE_220,NELITCSE_NTCSB,Zea mays (Corn),2160.071,NA,2006,No Till,None,No,765,10.5,168,NA,NA,0,15,NA,NA,326.136,19.85842391
NELITCSE,NELITCSE_221,NELITCSE_MPCSB,Zea mays (Corn),3371.642336,NA,2006,Conventional Till,None,No,765,10.5,168,NA,NA,0,15,NA,NA,326.136,19.85842391
NELITCSE,NELITCSE_224,NELITCSE_MPCC,Zea mays (Corn),2676.428676,NA,2006,Conventional Till,None,No,765,10.5,168,NA,NA,0,15,NA,NA,326.136,19.85842391
NELITCSE,NELITCSE_301,NELITCSE_RTCSB,Zea mays (Corn),2289.230772,NA,2006,Conservation Till,None,No,765,10.5,168,NA,NA,0,15,NA,NA,326.136,19.85842391
NELITCSE,NELITCSE_304,NELITCSE_RTCC,Zea mays (Corn),2304.928367,NA,2006,Conservation Till,None,No,765,10.5,168,NA,NA,0,15,NA,NA,326.136,19.85842391
NELITCSE,NELITCSE_307,NELITCSE_CHCC,Zea mays (Corn),2803.5153,NA,2006,Conservation Till,None,No,765,10.5,168,NA,NA,0,15,NA,NA,326.136,19.85842391
NELITCSE,NELITCSE_308,NELITCSE_CHCSB,Zea mays (Corn),2942.457,NA,2006,Conservation Till,None,No,765,10.5,168,NA,NA,0,15,NA,NA,326.136,19.85842391
NELITCSE,NELITCSE_309,NELITCSE_MPCSB,Zea mays (Corn),3149.655274,NA,2006,Conventional Till,None,No,765,10.5,168,NA,NA,0,15,NA,NA,326.136,19.85842391
NELITCSE,NELITCSE_312,NELITCSE_MPCC,Zea mays (Corn),3287.053695,NA,2006,Conventional Till,None,No,765,10.5,168,NA,NA,0,15,NA,NA,326.136,19.85842391
NELITCSE,NELITCSE_314,NELITCSE_NTCC,Zea mays (Corn),981.622838,NA,2006,No Till,None,No,765,10.5,168,NA,NA,0,15,NA,NA,326.136,19.85842391
NELITCSE,NELITCSE_315,NELITCSE_NTCSB,Zea mays (Corn),2846.99718,NA,2006,No Till,None,No,765,10.5,168,NA,NA,0,15,NA,NA,326.136,19.85842391
NELITCSE,NELITCSE_318,NELITCSE_DKCC,Zea mays (Corn),2746.064376,NA,2006,Conventional Till,None,No,765,10.5,168,NA,NA,0,15,NA,NA,326.136,19.85842391
NELITCSE,NELITCSE_320,NELITCSE_DKCSB,Zea mays (Corn),3090.81447,NA,2006,Conventional Till,None,No,765,10.5,168,NA,NA,0,15,NA,NA,326.136,19.85842391
NELITCSE,NELITCSE_321,NELITCSE_SSCC,Zea mays (Corn),2302.831239,NA,2006,Sub Till,None,No,765,10.5,168,NA,NA,0,15,NA,NA,326.136,19.85842391
NELITCSE,NELITCSE_324,NELITCSE_SSCSB,Zea mays (Corn),3143.709411,NA,2006,Sub Till,None,No,765,10.5,168,NA,NA,0,15,NA,NA,326.136,19.85842391
NELITCSE,NELITCSE_403,NELITCSE_SSCSB,Zea mays (Corn),3386.910124,NA,2006,Sub Till,None,No,765,10.5,168,NA,NA,0,15,NA,NA,326.136,19.85842391
NELITCSE,NELITCSE_404,NELITCSE_SSCC,Zea mays (Corn),2673.688968,NA,2006,Sub Till,None,No,765,10.5,168,NA,NA,0,15,NA,NA,326.136,19.85842391
NELITCSE,NELITCSE_407,NELITCSE_DKCC,Zea mays (Corn),3029.411388,NA,2006,Conventional Till,None,No,765,10.5,168,NA,NA,0,15,NA,NA,326.136,19.85842391
NELITCSE,NELITCSE_408,NELITCSE_DKCSB,Zea mays (Corn),3478.728472,NA,2006,Conventional Till,None,No,765,10.5,168,NA,NA,0,15,NA,NA,326.136,19.85842391
NELITCSE,NELITCSE_409,NELITCSE_NTCC,Zea mays (Corn),3017.893276,NA,2006,No Till,None,No,765,10.5,168,NA,NA,0,15,NA,NA,326.136,19.85842391
NELITCSE,NELITCSE_411,NELITCSE_NTCSB,Zea mays (Corn),3945.977791,NA,2006,No Till,None,No,765,10.5,168,NA,NA,0,15,NA,NA,326.136,19.85842391
NELITCSE,NELITCSE_415,NELITCSE_CHCSB,Zea mays (Corn),2824.485665,NA,2006,Conservation Till,None,No,765,10.5,168,NA,NA,0,15,NA,NA,326.136,19.85842391
NELITCSE,NELITCSE_416,NELITCSE_CHCC,Zea mays (Corn),2875.881942,NA,2006,Conservation Till,None,No,765,10.5,168,NA,NA,0,15,NA,NA,326.136,19.85842391
NELITCSE,NELITCSE_419,NELITCSE_RTCSB,Zea mays (Corn),3282.454877,NA,2006,Conservation Till,None,No,765,10.5,168,NA,NA,0,15,NA,NA,326.136,19.85842391
NELITCSE,NELITCSE_420,NELITCSE_RTCC,Zea mays (Corn),2888.22753,NA,2006,Conservation Till,None,No,765,10.5,168,NA,NA,0,15,NA,NA,326.136,19.85842391
NELITCSE,NELITCSE_422,NELITCSE_MPCC,Zea mays (Corn),2897.740132,NA,2006,Conventional Till,None,No,765,10.5,168,NA,NA,0,15,NA,NA,326.136,19.85842391
NELITCSE,NELITCSE_424,NELITCSE_MPCSB,Zea mays (Corn),3169.60404,NA,2006,Conventional Till,None,No,765,10.5,168,NA,NA,0,15,NA,NA,326.136,19.85842391
NELITCSE,NELITCSE_501,NELITCSE_DKCC,Zea mays (Corn),2415.164668,NA,2006,Conventional Till,None,No,765,10.5,168,NA,NA,0,15,NA,NA,326.136,19.85842391
NELITCSE,NELITCSE_502,NELITCSE_DKCSB,Zea mays (Corn),3527.116254,NA,2006,Conventional Till,None,No,765,10.5,168,NA,NA,0,15,NA,NA,326.136,19.85842391
NELITCSE,NELITCSE_507,NELITCSE_RTCSB,Zea mays (Corn),2832.95243,NA,2006,Conservation Till,None,No,765,10.5,168,NA,NA,0,15,NA,NA,326.136,19.85842391
NELITCSE,NELITCSE_508,NELITCSE_RTCC,Zea mays (Corn),3003.545405,NA,2006,Conservation Till,None,No,765,10.5,168,NA,NA,0,15,NA,NA,326.136,19.85842391
NELITCSE,NELITCSE_511,NELITCSE_CHCSB,Zea mays (Corn),3150.203173,NA,2006,Conservation Till,None,No,765,10.5,168,NA,NA,0,15,NA,NA,326.136,19.85842391
NELITCSE,NELITCSE_512,NELITCSE_CHCC,Zea mays (Corn),3101.792985,NA,2006,Conservation Till,None,No,765,10.5,168,NA,NA,0,15,NA,NA,326.136,19.85842391
NELITCSE,NELITCSE_514,NELITCSE_SSCSB,Zea mays (Corn),3542.33537,NA,2006,Sub Till,None,No,765,10.5,168,NA,NA,0,15,NA,NA,326.136,19.85842391
NELITCSE,NELITCSE_516,NELITCSE_SSCC,Zea mays (Corn),3837.635284,NA,2006,Sub Till,None,No,765,10.5,168,NA,NA,0,15,NA,NA,326.136,19.85842391
NELITCSE,NELITCSE_517,NELITCSE_NTCC,Zea mays (Corn),3873.11456,NA,2006,No Till,None,No,765,10.5,168,NA,NA,0,15,NA,NA,326.136,19.85842391
NELITCSE,NELITCSE_520,NELITCSE_NTCSB,Zea mays (Corn),3240.328635,NA,2006,No Till,None,No,765,10.5,168,NA,NA,0,15,NA,NA,326.136,19.85842391
NELITCSE,NELITCSE_523,NELITCSE_MPCC,Zea mays (Corn),3681.725943,NA,2006,Conventional Till,None,No,765,10.5,168,NA,NA,0,15,NA,NA,326.136,19.85842391
NELITCSE,NELITCSE_524,NELITCSE_MPCSB,Zea mays (Corn),3850.112784,NA,2006,Conventional Till,None,No,765,10.5,168,NA,NA,0,15,NA,NA,326.136,19.85842391
NELITCSE,NELITCSE_601,NELITCSE_NTCC,Zea mays (Corn),2747.175268,NA,2006,No Till,None,No,765,10.5,168,NA,NA,0,15,NA,NA,326.136,19.85842391
NELITCSE,NELITCSE_604,NELITCSE_NTCSB,Zea mays (Corn),3109.729377,NA,2006,No Till,None,No,765,10.5,168,NA,NA,0,15,NA,NA,326.136,19.85842391
NELITCSE,NELITCSE_605,NELITCSE_DKCC,Zea mays (Corn),3516.704224,NA,2006,Conventional Till,None,No,765,10.5,168,NA,NA,0,15,NA,NA,326.136,19.85842391
NELITCSE,NELITCSE_606,NELITCSE_DKCSB,Zea mays (Corn),1926.327452,NA,2006,Conventional Till,None,No,765,10.5,168,NA,NA,0,15,NA,NA,326.136,19.85842391
NELITCSE,NELITCSE_609,NELITCSE_SSCC,Zea mays (Corn),2938.017696,NA,2006,Sub Till,None,No,765,10.5,168,NA,NA,0,15,NA,NA,326.136,19.85842391
NELITCSE,NELITCSE_612,NELITCSE_SSCSB,Zea mays (Corn),1187.54472,NA,2006,Sub Till,None,No,765,10.5,168,NA,NA,0,15,NA,NA,326.136,19.85842391
NELITCSE,NELITCSE_613,NELITCSE_RTCSB,Zea mays (Corn),2402.810028,NA,2006,Conservation Till,None,No,765,10.5,168,NA,NA,0,15,NA,NA,326.136,19.85842391
NELITCSE,NELITCSE_616,NELITCSE_RTCC,Zea mays (Corn),3908.635272,NA,2006,Conservation Till,None,No,765,10.5,168,NA,NA,0,15,NA,NA,326.136,19.85842391
NELITCSE,NELITCSE_617,NELITCSE_MPCSB,Zea mays (Corn),3243.84291,NA,2006,Conventional Till,None,No,765,10.5,168,NA,NA,0,15,NA,NA,326.136,19.85842391
NELITCSE,NELITCSE_620,NELITCSE_MPCC,Zea mays (Corn),3990.466292,NA,2006,Conventional Till,None,No,765,10.5,168,NA,NA,0,15,NA,NA,326.136,19.85842391
NELITCSE,NELITCSE_621,NELITCSE_CHCC,Zea mays (Corn),3580.977962,NA,2006,Conservation Till,None,No,765,10.5,168,NA,NA,0,15,NA,NA,326.136,19.85842391
NELITCSE,NELITCSE_624,NELITCSE_CHCSB,Zea mays (Corn),3411.376367,NA,2006,Conservation Till,None,No,765,10.5,168,NA,NA,0,15,NA,NA,326.136,19.85842391
NELITCSE,NELITCSE_103,NELITCSE_RTSBC,Zea mays (Corn),2787.39538,10196.75,2007,Conservation Till,None,No,765,10.5,168,NA,NA,0,15,NA,NA,559.816,20.85549451
NELITCSE,NELITCSE_104,NELITCSE_RTCC,Zea mays (Corn),1865.394612,8290.58,2007,Conservation Till,None,No,765,10.5,168,NA,NA,0,15,NA,NA,559.816,20.85549451
NELITCSE,NELITCSE_107,NELITCSE_CHSBC,Zea mays (Corn),2523.911234,10033.43,2007,Conservation Till,None,No,765,10.5,168,NA,NA,0,15,NA,NA,559.816,20.85549451
NELITCSE,NELITCSE_108,NELITCSE_CHCC,Zea mays (Corn),2226.749688,9117.57,2007,Conservation Till,None,No,765,10.5,168,NA,NA,0,15,NA,NA,559.816,20.85549451
NELITCSE,NELITCSE_110,NELITCSE_SSCC,Zea mays (Corn),1276.548564,6260.58,2007,Sub Till,None,No,765,10.5,168,NA,NA,0,15,NA,NA,559.816,20.85549451
NELITCSE,NELITCSE_111,NELITCSE_SSSBC,Zea mays (Corn),2551.623984,11040.8,2007,Sub Till,None,No,765,10.5,168,NA,NA,0,15,NA,NA,559.816,20.85549451
NELITCSE,NELITCSE_114,NELITCSE_DKSBC,Zea mays (Corn),3408.159592,13903.73,2007,Conventional Till,None,No,765,10.5,168,NA,NA,0,15,NA,NA,559.816,20.85549451
NELITCSE,NELITCSE_116,NELITCSE_DKCC,Zea mays (Corn),3288.08788,13316.27,2007,Conventional Till,None,No,765,10.5,168,NA,NA,0,15,NA,NA,559.816,20.85549451
NELITCSE,NELITCSE_117,NELITCSE_NTCC,Zea mays (Corn),3665.244381,14757.27,2007,No Till,None,No,765,10.5,168,NA,NA,0,15,NA,NA,559.816,20.85549451
NELITCSE,NELITCSE_118,NELITCSE_NTSBC,Zea mays (Corn),3303.99116,13082.88,2007,No Till,None,No,765,10.5,168,NA,NA,0,15,NA,NA,559.816,20.85549451
NELITCSE,NELITCSE_122,NELITCSE_MPSBC,Zea mays (Corn),2525.697863,9755.8,2007,Conventional Till,None,No,765,10.5,168,NA,NA,0,15,NA,NA,559.816,20.85549451
NELITCSE,NELITCSE_124,NELITCSE_MPCC,Zea mays (Corn),2768.42769,10789.02,2007,Conventional Till,None,No,765,10.5,168,NA,NA,0,15,NA,NA,559.816,20.85549451
NELITCSE,NELITCSE_201,NELITCSE_SSCC,Zea mays (Corn),3103.329955,12417.11,2007,Sub Till,None,No,765,10.5,168,NA,NA,0,15,NA,NA,559.816,20.85549451
NELITCSE,NELITCSE_203,NELITCSE_SSSBC,Zea mays (Corn),2238.575648,10147.59,2007,Sub Till,None,No,765,10.5,168,NA,NA,0,15,NA,NA,559.816,20.85549451
NELITCSE,NELITCSE_205,NELITCSE_DKCC,Zea mays (Corn),3099.575232,12863.4,2007,Conventional Till,None,No,765,10.5,168,NA,NA,0,15,NA,NA,559.816,20.85549451
NELITCSE,NELITCSE_208,NELITCSE_DKSBC,Zea mays (Corn),3854.102092,14505.81,2007,Conventional Till,None,No,765,10.5,168,NA,NA,0,15,NA,NA,559.816,20.85549451
NELITCSE,NELITCSE_209,NELITCSE_CHSBC,Zea mays (Corn),3492.65601,13613.89,2007,Conservation Till,None,No,765,10.5,168,NA,NA,0,15,NA,NA,559.816,20.85549451
NELITCSE,NELITCSE_211,NELITCSE_CHCC,Zea mays (Corn),1891.59663,7697.12,2007,Conservation Till,None,No,765,10.5,168,NA,NA,0,15,NA,NA,559.816,20.85549451
NELITCSE,NELITCSE_213,NELITCSE_RTCC,Zea mays (Corn),3133.30242,12059.77,2007,Conservation Till,None,No,765,10.5,168,NA,NA,0,15,NA,NA,559.816,20.85549451
NELITCSE,NELITCSE_214,NELITCSE_RTSBC,Zea mays (Corn),2998.01343,12180.57,2007,Conservation Till,None,No,765,10.5,168,NA,NA,0,15,NA,NA,559.816,20.85549451
NELITCSE,NELITCSE_217,NELITCSE_NTSBC,Zea mays (Corn),3534.242544,14738.81,2007,No Till,None,No,765,10.5,168,NA,NA,0,15,NA,NA,559.816,20.85549451
NELITCSE,NELITCSE_218,NELITCSE_NTCC,Zea mays (Corn),3226.475698,12398.43,2007,No Till,None,No,765,10.5,168,NA,NA,0,15,NA,NA,559.816,20.85549451
NELITCSE,NELITCSE_223,NELITCSE_MPSBC,Zea mays (Corn),3909.687184,16655.37,2007,Conventional Till,None,No,765,10.5,168,NA,NA,0,15,NA,NA,559.816,20.85549451
NELITCSE,NELITCSE_224,NELITCSE_MPCC,Zea mays (Corn),2145.60825,9813.15,2007,Conventional Till,None,No,765,10.5,168,NA,NA,0,15,NA,NA,559.816,20.85549451
NELITCSE,NELITCSE_302,NELITCSE_RTSBC,Zea mays (Corn),2007.990566,8724.02,2007,Conservation Till,None,No,765,10.5,168,NA,NA,0,15,NA,NA,559.816,20.85549451
NELITCSE,NELITCSE_304,NELITCSE_RTCC,Zea mays (Corn),1335.92312,5744.58,2007,Conservation Till,None,No,765,10.5,168,NA,NA,0,15,NA,NA,559.816,20.85549451
NELITCSE,NELITCSE_306,NELITCSE_CHSBC,Zea mays (Corn),2681.63247,10642.97,2007,Conservation Till,None,No,765,10.5,168,NA,NA,0,15,NA,NA,559.816,20.85549451
NELITCSE,NELITCSE_307,NELITCSE_CHCC,Zea mays (Corn),3168.9891,12655,2007,Conservation Till,None,No,765,10.5,168,NA,NA,0,15,NA,NA,559.816,20.85549451
NELITCSE,NELITCSE_310,NELITCSE_MPSBC,Zea mays (Corn),2634.282532,11217.89,2007,Conventional Till,None,No,765,10.5,168,NA,NA,0,15,NA,NA,559.816,20.85549451
NELITCSE,NELITCSE_312,NELITCSE_MPCC,Zea mays (Corn),2242.200142,8531.24,2007,Conventional Till,None,No,765,10.5,168,NA,NA,0,15,NA,NA,559.816,20.85549451
NELITCSE,NELITCSE_313,NELITCSE_NTSBC,Zea mays (Corn),2405.140452,9764.68,2007,No Till,None,No,765,10.5,168,NA,NA,0,15,NA,NA,559.816,20.85549451
NELITCSE,NELITCSE_314,NELITCSE_NTCC,Zea mays (Corn),1175.253138,6369.09,2007,No Till,None,No,765,10.5,168,NA,NA,0,15,NA,NA,559.816,20.85549451
NELITCSE,NELITCSE_318,NELITCSE_DKCC,Zea mays (Corn),2854.069817,11490.99,2007,Conventional Till,None,No,765,10.5,168,NA,NA,0,15,NA,NA,559.816,20.85549451
NELITCSE,NELITCSE_319,NELITCSE_DKSBC,Zea mays (Corn),3687.1578,14964.27,2007,Conventional Till,None,No,765,10.5,168,NA,NA,0,15,NA,NA,559.816,20.85549451
NELITCSE,NELITCSE_321,NELITCSE_SSCC,Zea mays (Corn),2873.216892,11269.01,2007,Sub Till,None,No,765,10.5,168,NA,NA,0,15,NA,NA,559.816,20.85549451
NELITCSE,NELITCSE_322,NELITCSE_SSSBC,Zea mays (Corn),2843.110088,12394.64,2007,Sub Till,None,No,765,10.5,168,NA,NA,0,15,NA,NA,559.816,20.85549451
NELITCSE,NELITCSE_401,NELITCSE_SSSBC,Zea mays (Corn),2241.163557,9878.35,2007,Sub Till,None,No,765,10.5,168,NA,NA,0,15,NA,NA,559.816,20.85549451
NELITCSE,NELITCSE_404,NELITCSE_SSCC,Zea mays (Corn),3299.630204,12070.35,2007,Sub Till,None,No,765,10.5,168,NA,NA,0,15,NA,NA,559.816,20.85549451
NELITCSE,NELITCSE_406,NELITCSE_DKSBC,Zea mays (Corn),3334.754619,13178.58,2007,Conventional Till,None,No,765,10.5,168,NA,NA,0,15,NA,NA,559.816,20.85549451
NELITCSE,NELITCSE_407,NELITCSE_DKCC,Zea mays (Corn),3290.916111,15494.6,2007,Conventional Till,None,No,765,10.5,168,NA,NA,0,15,NA,NA,559.816,20.85549451
NELITCSE,NELITCSE_409,NELITCSE_NTCC,Zea mays (Corn),3642.540266,15754.72,2007,No Till,None,No,765,10.5,168,NA,NA,0,15,NA,NA,559.816,20.85549451
NELITCSE,NELITCSE_412,NELITCSE_NTSBC,Zea mays (Corn),2903.141,12913.73,2007,No Till,None,No,765,10.5,168,NA,NA,0,15,NA,NA,559.816,20.85549451
NELITCSE,NELITCSE_414,NELITCSE_CHSBC,Zea mays (Corn),3332.11276,14304.8,2007,Conservation Till,None,No,765,10.5,168,NA,NA,0,15,NA,NA,559.816,20.85549451
NELITCSE,NELITCSE_416,NELITCSE_CHCC,Zea mays (Corn),2923.990607,11258.98,2007,Conservation Till,None,No,765,10.5,168,NA,NA,0,15,NA,NA,559.816,20.85549451
NELITCSE,NELITCSE_417,NELITCSE_RTSBC,Zea mays (Corn),3418.913019,14970.7,2007,Conservation Till,None,No,765,10.5,168,NA,NA,0,15,NA,NA,559.816,20.85549451
NELITCSE,NELITCSE_420,NELITCSE_RTCC,Zea mays (Corn),2660.196087,10627.56,2007,Conservation Till,None,No,765,10.5,168,NA,NA,0,15,NA,NA,559.816,20.85549451
NELITCSE,NELITCSE_421,NELITCSE_MPSBC,Zea mays (Corn),4702.33598,17248.72,2007,Conventional Till,None,No,765,10.5,168,NA,NA,0,15,NA,NA,559.816,20.85549451
NELITCSE,NELITCSE_422,NELITCSE_MPCC,Zea mays (Corn),4069.035212,16713.98,2007,Conventional Till,None,No,765,10.5,168,NA,NA,0,15,NA,NA,559.816,20.85549451
NELITCSE,NELITCSE_501,NELITCSE_DKCC,Zea mays (Corn),2780.25251,12151,2007,Conventional Till,None,No,765,10.5,168,NA,NA,0,15,NA,NA,559.816,20.85549451
NELITCSE,NELITCSE_503,NELITCSE_DKSBC,Zea mays (Corn),3448.184481,13630.13,2007,Conventional Till,None,No,765,10.5,168,NA,NA,0,15,NA,NA,559.816,20.85549451
NELITCSE,NELITCSE_506,NELITCSE_RTSBC,Zea mays (Corn),3071.691572,12133.19,2007,Conservation Till,None,No,765,10.5,168,NA,NA,0,15,NA,NA,559.816,20.85549451
NELITCSE,NELITCSE_508,NELITCSE_RTCC,Zea mays (Corn),3115.145484,11413.88,2007,Conservation Till,None,No,765,10.5,168,NA,NA,0,15,NA,NA,559.816,20.85549451
NELITCSE,NELITCSE_509,NELITCSE_CHSBC,Zea mays (Corn),3276.765532,12761.62,2007,Conservation Till,None,No,765,10.5,168,NA,NA,0,15,NA,NA,559.816,20.85549451
NELITCSE,NELITCSE_512,NELITCSE_CHCC,Zea mays (Corn),3070.542285,12589.84,2007,Conservation Till,None,No,765,10.5,168,NA,NA,0,15,NA,NA,559.816,20.85549451
NELITCSE,NELITCSE_515,NELITCSE_SSSBC,Zea mays (Corn),3562.023452,14274.63,2007,Sub Till,None,No,765,10.5,168,NA,NA,0,15,NA,NA,559.816,20.85549451
NELITCSE,NELITCSE_516,NELITCSE_SSCC,Zea mays (Corn),4441.710728,19349.63,2007,Sub Till,None,No,765,10.5,168,NA,NA,0,15,NA,NA,559.816,20.85549451
NELITCSE,NELITCSE_517,NELITCSE_NTCC,Zea mays (Corn),3631.87804,14138.2,2007,No Till,None,No,765,10.5,168,NA,NA,0,15,NA,NA,559.816,20.85549451
NELITCSE,NELITCSE_518,NELITCSE_NTSBC,Zea mays (Corn),3417.26756,14354.49,2007,No Till,None,No,765,10.5,168,NA,NA,0,15,NA,NA,559.816,20.85549451
NELITCSE,NELITCSE_522,NELITCSE_MPSBC,Zea mays (Corn),3434.436948,13380.79,2007,Conventional Till,None,No,765,10.5,168,NA,NA,0,15,NA,NA,559.816,20.85549451
NELITCSE,NELITCSE_523,NELITCSE_MPCC,Zea mays (Corn),3780.68121,14488.5,2007,Conventional Till,None,No,765,10.5,168,NA,NA,0,15,NA,NA,559.816,20.85549451
NELITCSE,NELITCSE_601,NELITCSE_NTCC,Zea mays (Corn),3353.719845,15021.56,2007,No Till,None,No,765,10.5,168,NA,NA,0,15,NA,NA,559.816,20.85549451
NELITCSE,NELITCSE_602,NELITCSE_NTSBC,Zea mays (Corn),3770.815356,15731.67,2007,No Till,None,No,765,10.5,168,NA,NA,0,15,NA,NA,559.816,20.85549451
NELITCSE,NELITCSE_605,NELITCSE_DKCC,Zea mays (Corn),2481.53384,11121.77,2007,Conventional Till,None,No,765,10.5,168,NA,NA,0,15,NA,NA,559.816,20.85549451
NELITCSE,NELITCSE_608,NELITCSE_DKSBC,Zea mays (Corn),4829.84784,19238.71,2007,Conventional Till,None,No,765,10.5,168,NA,NA,0,15,NA,NA,559.816,20.85549451
NELITCSE,NELITCSE_609,NELITCSE_SSCC,Zea mays (Corn),3451.790686,14071.91,2007,Sub Till,None,No,765,10.5,168,NA,NA,0,15,NA,NA,559.816,20.85549451
NELITCSE,NELITCSE_611,NELITCSE_SSSBC,Zea mays (Corn),3688.385584,16444.36,2007,Sub Till,None,No,765,10.5,168,NA,NA,0,15,NA,NA,559.816,20.85549451
NELITCSE,NELITCSE_614,NELITCSE_RTSBC,Zea mays (Corn),2506.068432,10147.48,2007,Conservation Till,None,No,765,10.5,168,NA,NA,0,15,NA,NA,559.816,20.85549451
NELITCSE,NELITCSE_616,NELITCSE_RTCC,Zea mays (Corn),3785.801936,15691.8,2007,Conservation Till,None,No,765,10.5,168,NA,NA,0,15,NA,NA,559.816,20.85549451
NELITCSE,NELITCSE_618,NELITCSE_MPSBC,Zea mays (Corn),3391.637232,14609.08,2007,Conventional Till,None,No,765,10.5,168,NA,NA,0,15,NA,NA,559.816,20.85549451
NELITCSE,NELITCSE_620,NELITCSE_MPCC,Zea mays (Corn),3506.953617,13331.03,2007,Conventional Till,None,No,765,10.5,168,NA,NA,0,15,NA,NA,559.816,20.85549451
NELITCSE,NELITCSE_621,NELITCSE_CHCC,Zea mays (Corn),3074.43675,11326.62,2007,Conservation Till,None,No,765,10.5,168,NA,NA,0,15,NA,NA,559.816,20.85549451
NELITCSE,NELITCSE_622,NELITCSE_CHSBC,Zea mays (Corn),4249.35654,15871.7,2007,Conservation Till,None,No,765,10.5,168,NA,NA,0,15,NA,NA,559.816,20.85549451
NELITCSE,NELITCSE_102,NELITCSE_RTCSB,Zea mays (Corn),3659.623188,15029.68,2008,Conservation Till,None,No,765,10.5,168,NA,NA,0,15,NA,NA,622.046,19.06168478
NELITCSE,NELITCSE_104,NELITCSE_RTCC,Zea mays (Corn),2496.557952,10053.22,2008,Conservation Till,None,No,765,10.5,168,NA,NA,0,15,NA,NA,622.046,19.06168478
NELITCSE,NELITCSE_106,NELITCSE_CHCSB,Zea mays (Corn),4173.381822,16637.02,2008,Conservation Till,None,No,765,10.5,168,NA,NA,0,15,NA,NA,622.046,19.06168478
NELITCSE,NELITCSE_108,NELITCSE_CHCC,Zea mays (Corn),2290.77268,9505.16,2008,Conservation Till,None,No,765,10.5,168,NA,NA,0,15,NA,NA,622.046,19.06168478
NELITCSE,NELITCSE_110,NELITCSE_SSCC,Zea mays (Corn),2302.396428,8961.31,2008,Sub Till,None,No,765,10.5,168,NA,NA,0,15,NA,NA,622.046,19.06168478
NELITCSE,NELITCSE_112,NELITCSE_SSCSB,Zea mays (Corn),3137.459208,14807.23,2008,Sub Till,None,No,765,10.5,168,NA,NA,0,15,NA,NA,622.046,19.06168478
NELITCSE,NELITCSE_115,NELITCSE_DKCSB,Zea mays (Corn),3416.5804,14433.78,2008,Conventional Till,None,No,765,10.5,168,NA,NA,0,15,NA,NA,622.046,19.06168478
NELITCSE,NELITCSE_116,NELITCSE_DKCC,Zea mays (Corn),4622.198168,17535.19,2008,Conventional Till,None,No,765,10.5,168,NA,NA,0,15,NA,NA,622.046,19.06168478
NELITCSE,NELITCSE_117,NELITCSE_NTCC,Zea mays (Corn),4307.146584,17701.38,2008,No Till,None,No,765,10.5,168,NA,NA,0,15,NA,NA,622.046,19.06168478
NELITCSE,NELITCSE_119,NELITCSE_NTCSB,Zea mays (Corn),4640.488873,17250.13,2008,No Till,None,No,765,10.5,168,NA,NA,0,15,NA,NA,622.046,19.06168478
NELITCSE,NELITCSE_121,NELITCSE_MPCSB,Zea mays (Corn),4367.5107,17711.45,2008,Conventional Till,None,No,765,10.5,168,NA,NA,0,15,NA,NA,622.046,19.06168478
NELITCSE,NELITCSE_124,NELITCSE_MPCC,Zea mays (Corn),3498.85261,17284.84,2008,Conventional Till,None,No,765,10.5,168,NA,NA,0,15,NA,NA,622.046,19.06168478
NELITCSE,NELITCSE_201,NELITCSE_SSCC,Zea mays (Corn),4754.183544,18022.03,2008,Sub Till,None,No,765,10.5,168,NA,NA,0,15,NA,NA,622.046,19.06168478
NELITCSE,NELITCSE_202,NELITCSE_SSCSB,Zea mays (Corn),3933.26967,16634.99,2008,Sub Till,None,No,765,10.5,168,NA,NA,0,15,NA,NA,622.046,19.06168478
NELITCSE,NELITCSE_205,NELITCSE_DKCC,Zea mays (Corn),4923.420074,19530.49,2008,Conventional Till,None,No,765,10.5,168,NA,NA,0,15,NA,NA,622.046,19.06168478
NELITCSE,NELITCSE_207,NELITCSE_DKCSB,Zea mays (Corn),4924.188108,18737.25,2008,Conventional Till,None,No,765,10.5,168,NA,NA,0,15,NA,NA,622.046,19.06168478
NELITCSE,NELITCSE_210,NELITCSE_CHCSB,Zea mays (Corn),5500.593436,21961.65,2008,Conservation Till,None,No,765,10.5,168,NA,NA,0,15,NA,NA,622.046,19.06168478
NELITCSE,NELITCSE_211,NELITCSE_CHCC,Zea mays (Corn),3948.94566,15120.58,2008,Conservation Till,None,No,765,10.5,168,NA,NA,0,15,NA,NA,622.046,19.06168478
NELITCSE,NELITCSE_213,NELITCSE_RTCC,Zea mays (Corn),4264.62205,15551.56,2008,Conservation Till,None,No,765,10.5,168,NA,NA,0,15,NA,NA,622.046,19.06168478
NELITCSE,NELITCSE_216,NELITCSE_RTCSB,Zea mays (Corn),4786.659236,19107.63,2008,Conservation Till,None,No,765,10.5,168,NA,NA,0,15,NA,NA,622.046,19.06168478
NELITCSE,NELITCSE_218,NELITCSE_NTCC,Zea mays (Corn),3614.99281,13970.37,2008,No Till,None,No,765,10.5,168,NA,NA,0,15,NA,NA,622.046,19.06168478
NELITCSE,NELITCSE_220,NELITCSE_NTCSB,Zea mays (Corn),4027.48696,16230.17,2008,No Till,None,No,765,10.5,168,NA,NA,0,15,NA,NA,622.046,19.06168478
NELITCSE,NELITCSE_221,NELITCSE_MPCSB,Zea mays (Corn),3440.312645,17953.89,2008,Conventional Till,None,No,765,10.5,168,NA,NA,0,15,NA,NA,622.046,19.06168478
NELITCSE,NELITCSE_224,NELITCSE_MPCC,Zea mays (Corn),3833.449365,15794.29,2008,Conventional Till,None,No,765,10.5,168,NA,NA,0,15,NA,NA,622.046,19.06168478
NELITCSE,NELITCSE_301,NELITCSE_RTCSB,Zea mays (Corn),4619.768862,17119.25,2008,Conservation Till,None,No,765,10.5,168,NA,NA,0,15,NA,NA,622.046,19.06168478
NELITCSE,NELITCSE_304,NELITCSE_RTCC,Zea mays (Corn),3712.574736,13477.62,2008,Conservation Till,None,No,765,10.5,168,NA,NA,0,15,NA,NA,622.046,19.06168478
NELITCSE,NELITCSE_307,NELITCSE_CHCC,Zea mays (Corn),3213.01094,12631.1,2008,Conservation Till,None,No,765,10.5,168,NA,NA,0,15,NA,NA,622.046,19.06168478
NELITCSE,NELITCSE_308,NELITCSE_CHCSB,Zea mays (Corn),4291.887444,16475.57,2008,Conservation Till,None,No,765,10.5,168,NA,NA,0,15,NA,NA,622.046,19.06168478
NELITCSE,NELITCSE_309,NELITCSE_MPCSB,Zea mays (Corn),4358.387586,16855.93,2008,Conventional Till,None,No,765,10.5,168,NA,NA,0,15,NA,NA,622.046,19.06168478
NELITCSE,NELITCSE_312,NELITCSE_MPCC,Zea mays (Corn),4612.352052,17779.93,2008,Conventional Till,None,No,765,10.5,168,NA,NA,0,15,NA,NA,622.046,19.06168478
NELITCSE,NELITCSE_314,NELITCSE_NTCC,Zea mays (Corn),3031.526421,11873.29,2008,No Till,None,No,765,10.5,168,NA,NA,0,15,NA,NA,622.046,19.06168478
NELITCSE,NELITCSE_315,NELITCSE_NTCSB,Zea mays (Corn),3644.66802,14199.2,2008,No Till,None,No,765,10.5,168,NA,NA,0,15,NA,NA,622.046,19.06168478
NELITCSE,NELITCSE_318,NELITCSE_DKCC,Zea mays (Corn),2923.246911,11983.87,2008,Conventional Till,None,No,765,10.5,168,NA,NA,0,15,NA,NA,622.046,19.06168478
NELITCSE,NELITCSE_320,NELITCSE_DKCSB,Zea mays (Corn),3628.52545,14977.98,2008,Conventional Till,None,No,765,10.5,168,NA,NA,0,15,NA,NA,622.046,19.06168478
NELITCSE,NELITCSE_321,NELITCSE_SSCC,Zea mays (Corn),2162.68845,11214.59,2008,Sub Till,None,No,765,10.5,168,NA,NA,0,15,NA,NA,622.046,19.06168478
NELITCSE,NELITCSE_324,NELITCSE_SSCSB,Zea mays (Corn),2202.153932,10812.5,2008,Sub Till,None,No,765,10.5,168,NA,NA,0,15,NA,NA,622.046,19.06168478
NELITCSE,NELITCSE_403,NELITCSE_SSCSB,Zea mays (Corn),4783.24902,18680.88,2008,Sub Till,None,No,765,10.5,168,NA,NA,0,15,NA,NA,622.046,19.06168478
NELITCSE,NELITCSE_404,NELITCSE_SSCC,Zea mays (Corn),3325.436334,11911.55,2008,Sub Till,None,No,765,10.5,168,NA,NA,0,15,NA,NA,622.046,19.06168478
NELITCSE,NELITCSE_407,NELITCSE_DKCC,Zea mays (Corn),4233.5766,15572.24,2008,Conventional Till,None,No,765,10.5,168,NA,NA,0,15,NA,NA,622.046,19.06168478
NELITCSE,NELITCSE_408,NELITCSE_DKCSB,Zea mays (Corn),4784.40775,18866.57,2008,Conventional Till,None,No,765,10.5,168,NA,NA,0,15,NA,NA,622.046,19.06168478
NELITCSE,NELITCSE_409,NELITCSE_NTCC,Zea mays (Corn),4484.961136,17074.32,2008,No Till,None,No,765,10.5,168,NA,NA,0,15,NA,NA,622.046,19.06168478
NELITCSE,NELITCSE_411,NELITCSE_NTCSB,Zea mays (Corn),3933.51335,16030.7,2008,No Till,None,No,765,10.5,168,NA,NA,0,15,NA,NA,622.046,19.06168478
NELITCSE,NELITCSE_415,NELITCSE_CHCSB,Zea mays (Corn),4616.148631,18684.12,2008,Conservation Till,None,No,765,10.5,168,NA,NA,0,15,NA,NA,622.046,19.06168478
NELITCSE,NELITCSE_416,NELITCSE_CHCC,Zea mays (Corn),4773.056968,18107.98,2008,Conservation Till,None,No,765,10.5,168,NA,NA,0,15,NA,NA,622.046,19.06168478
NELITCSE,NELITCSE_419,NELITCSE_RTCSB,Zea mays (Corn),4508.079632,17846.96,2008,Conservation Till,None,No,765,10.5,168,NA,NA,0,15,NA,NA,622.046,19.06168478
NELITCSE,NELITCSE_420,NELITCSE_RTCC,Zea mays (Corn),3746.28113,14798.56,2008,Conservation Till,None,No,765,10.5,168,NA,NA,0,15,NA,NA,622.046,19.06168478
NELITCSE,NELITCSE_422,NELITCSE_MPCC,Zea mays (Corn),5545.88955,21455.22,2008,Conventional Till,None,No,765,10.5,168,NA,NA,0,15,NA,NA,622.046,19.06168478
NELITCSE,NELITCSE_424,NELITCSE_MPCSB,Zea mays (Corn),5720.670092,21350.29,2008,Conventional Till,None,No,765,10.5,168,NA,NA,0,15,NA,NA,622.046,19.06168478
NELITCSE,NELITCSE_501,NELITCSE_DKCC,Zea mays (Corn),4869.213636,19427.33,2008,Conventional Till,None,No,765,10.5,168,NA,NA,0,15,NA,NA,622.046,19.06168478
NELITCSE,NELITCSE_502,NELITCSE_DKCSB,Zea mays (Corn),5052.659326,20396.29,2008,Conventional Till,None,No,765,10.5,168,NA,NA,0,15,NA,NA,622.046,19.06168478
NELITCSE,NELITCSE_507,NELITCSE_RTCSB,Zea mays (Corn),4353.254934,17207.57,2008,Conservation Till,None,No,765,10.5,168,NA,NA,0,15,NA,NA,622.046,19.06168478
NELITCSE,NELITCSE_508,NELITCSE_RTCC,Zea mays (Corn),4185.51826,14861.25,2008,Conservation Till,None,No,765,10.5,168,NA,NA,0,15,NA,NA,622.046,19.06168478
NELITCSE,NELITCSE_511,NELITCSE_CHCSB,Zea mays (Corn),4924.777836,19446.82,2008,Conservation Till,None,No,765,10.5,168,NA,NA,0,15,NA,NA,622.046,19.06168478
NELITCSE,NELITCSE_512,NELITCSE_CHCC,Zea mays (Corn),3208.020358,12710.61,2008,Conservation Till,None,No,765,10.5,168,NA,NA,0,15,NA,NA,622.046,19.06168478
NELITCSE,NELITCSE_514,NELITCSE_SSCSB,Zea mays (Corn),4689.527479,18607,2008,Sub Till,None,No,765,10.5,168,NA,NA,0,15,NA,NA,622.046,19.06168478
NELITCSE,NELITCSE_516,NELITCSE_SSCC,Zea mays (Corn),5089.584717,19607.91,2008,Sub Till,None,No,765,10.5,168,NA,NA,0,15,NA,NA,622.046,19.06168478
NELITCSE,NELITCSE_517,NELITCSE_NTCC,Zea mays (Corn),3748.50909,14969.1,2008,No Till,None,No,765,10.5,168,NA,NA,0,15,NA,NA,622.046,19.06168478
NELITCSE,NELITCSE_520,NELITCSE_NTCSB,Zea mays (Corn),3769.423286,15308.95,2008,No Till,None,No,765,10.5,168,NA,NA,0,15,NA,NA,622.046,19.06168478
NELITCSE,NELITCSE_523,NELITCSE_MPCC,Zea mays (Corn),3852.762016,15497.91,2008,Conventional Till,None,No,765,10.5,168,NA,NA,0,15,NA,NA,622.046,19.06168478
NELITCSE,NELITCSE_524,NELITCSE_MPCSB,Zea mays (Corn),4966.427136,20497.85,2008,Conventional Till,None,No,765,10.5,168,NA,NA,0,15,NA,NA,622.046,19.06168478
NELITCSE,NELITCSE_601,NELITCSE_NTCC,Zea mays (Corn),2965.578588,11777.93,2008,No Till,None,No,765,10.5,168,NA,NA,0,15,NA,NA,622.046,19.06168478
NELITCSE,NELITCSE_604,NELITCSE_NTCSB,Zea mays (Corn),3858.637772,15995.44,2008,No Till,None,No,765,10.5,168,NA,NA,0,15,NA,NA,622.046,19.06168478
NELITCSE,NELITCSE_605,NELITCSE_DKCC,Zea mays (Corn),2676.233674,11749.09,2008,Conventional Till,None,No,765,10.5,168,NA,NA,0,15,NA,NA,622.046,19.06168478
NELITCSE,NELITCSE_606,NELITCSE_DKCSB,Zea mays (Corn),5095.86497,20749.29,2008,Conventional Till,None,No,765,10.5,168,NA,NA,0,15,NA,NA,622.046,19.06168478
NELITCSE,NELITCSE_609,NELITCSE_SSCC,Zea mays (Corn),4577.151018,17790.02,2008,Sub Till,None,No,765,10.5,168,NA,NA,0,15,NA,NA,622.046,19.06168478
NELITCSE,NELITCSE_612,NELITCSE_SSCSB,Zea mays (Corn),5971.192288,25545.85,2008,Sub Till,None,No,765,10.5,168,NA,NA,0,15,NA,NA,622.046,19.06168478
NELITCSE,NELITCSE_613,NELITCSE_RTCSB,Zea mays (Corn),5105.79528,21158.9,2008,Conservation Till,None,No,765,10.5,168,NA,NA,0,15,NA,NA,622.046,19.06168478
NELITCSE,NELITCSE_616,NELITCSE_RTCC,Zea mays (Corn),4679.153268,18095.07,2008,Conservation Till,None,No,765,10.5,168,NA,NA,0,15,NA,NA,622.046,19.06168478
NELITCSE,NELITCSE_617,NELITCSE_MPCSB,Zea mays (Corn),5729.67006,23955.35,2008,Conventional Till,None,No,765,10.5,168,NA,NA,0,15,NA,NA,622.046,19.06168478
NELITCSE,NELITCSE_620,NELITCSE_MPCC,Zea mays (Corn),4802.025008,17842.91,2008,Conventional Till,None,No,765,10.5,168,NA,NA,0,15,NA,NA,622.046,19.06168478
NELITCSE,NELITCSE_621,NELITCSE_CHCC,Zea mays (Corn),4580.21179,17150.74,2008,Conservation Till,None,No,765,10.5,168,NA,NA,0,15,NA,NA,622.046,19.06168478
NELITCSE,NELITCSE_624,NELITCSE_CHCSB,Zea mays (Corn),4850.399211,20342.84,2008,Conservation Till,None,No,765,10.5,168,NA,NA,0,15,NA,NA,622.046,19.06168478
NELITCSE,NELITCSE_103,NELITCSE_RTSBC,Zea mays (Corn),1616.481272,10951.89,2009,Conservation Till,None,No,765,10.5,168,NA,NA,0,15,NA,NA,438.15,18.04203297
NELITCSE,NELITCSE_104,NELITCSE_RTCC,Zea mays (Corn),2338.758246,12304.37,2009,Conservation Till,None,No,765,10.5,168,NA,NA,0,15,NA,NA,438.15,18.04203297
NELITCSE,NELITCSE_107,NELITCSE_CHSBC,Zea mays (Corn),4388.973552,17738.81,2009,Conservation Till,None,No,765,10.5,168,NA,NA,0,15,NA,NA,438.15,18.04203297
NELITCSE,NELITCSE_108,NELITCSE_CHCC,Zea mays (Corn),2928.03,15058.09,2009,Conservation Till,None,No,765,10.5,168,NA,NA,0,15,NA,NA,438.15,18.04203297
NELITCSE,NELITCSE_110,NELITCSE_SSCC,Zea mays (Corn),2528.925255,12509.5,2009,Sub Till,None,No,765,10.5,168,NA,NA,0,15,NA,NA,438.15,18.04203297
NELITCSE,NELITCSE_111,NELITCSE_SSSBC,Zea mays (Corn),3691.081296,16145.81,2009,Sub Till,None,No,765,10.5,168,NA,NA,0,15,NA,NA,438.15,18.04203297
NELITCSE,NELITCSE_114,NELITCSE_DKSBC,Zea mays (Corn),2729.6598,13491.42,2009,Conventional Till,None,No,765,10.5,168,NA,NA,0,15,NA,NA,438.15,18.04203297
NELITCSE,NELITCSE_116,NELITCSE_DKCC,Zea mays (Corn),2737.13832,13720.1,2009,Conventional Till,None,No,765,10.5,168,NA,NA,0,15,NA,NA,438.15,18.04203297
NELITCSE,NELITCSE_117,NELITCSE_NTCC,Zea mays (Corn),2654.57776,12903.14,2009,No Till,None,No,765,10.5,168,NA,NA,0,15,NA,NA,438.15,18.04203297
NELITCSE,NELITCSE_118,NELITCSE_NTSBC,Zea mays (Corn),2325.58451,13129.51,2009,No Till,None,No,765,10.5,168,NA,NA,0,15,NA,NA,438.15,18.04203297
NELITCSE,NELITCSE_122,NELITCSE_MPSBC,Zea mays (Corn),4340.806236,20398.22,2009,Conventional Till,None,No,765,10.5,168,NA,NA,0,15,NA,NA,438.15,18.04203297
NELITCSE,NELITCSE_124,NELITCSE_MPCC,Zea mays (Corn),3238.063912,15290.82,2009,Conventional Till,None,No,765,10.5,168,NA,NA,0,15,NA,NA,438.15,18.04203297
NELITCSE,NELITCSE_201,NELITCSE_SSCC,Zea mays (Corn),3220.688413,16490.18,2009,Sub Till,None,No,765,10.5,168,NA,NA,0,15,NA,NA,438.15,18.04203297
NELITCSE,NELITCSE_203,NELITCSE_SSSBC,Zea mays (Corn),3780.832878,17242.31,2009,Sub Till,None,No,765,10.5,168,NA,NA,0,15,NA,NA,438.15,18.04203297
NELITCSE,NELITCSE_205,NELITCSE_DKCC,Zea mays (Corn),2223.256698,12140.5,2009,Conventional Till,None,No,765,10.5,168,NA,NA,0,15,NA,NA,438.15,18.04203297
NELITCSE,NELITCSE_208,NELITCSE_DKSBC,Zea mays (Corn),3532.342704,15712.95,2009,Conventional Till,None,No,765,10.5,168,NA,NA,0,15,NA,NA,438.15,18.04203297
NELITCSE,NELITCSE_209,NELITCSE_CHSBC,Zea mays (Corn),3507.679072,15514.38,2009,Conservation Till,None,No,765,10.5,168,NA,NA,0,15,NA,NA,438.15,18.04203297
NELITCSE,NELITCSE_211,NELITCSE_CHCC,Zea mays (Corn),3510.88536,15146.91,2009,Conservation Till,None,No,765,10.5,168,NA,NA,0,15,NA,NA,438.15,18.04203297
NELITCSE,NELITCSE_213,NELITCSE_RTCC,Zea mays (Corn),2684.865414,12514.31,2009,Conservation Till,None,No,765,10.5,168,NA,NA,0,15,NA,NA,438.15,18.04203297
NELITCSE,NELITCSE_214,NELITCSE_RTSBC,Zea mays (Corn),2679.35988,12571.23,2009,Conservation Till,None,No,765,10.5,168,NA,NA,0,15,NA,NA,438.15,18.04203297
NELITCSE,NELITCSE_217,NELITCSE_NTSBC,Zea mays (Corn),1937.208875,10157.99,2009,No Till,None,No,765,10.5,168,NA,NA,0,15,NA,NA,438.15,18.04203297
NELITCSE,NELITCSE_218,NELITCSE_NTCC,Zea mays (Corn),4470.137832,18455.44,2009,No Till,None,No,765,10.5,168,NA,NA,0,15,NA,NA,438.15,18.04203297
NELITCSE,NELITCSE_223,NELITCSE_MPSBC,Zea mays (Corn),3119.44476,15354.35,2009,Conventional Till,None,No,765,10.5,168,NA,NA,0,15,NA,NA,438.15,18.04203297
NELITCSE,NELITCSE_224,NELITCSE_MPCC,Zea mays (Corn),3126.56678,15485.49,2009,Conventional Till,None,No,765,10.5,168,NA,NA,0,15,NA,NA,438.15,18.04203297
NELITCSE,NELITCSE_302,NELITCSE_RTSBC,Zea mays (Corn),3221.958371,15650.03,2009,Conservation Till,None,No,765,10.5,168,NA,NA,0,15,NA,NA,438.15,18.04203297
NELITCSE,NELITCSE_304,NELITCSE_RTCC,Zea mays (Corn),3304.231178,15224.61,2009,Conservation Till,None,No,765,10.5,168,NA,NA,0,15,NA,NA,438.15,18.04203297
NELITCSE,NELITCSE_306,NELITCSE_CHSBC,Zea mays (Corn),3409.852781,15389.32,2009,Conservation Till,None,No,765,10.5,168,NA,NA,0,15,NA,NA,438.15,18.04203297
NELITCSE,NELITCSE_307,NELITCSE_CHCC,Zea mays (Corn),3527.275482,15208.39,2009,Conservation Till,None,No,765,10.5,168,NA,NA,0,15,NA,NA,438.15,18.04203297
NELITCSE,NELITCSE_310,NELITCSE_MPSBC,Zea mays (Corn),3259.150587,15118.85,2009,Conventional Till,None,No,765,10.5,168,NA,NA,0,15,NA,NA,438.15,18.04203297
NELITCSE,NELITCSE_312,NELITCSE_MPCC,Zea mays (Corn),4193.933976,20235.58,2009,Conventional Till,None,No,765,10.5,168,NA,NA,0,15,NA,NA,438.15,18.04203297
NELITCSE,NELITCSE_313,NELITCSE_NTSBC,Zea mays (Corn),3432.451176,14767.11,2009,No Till,None,No,765,10.5,168,NA,NA,0,15,NA,NA,438.15,18.04203297
NELITCSE,NELITCSE_314,NELITCSE_NTCC,Zea mays (Corn),2728.87065,12284.79,2009,No Till,None,No,765,10.5,168,NA,NA,0,15,NA,NA,438.15,18.04203297
NELITCSE,NELITCSE_318,NELITCSE_DKCC,Zea mays (Corn),2334.698882,13519.82,2009,Conventional Till,None,No,765,10.5,168,NA,NA,0,15,NA,NA,438.15,18.04203297
NELITCSE,NELITCSE_319,NELITCSE_DKSBC,Zea mays (Corn),3512.319273,15012.99,2009,Conventional Till,None,No,765,10.5,168,NA,NA,0,15,NA,NA,438.15,18.04203297
NELITCSE,NELITCSE_321,NELITCSE_SSCC,Zea mays (Corn),3040.164736,13215.97,2009,Sub Till,None,No,765,10.5,168,NA,NA,0,15,NA,NA,438.15,18.04203297
NELITCSE,NELITCSE_322,NELITCSE_SSSBC,Zea mays (Corn),3173.73939,15697.63,2009,Sub Till,None,No,765,10.5,168,NA,NA,0,15,NA,NA,438.15,18.04203297
NELITCSE,NELITCSE_401,NELITCSE_SSSBC,Zea mays (Corn),3154.559144,15097.11,2009,Sub Till,None,No,765,10.5,168,NA,NA,0,15,NA,NA,438.15,18.04203297
NELITCSE,NELITCSE_404,NELITCSE_SSCC,Zea mays (Corn),3379.910064,17117.41,2009,Sub Till,None,No,765,10.5,168,NA,NA,0,15,NA,NA,438.15,18.04203297
NELITCSE,NELITCSE_406,NELITCSE_DKSBC,Zea mays (Corn),4751.080088,22495.3,2009,Conventional Till,None,No,765,10.5,168,NA,NA,0,15,NA,NA,438.15,18.04203297
NELITCSE,NELITCSE_407,NELITCSE_DKCC,Zea mays (Corn),3417.101142,17026.55,2009,Conventional Till,None,No,765,10.5,168,NA,NA,0,15,NA,NA,438.15,18.04203297
NELITCSE,NELITCSE_409,NELITCSE_NTCC,Zea mays (Corn),3534.75954,15517.78,2009,No Till,None,No,765,10.5,168,NA,NA,0,15,NA,NA,438.15,18.04203297
NELITCSE,NELITCSE_412,NELITCSE_NTSBC,Zea mays (Corn),3877.866792,17571.63,2009,No Till,None,No,765,10.5,168,NA,NA,0,15,NA,NA,438.15,18.04203297
NELITCSE,NELITCSE_414,NELITCSE_CHSBC,Zea mays (Corn),3966.888231,17196.09,2009,Conservation Till,None,No,765,10.5,168,NA,NA,0,15,NA,NA,438.15,18.04203297
NELITCSE,NELITCSE_416,NELITCSE_CHCC,Zea mays (Corn),3969.60714,17437.88,2009,Conservation Till,None,No,765,10.5,168,NA,NA,0,15,NA,NA,438.15,18.04203297
NELITCSE,NELITCSE_417,NELITCSE_RTSBC,Zea mays (Corn),3025.37112,16296.76,2009,Conservation Till,None,No,765,10.5,168,NA,NA,0,15,NA,NA,438.15,18.04203297
NELITCSE,NELITCSE_420,NELITCSE_RTCC,Zea mays (Corn),3029.515464,15289.56,2009,Conservation Till,None,No,765,10.5,168,NA,NA,0,15,NA,NA,438.15,18.04203297
NELITCSE,NELITCSE_421,NELITCSE_MPSBC,Zea mays (Corn),4633.20396,22201.55,2009,Conventional Till,None,No,765,10.5,168,NA,NA,0,15,NA,NA,438.15,18.04203297
NELITCSE,NELITCSE_422,NELITCSE_MPCC,Zea mays (Corn),4841.815736,21994.25,2009,Conventional Till,None,No,765,10.5,168,NA,NA,0,15,NA,NA,438.15,18.04203297
NELITCSE,NELITCSE_501,NELITCSE_DKCC,Zea mays (Corn),3892.368314,17323.12,2009,Conventional Till,None,No,765,10.5,168,NA,NA,0,15,NA,NA,438.15,18.04203297
NELITCSE,NELITCSE_503,NELITCSE_DKSBC,Zea mays (Corn),4687.977906,21736.9,2009,Conventional Till,None,No,765,10.5,168,NA,NA,0,15,NA,NA,438.15,18.04203297
NELITCSE,NELITCSE_506,NELITCSE_RTSBC,Zea mays (Corn),4022.329408,18626.9,2009,Conservation Till,None,No,765,10.5,168,NA,NA,0,15,NA,NA,438.15,18.04203297
NELITCSE,NELITCSE_508,NELITCSE_RTCC,Zea mays (Corn),3233.697108,16766.21,2009,Conservation Till,None,No,765,10.5,168,NA,NA,0,15,NA,NA,438.15,18.04203297
NELITCSE,NELITCSE_509,NELITCSE_CHSBC,Zea mays (Corn),3191.016711,14375.78,2009,Conservation Till,None,No,765,10.5,168,NA,NA,0,15,NA,NA,438.15,18.04203297
NELITCSE,NELITCSE_512,NELITCSE_CHCC,Zea mays (Corn),2661.195268,12997.27,2009,Conservation Till,None,No,765,10.5,168,NA,NA,0,15,NA,NA,438.15,18.04203297
NELITCSE,NELITCSE_515,NELITCSE_SSSBC,Zea mays (Corn),5181.628914,23828.24,2009,Sub Till,None,No,765,10.5,168,NA,NA,0,15,NA,NA,438.15,18.04203297
NELITCSE,NELITCSE_516,NELITCSE_SSCC,Zea mays (Corn),3935.935828,19384.36,2009,Sub Till,None,No,765,10.5,168,NA,NA,0,15,NA,NA,438.15,18.04203297
NELITCSE,NELITCSE_517,NELITCSE_NTCC,Zea mays (Corn),4403.976808,18126.9,2009,No Till,None,No,765,10.5,168,NA,NA,0,15,NA,NA,438.15,18.04203297
NELITCSE,NELITCSE_518,NELITCSE_NTSBC,Zea mays (Corn),4928.074052,23425.58,2009,No Till,None,No,765,10.5,168,NA,NA,0,15,NA,NA,438.15,18.04203297
NELITCSE,NELITCSE_522,NELITCSE_MPSBC,Zea mays (Corn),4544.909166,21824.86,2009,Conventional Till,None,No,765,10.5,168,NA,NA,0,15,NA,NA,438.15,18.04203297
NELITCSE,NELITCSE_523,NELITCSE_MPCC,Zea mays (Corn),3493.163332,15441.05,2009,Conventional Till,None,No,765,10.5,168,NA,NA,0,15,NA,NA,438.15,18.04203297
NELITCSE,NELITCSE_601,NELITCSE_NTCC,Zea mays (Corn),6061.798494,28571.38,2009,No Till,None,No,765,10.5,168,NA,NA,0,15,NA,NA,438.15,18.04203297
NELITCSE,NELITCSE_602,NELITCSE_NTSBC,Zea mays (Corn),5993.592408,25030.47,2009,No Till,None,No,765,10.5,168,NA,NA,0,15,NA,NA,438.15,18.04203297
NELITCSE,NELITCSE_605,NELITCSE_DKCC,Zea mays (Corn),2883.108328,13229.79,2009,Conventional Till,None,No,765,10.5,168,NA,NA,0,15,NA,NA,438.15,18.04203297
NELITCSE,NELITCSE_608,NELITCSE_DKSBC,Zea mays (Corn),4973.759208,20550.48,2009,Conventional Till,None,No,765,10.5,168,NA,NA,0,15,NA,NA,438.15,18.04203297
NELITCSE,NELITCSE_609,NELITCSE_SSCC,Zea mays (Corn),7703.28754,25527.62,2009,Sub Till,None,No,765,10.5,168,NA,NA,0,15,NA,NA,438.15,18.04203297
NELITCSE,NELITCSE_611,NELITCSE_SSSBC,Zea mays (Corn),5905.359767,24310.94,2009,Sub Till,None,No,765,10.5,168,NA,NA,0,15,NA,NA,438.15,18.04203297
NELITCSE,NELITCSE_614,NELITCSE_RTSBC,Zea mays (Corn),5018.311235,20749.68,2009,Conservation Till,None,No,765,10.5,168,NA,NA,0,15,NA,NA,438.15,18.04203297
NELITCSE,NELITCSE_616,NELITCSE_RTCC,Zea mays (Corn),5631.648264,25023.39,2009,Conservation Till,None,No,765,10.5,168,NA,NA,0,15,NA,NA,438.15,18.04203297
NELITCSE,NELITCSE_618,NELITCSE_MPSBC,Zea mays (Corn),3673.025205,18075.63,2009,Conventional Till,None,No,765,10.5,168,NA,NA,0,15,NA,NA,438.15,18.04203297
NELITCSE,NELITCSE_620,NELITCSE_MPCC,Zea mays (Corn),3219.314142,16487.71,2009,Conventional Till,None,No,765,10.5,168,NA,NA,0,15,NA,NA,438.15,18.04203297
NELITCSE,NELITCSE_621,NELITCSE_CHCC,Zea mays (Corn),3664.41868,14722.36,2009,Conservation Till,None,No,765,10.5,168,NA,NA,0,15,NA,NA,438.15,18.04203297
NELITCSE,NELITCSE_622,NELITCSE_CHSBC,Zea mays (Corn),5636.916648,20760.01,2009,Conservation Till,None,No,765,10.5,168,NA,NA,0,15,NA,NA,438.15,18.04203297
NELITCSE,NELITCSE_102,NELITCSE_RTCSB,Zea mays (Corn),2626.586925,12745.93,2010,Conservation Till,None,No,765,10.5,168,NA,NA,0,15,NA,NA,482.6,20.0920765
NELITCSE,NELITCSE_104,NELITCSE_RTCC,Zea mays (Corn),1592.423065,9351.55,2010,Conservation Till,None,No,765,10.5,168,NA,NA,0,15,NA,NA,482.6,20.0920765
NELITCSE,NELITCSE_106,NELITCSE_CHCSB,Zea mays (Corn),1766.747576,9753.79,2010,Conservation Till,None,No,765,10.5,168,NA,NA,0,15,NA,NA,482.6,20.0920765
NELITCSE,NELITCSE_108,NELITCSE_CHCC,Zea mays (Corn),704.02503,7651.16,2010,Conservation Till,None,No,765,10.5,168,NA,NA,0,15,NA,NA,482.6,20.0920765
NELITCSE,NELITCSE_110,NELITCSE_SSCC,Zea mays (Corn),389.07288,4045.31,2010,Sub Till,None,No,765,10.5,168,NA,NA,0,15,NA,NA,482.6,20.0920765
NELITCSE,NELITCSE_112,NELITCSE_SSCSB,Zea mays (Corn),614.999788,6256.33,2010,Sub Till,None,No,765,10.5,168,NA,NA,0,15,NA,NA,482.6,20.0920765
NELITCSE,NELITCSE_115,NELITCSE_DKCSB,Zea mays (Corn),3998.410293,19979.49,2010,Conventional Till,None,No,765,10.5,168,NA,NA,0,15,NA,NA,482.6,20.0920765
NELITCSE,NELITCSE_116,NELITCSE_DKCC,Zea mays (Corn),911.639564,8515.62,2010,Conventional Till,None,No,765,10.5,168,NA,NA,0,15,NA,NA,482.6,20.0920765
NELITCSE,NELITCSE_117,NELITCSE_NTCC,Zea mays (Corn),1723.021615,11077.09,2010,No Till,None,No,765,10.5,168,NA,NA,0,15,NA,NA,482.6,20.0920765
NELITCSE,NELITCSE_119,NELITCSE_NTCSB,Zea mays (Corn),2771.838762,13983.55,2010,No Till,None,No,765,10.5,168,NA,NA,0,15,NA,NA,482.6,20.0920765
NELITCSE,NELITCSE_121,NELITCSE_MPCSB,Zea mays (Corn),2859.42228,16437.1,2010,Conventional Till,None,No,765,10.5,168,NA,NA,0,15,NA,NA,482.6,20.0920765
NELITCSE,NELITCSE_124,NELITCSE_MPCC,Zea mays (Corn),759.725792,5800.8,2010,Conventional Till,None,No,765,10.5,168,NA,NA,0,15,NA,NA,482.6,20.0920765
NELITCSE,NELITCSE_201,NELITCSE_SSCC,Zea mays (Corn),3026.407325,16454.85,2010,Sub Till,None,No,765,10.5,168,NA,NA,0,15,NA,NA,482.6,20.0920765
NELITCSE,NELITCSE_202,NELITCSE_SSCSB,Zea mays (Corn),3543.423475,17079.85,2010,Sub Till,None,No,765,10.5,168,NA,NA,0,15,NA,NA,482.6,20.0920765
NELITCSE,NELITCSE_205,NELITCSE_DKCC,Zea mays (Corn),2510.757687,12366.51,2010,Conventional Till,None,No,765,10.5,168,NA,NA,0,15,NA,NA,482.6,20.0920765
NELITCSE,NELITCSE_207,NELITCSE_DKCSB,Zea mays (Corn),3709.112273,17661.51,2010,Conventional Till,None,No,765,10.5,168,NA,NA,0,15,NA,NA,482.6,20.0920765
NELITCSE,NELITCSE_210,NELITCSE_CHCSB,Zea mays (Corn),3022.91965,15266.78,2010,Conservation Till,None,No,765,10.5,168,NA,NA,0,15,NA,NA,482.6,20.0920765
NELITCSE,NELITCSE_211,NELITCSE_CHCC,Zea mays (Corn),1151.925132,8171.85,2010,Conservation Till,None,No,765,10.5,168,NA,NA,0,15,NA,NA,482.6,20.0920765
NELITCSE,NELITCSE_213,NELITCSE_RTCC,Zea mays (Corn),2034.458752,10266.72,2010,Conservation Till,None,No,765,10.5,168,NA,NA,0,15,NA,NA,482.6,20.0920765
NELITCSE,NELITCSE_216,NELITCSE_RTCSB,Zea mays (Corn),3756.39336,15361.16,2010,Conservation Till,None,No,765,10.5,168,NA,NA,0,15,NA,NA,482.6,20.0920765
NELITCSE,NELITCSE_218,NELITCSE_NTCC,Zea mays (Corn),983.491698,10197.19,2010,No Till,None,No,765,10.5,168,NA,NA,0,15,NA,NA,482.6,20.0920765
NELITCSE,NELITCSE_220,NELITCSE_NTCSB,Zea mays (Corn),1167.381072,10002.96,2010,No Till,None,No,765,10.5,168,NA,NA,0,15,NA,NA,482.6,20.0920765
NELITCSE,NELITCSE_221,NELITCSE_MPCSB,Zea mays (Corn),1345.015998,10748.6,2010,Conventional Till,None,No,765,10.5,168,NA,NA,0,15,NA,NA,482.6,20.0920765
NELITCSE,NELITCSE_224,NELITCSE_MPCC,Zea mays (Corn),644.430414,5339.19,2010,Conventional Till,None,No,765,10.5,168,NA,NA,0,15,NA,NA,482.6,20.0920765
NELITCSE,NELITCSE_301,NELITCSE_RTCSB,Zea mays (Corn),3234.235725,15362.67,2010,Conservation Till,None,No,765,10.5,168,NA,NA,0,15,NA,NA,482.6,20.0920765
NELITCSE,NELITCSE_304,NELITCSE_RTCC,Zea mays (Corn),1721.121728,9968.81,2010,Conservation Till,None,No,765,10.5,168,NA,NA,0,15,NA,NA,482.6,20.0920765
NELITCSE,NELITCSE_307,NELITCSE_CHCC,Zea mays (Corn),2131.992082,11156.9,2010,Conservation Till,None,No,765,10.5,168,NA,NA,0,15,NA,NA,482.6,20.0920765
NELITCSE,NELITCSE_308,NELITCSE_CHCSB,Zea mays (Corn),3725.335714,16806.36,2010,Conservation Till,None,No,765,10.5,168,NA,NA,0,15,NA,NA,482.6,20.0920765
NELITCSE,NELITCSE_309,NELITCSE_MPCSB,Zea mays (Corn),3110.8209,14625.23,2010,Conventional Till,None,No,765,10.5,168,NA,NA,0,15,NA,NA,482.6,20.0920765
NELITCSE,NELITCSE_312,NELITCSE_MPCC,Zea mays (Corn),2904.916905,14711.22,2010,Conventional Till,None,No,765,10.5,168,NA,NA,0,15,NA,NA,482.6,20.0920765
NELITCSE,NELITCSE_314,NELITCSE_NTCC,Zea mays (Corn),2308.629184,13138.04,2010,No Till,None,No,765,10.5,168,NA,NA,0,15,NA,NA,482.6,20.0920765
NELITCSE,NELITCSE_315,NELITCSE_NTCSB,Zea mays (Corn),2551.737762,13691.71,2010,No Till,None,No,765,10.5,168,NA,NA,0,15,NA,NA,482.6,20.0920765
NELITCSE,NELITCSE_318,NELITCSE_DKCC,Zea mays (Corn),730.444004,7112.79,2010,Conventional Till,None,No,765,10.5,168,NA,NA,0,15,NA,NA,482.6,20.0920765
NELITCSE,NELITCSE_320,NELITCSE_DKCSB,Zea mays (Corn),1729.096792,13092.84,2010,Conventional Till,None,No,765,10.5,168,NA,NA,0,15,NA,NA,482.6,20.0920765
NELITCSE,NELITCSE_321,NELITCSE_SSCC,Zea mays (Corn),51.04526,5839.52,2010,Sub Till,None,No,765,10.5,168,NA,NA,0,15,NA,NA,482.6,20.0920765
NELITCSE,NELITCSE_324,NELITCSE_SSCSB,Zea mays (Corn),791.014455,6750.6,2010,Sub Till,None,No,765,10.5,168,NA,NA,0,15,NA,NA,482.6,20.0920765
NELITCSE,NELITCSE_403,NELITCSE_SSCSB,Zea mays (Corn),4058.413128,19660.86,2010,Sub Till,None,No,765,10.5,168,NA,NA,0,15,NA,NA,482.6,20.0920765
NELITCSE,NELITCSE_404,NELITCSE_SSCC,Zea mays (Corn),693.194334,5742.1,2010,Sub Till,None,No,765,10.5,168,NA,NA,0,15,NA,NA,482.6,20.0920765
NELITCSE,NELITCSE_407,NELITCSE_DKCC,Zea mays (Corn),3687.69027,17321.82,2010,Conventional Till,None,No,765,10.5,168,NA,NA,0,15,NA,NA,482.6,20.0920765
NELITCSE,NELITCSE_408,NELITCSE_DKCSB,Zea mays (Corn),2983.71901,15665.35,2010,Conventional Till,None,No,765,10.5,168,NA,NA,0,15,NA,NA,482.6,20.0920765
NELITCSE,NELITCSE_409,NELITCSE_NTCC,Zea mays (Corn),3256.662248,14688.56,2010,No Till,None,No,765,10.5,168,NA,NA,0,15,NA,NA,482.6,20.0920765
NELITCSE,NELITCSE_411,NELITCSE_NTCSB,Zea mays (Corn),3708.513612,18069.55,2010,No Till,None,No,765,10.5,168,NA,NA,0,15,NA,NA,482.6,20.0920765
NELITCSE,NELITCSE_415,NELITCSE_CHCSB,Zea mays (Corn),2226.8817,13805.32,2010,Conservation Till,None,No,765,10.5,168,NA,NA,0,15,NA,NA,482.6,20.0920765
NELITCSE,NELITCSE_416,NELITCSE_CHCC,Zea mays (Corn),3156.69783,13371.81,2010,Conservation Till,None,No,765,10.5,168,NA,NA,0,15,NA,NA,482.6,20.0920765
NELITCSE,NELITCSE_419,NELITCSE_RTCSB,Zea mays (Corn),2907.195372,14307.93,2010,Conservation Till,None,No,765,10.5,168,NA,NA,0,15,NA,NA,482.6,20.0920765
NELITCSE,NELITCSE_420,NELITCSE_RTCC,Zea mays (Corn),2956.769559,14396.18,2010,Conservation Till,None,No,765,10.5,168,NA,NA,0,15,NA,NA,482.6,20.0920765
NELITCSE,NELITCSE_422,NELITCSE_MPCC,Zea mays (Corn),1680.163488,9639.13,2010,Conventional Till,None,No,765,10.5,168,NA,NA,0,15,NA,NA,482.6,20.0920765
NELITCSE,NELITCSE_424,NELITCSE_MPCSB,Zea mays (Corn),4441.257345,22045.86,2010,Conventional Till,None,No,765,10.5,168,NA,NA,0,15,NA,NA,482.6,20.0920765
NELITCSE,NELITCSE_501,NELITCSE_DKCC,Zea mays (Corn),2621.613225,13781.75,2010,Conventional Till,None,No,765,10.5,168,NA,NA,0,15,NA,NA,482.6,20.0920765
NELITCSE,NELITCSE_502,NELITCSE_DKCSB,Zea mays (Corn),3799.090216,17154.92,2010,Conventional Till,None,No,765,10.5,168,NA,NA,0,15,NA,NA,482.6,20.0920765
NELITCSE,NELITCSE_507,NELITCSE_RTCSB,Zea mays (Corn),3682.736778,19361.54,2010,Conservation Till,None,No,765,10.5,168,NA,NA,0,15,NA,NA,482.6,20.0920765
NELITCSE,NELITCSE_508,NELITCSE_RTCC,Zea mays (Corn),1604.405135,9680.25,2010,Conservation Till,None,No,765,10.5,168,NA,NA,0,15,NA,NA,482.6,20.0920765
NELITCSE,NELITCSE_511,NELITCSE_CHCSB,Zea mays (Corn),3492.320374,18840.69,2010,Conservation Till,None,No,765,10.5,168,NA,NA,0,15,NA,NA,482.6,20.0920765
NELITCSE,NELITCSE_512,NELITCSE_CHCC,Zea mays (Corn),3570.21834,16768.15,2010,Conservation Till,None,No,765,10.5,168,NA,NA,0,15,NA,NA,482.6,20.0920765
NELITCSE,NELITCSE_514,NELITCSE_SSCSB,Zea mays (Corn),3143.91176,20340.87,2010,Sub Till,None,No,765,10.5,168,NA,NA,0,15,NA,NA,482.6,20.0920765
NELITCSE,NELITCSE_516,NELITCSE_SSCC,Zea mays (Corn),3315.49399,17118.31,2010,Sub Till,None,No,765,10.5,168,NA,NA,0,15,NA,NA,482.6,20.0920765
NELITCSE,NELITCSE_517,NELITCSE_NTCC,Zea mays (Corn),2996.840262,15528.86,2010,No Till,None,No,765,10.5,168,NA,NA,0,15,NA,NA,482.6,20.0920765
NELITCSE,NELITCSE_520,NELITCSE_NTCSB,Zea mays (Corn),3684.76776,17916.69,2010,No Till,None,No,765,10.5,168,NA,NA,0,15,NA,NA,482.6,20.0920765
NELITCSE,NELITCSE_523,NELITCSE_MPCC,Zea mays (Corn),2649.370792,15044.84,2010,Conventional Till,None,No,765,10.5,168,NA,NA,0,15,NA,NA,482.6,20.0920765
NELITCSE,NELITCSE_524,NELITCSE_MPCSB,Zea mays (Corn),2160.015606,12695.97,2010,Conventional Till,None,No,765,10.5,168,NA,NA,0,15,NA,NA,482.6,20.0920765
NELITCSE,NELITCSE_601,NELITCSE_NTCC,Zea mays (Corn),1774.837504,10519.91,2010,No Till,None,No,765,10.5,168,NA,NA,0,15,NA,NA,482.6,20.0920765
NELITCSE,NELITCSE_604,NELITCSE_NTCSB,Zea mays (Corn),4154.147839,18146.2,2010,No Till,None,No,765,10.5,168,NA,NA,0,15,NA,NA,482.6,20.0920765
NELITCSE,NELITCSE_605,NELITCSE_DKCC,Zea mays (Corn),3528.612192,16197.94,2010,Conventional Till,None,No,765,10.5,168,NA,NA,0,15,NA,NA,482.6,20.0920765
NELITCSE,NELITCSE_606,NELITCSE_DKCSB,Zea mays (Corn),3276.3483,16787.28,2010,Conventional Till,None,No,765,10.5,168,NA,NA,0,15,NA,NA,482.6,20.0920765
NELITCSE,NELITCSE_609,NELITCSE_SSCC,Zea mays (Corn),2482.872678,12034.79,2010,Sub Till,None,No,765,10.5,168,NA,NA,0,15,NA,NA,482.6,20.0920765
NELITCSE,NELITCSE_612,NELITCSE_SSCSB,Zea mays (Corn),4417.88919,23391.49,2010,Sub Till,None,No,765,10.5,168,NA,NA,0,15,NA,NA,482.6,20.0920765
NELITCSE,NELITCSE_613,NELITCSE_RTCSB,Zea mays (Corn),1955.394528,12716.67,2010,Conservation Till,None,No,765,10.5,168,NA,NA,0,15,NA,NA,482.6,20.0920765
NELITCSE,NELITCSE_616,NELITCSE_RTCC,Zea mays (Corn),3777.6136,18157.86,2010,Conservation Till,None,No,765,10.5,168,NA,NA,0,15,NA,NA,482.6,20.0920765
NELITCSE,NELITCSE_617,NELITCSE_MPCSB,Zea mays (Corn),2427.042582,14994.15,2010,Conventional Till,None,No,765,10.5,168,NA,NA,0,15,NA,NA,482.6,20.0920765
NELITCSE,NELITCSE_620,NELITCSE_MPCC,Zea mays (Corn),872.781036,9015.21,2010,Conventional Till,None,No,765,10.5,168,NA,NA,0,15,NA,NA,482.6,20.0920765
NELITCSE,NELITCSE_621,NELITCSE_CHCC,Zea mays (Corn),1289.71452,7571.36,2010,Conservation Till,None,No,765,10.5,168,NA,NA,0,15,NA,NA,482.6,20.0920765
NELITCSE,NELITCSE_624,NELITCSE_CHCSB,Zea mays (Corn),3364.203458,16801.63,2010,Conservation Till,None,No,765,10.5,168,NA,NA,0,15,NA,NA,482.6,20.0920765
NELITCSE,NELITCSE_103,NELITCSE_RTSBC,Zea mays (Corn),2987.1,14315.05,2011,Conservation Till,None,No,765,10.5,168,NA,NA,0,15,NA,NA,570.484,19.70192308
NELITCSE,NELITCSE_104,NELITCSE_RTCC,Zea mays (Corn),2778.41,14004.75,2011,Conservation Till,None,No,765,10.5,168,NA,NA,0,15,NA,NA,570.484,19.70192308
NELITCSE,NELITCSE_107,NELITCSE_CHSBC,Zea mays (Corn),2201.67,12210.69,2011,Conservation Till,None,No,765,10.5,168,NA,NA,0,15,NA,NA,570.484,19.70192308
NELITCSE,NELITCSE_108,NELITCSE_CHCC,Zea mays (Corn),2035.22,13868.09,2011,Conservation Till,None,No,765,10.5,168,NA,NA,0,15,NA,NA,570.484,19.70192308
NELITCSE,NELITCSE_110,NELITCSE_SSCC,Zea mays (Corn),2306.35,13344.72,2011,Sub Till,None,No,765,10.5,168,NA,NA,0,15,NA,NA,570.484,19.70192308
NELITCSE,NELITCSE_111,NELITCSE_SSSBC,Zea mays (Corn),3510.03,16314.87,2011,Sub Till,None,No,765,10.5,168,NA,NA,0,15,NA,NA,570.484,19.70192308
NELITCSE,NELITCSE_114,NELITCSE_DKSBC,Zea mays (Corn),2457.55,12829.71,2011,Conventional Till,None,No,765,10.5,168,NA,NA,0,15,NA,NA,570.484,19.70192308
NELITCSE,NELITCSE_116,NELITCSE_DKCC,Zea mays (Corn),3502.44,16970.65,2011,Conventional Till,None,No,765,10.5,168,NA,NA,0,15,NA,NA,570.484,19.70192308
NELITCSE,NELITCSE_117,NELITCSE_NTCC,Zea mays (Corn),3574.04,16874.72,2011,No Till,None,No,765,10.5,168,NA,NA,0,15,NA,NA,570.484,19.70192308
NELITCSE,NELITCSE_118,NELITCSE_NTSBC,Zea mays (Corn),3356.52,17067.3,2011,No Till,None,No,765,10.5,168,NA,NA,0,15,NA,NA,570.484,19.70192308
NELITCSE,NELITCSE_122,NELITCSE_MPSBC,Zea mays (Corn),2425.27,12723.13,2011,Conventional Till,None,No,765,10.5,168,NA,NA,0,15,NA,NA,570.484,19.70192308
NELITCSE,NELITCSE_124,NELITCSE_MPCC,Zea mays (Corn),3539.09,18478.41,2011,Conventional Till,None,No,765,10.5,168,NA,NA,0,15,NA,NA,570.484,19.70192308
NELITCSE,NELITCSE_201,NELITCSE_SSCC,Zea mays (Corn),3199.79,16470.7,2011,Sub Till,None,No,765,10.5,168,NA,NA,0,15,NA,NA,570.484,19.70192308
NELITCSE,NELITCSE_203,NELITCSE_SSSBC,Zea mays (Corn),3931.59,18309.8,2011,Sub Till,None,No,765,10.5,168,NA,NA,0,15,NA,NA,570.484,19.70192308
NELITCSE,NELITCSE_205,NELITCSE_DKCC,Zea mays (Corn),3622.12,17264.75,2011,Conventional Till,None,No,765,10.5,168,NA,NA,0,15,NA,NA,570.484,19.70192308
NELITCSE,NELITCSE_208,NELITCSE_DKSBC,Zea mays (Corn),3801.07,10894.85,2011,Conventional Till,None,No,765,10.5,168,NA,NA,0,15,NA,NA,570.484,19.70192308
NELITCSE,NELITCSE_209,NELITCSE_CHSBC,Zea mays (Corn),3676.39,18324.08,2011,Conservation Till,None,No,765,10.5,168,NA,NA,0,15,NA,NA,570.484,19.70192308
NELITCSE,NELITCSE_211,NELITCSE_CHCC,Zea mays (Corn),3230.95,16884.35,2011,Conservation Till,None,No,765,10.5,168,NA,NA,0,15,NA,NA,570.484,19.70192308
NELITCSE,NELITCSE_213,NELITCSE_RTCC,Zea mays (Corn),2988.08,14388.52,2011,Conservation Till,None,No,765,10.5,168,NA,NA,0,15,NA,NA,570.484,19.70192308
NELITCSE,NELITCSE_214,NELITCSE_RTSBC,Zea mays (Corn),3405.14,16018.04,2011,Conservation Till,None,No,765,10.5,168,NA,NA,0,15,NA,NA,570.484,19.70192308
NELITCSE,NELITCSE_217,NELITCSE_NTSBC,Zea mays (Corn),3414.76,16489.43,2011,No Till,None,No,765,10.5,168,NA,NA,0,15,NA,NA,570.484,19.70192308
NELITCSE,NELITCSE_218,NELITCSE_NTCC,Zea mays (Corn),3089.29,15127.34,2011,No Till,None,No,765,10.5,168,NA,NA,0,15,NA,NA,570.484,19.70192308
NELITCSE,NELITCSE_223,NELITCSE_MPSBC,Zea mays (Corn),4447.44,22175.21,2011,Conventional Till,None,No,765,10.5,168,NA,NA,0,15,NA,NA,570.484,19.70192308
NELITCSE,NELITCSE_224,NELITCSE_MPCC,Zea mays (Corn),4298.96,19788.45,2011,Conventional Till,None,No,765,10.5,168,NA,NA,0,15,NA,NA,570.484,19.70192308
NELITCSE,NELITCSE_302,NELITCSE_RTSBC,Zea mays (Corn),2652.1,14039.04,2011,Conservation Till,None,No,765,10.5,168,NA,NA,0,15,NA,NA,570.484,19.70192308
NELITCSE,NELITCSE_304,NELITCSE_RTCC,Zea mays (Corn),2806.76,14685.51,2011,Conservation Till,None,No,765,10.5,168,NA,NA,0,15,NA,NA,570.484,19.70192308
NELITCSE,NELITCSE_306,NELITCSE_CHSBC,Zea mays (Corn),3225.79,16651.71,2011,Conservation Till,None,No,765,10.5,168,NA,NA,0,15,NA,NA,570.484,19.70192308
NELITCSE,NELITCSE_307,NELITCSE_CHCC,Zea mays (Corn),2475.99,13832,2011,Conservation Till,None,No,765,10.5,168,NA,NA,0,15,NA,NA,570.484,19.70192308
NELITCSE,NELITCSE_310,NELITCSE_MPSBC,Zea mays (Corn),2992.2,16098.41,2011,Conventional Till,None,No,765,10.5,168,NA,NA,0,15,NA,NA,570.484,19.70192308
NELITCSE,NELITCSE_312,NELITCSE_MPCC,Zea mays (Corn),3818.68,18464.01,2011,Conventional Till,None,No,765,10.5,168,NA,NA,0,15,NA,NA,570.484,19.70192308
NELITCSE,NELITCSE_313,NELITCSE_NTSBC,Zea mays (Corn),2460.13,14025.58,2011,No Till,None,No,765,10.5,168,NA,NA,0,15,NA,NA,570.484,19.70192308
NELITCSE,NELITCSE_314,NELITCSE_NTCC,Zea mays (Corn),2529.46,12692.02,2011,No Till,None,No,765,10.5,168,NA,NA,0,15,NA,NA,570.484,19.70192308
NELITCSE,NELITCSE_318,NELITCSE_DKCC,Zea mays (Corn),3089.87,16172.71,2011,Conventional Till,None,No,765,10.5,168,NA,NA,0,15,NA,NA,570.484,19.70192308
NELITCSE,NELITCSE_319,NELITCSE_DKSBC,Zea mays (Corn),2850.93,14867.62,2011,Conventional Till,None,No,765,10.5,168,NA,NA,0,15,NA,NA,570.484,19.70192308
NELITCSE,NELITCSE_321,NELITCSE_SSCC,Zea mays (Corn),3070.5,16511.47,2011,Sub Till,None,No,765,10.5,168,NA,NA,0,15,NA,NA,570.484,19.70192308
NELITCSE,NELITCSE_322,NELITCSE_SSSBC,Zea mays (Corn),3331.84,15725.41,2011,Sub Till,None,No,765,10.5,168,NA,NA,0,15,NA,NA,570.484,19.70192308
NELITCSE,NELITCSE_401,NELITCSE_SSSBC,Zea mays (Corn),2952.15,14550.87,2011,Sub Till,None,No,765,10.5,168,NA,NA,0,15,NA,NA,570.484,19.70192308
NELITCSE,NELITCSE_404,NELITCSE_SSCC,Zea mays (Corn),3794.96,17318.96,2011,Sub Till,None,No,765,10.5,168,NA,NA,0,15,NA,NA,570.484,19.70192308
NELITCSE,NELITCSE_406,NELITCSE_DKSBC,Zea mays (Corn),3580.17,18243.48,2011,Conventional Till,None,No,765,10.5,168,NA,NA,0,15,NA,NA,570.484,19.70192308
NELITCSE,NELITCSE_407,NELITCSE_DKCC,Zea mays (Corn),3388.89,17868.36,2011,Conventional Till,None,No,765,10.5,168,NA,NA,0,15,NA,NA,570.484,19.70192308
NELITCSE,NELITCSE_409,NELITCSE_NTCC,Zea mays (Corn),3380.13,16741.67,2011,No Till,None,No,765,10.5,168,NA,NA,0,15,NA,NA,570.484,19.70192308
NELITCSE,NELITCSE_412,NELITCSE_NTSBC,Zea mays (Corn),3272.76,16207.43,2011,No Till,None,No,765,10.5,168,NA,NA,0,15,NA,NA,570.484,19.70192308
NELITCSE,NELITCSE_414,NELITCSE_CHSBC,Zea mays (Corn),2740.97,13931.73,2011,Conservation Till,None,No,765,10.5,168,NA,NA,0,15,NA,NA,570.484,19.70192308
NELITCSE,NELITCSE_416,NELITCSE_CHCC,Zea mays (Corn),3433.16,16729.92,2011,Conservation Till,None,No,765,10.5,168,NA,NA,0,15,NA,NA,570.484,19.70192308
NELITCSE,NELITCSE_417,NELITCSE_RTSBC,Zea mays (Corn),3494.71,16675.1,2011,Conservation Till,None,No,765,10.5,168,NA,NA,0,15,NA,NA,570.484,19.70192308
NELITCSE,NELITCSE_420,NELITCSE_RTCC,Zea mays (Corn),3425.62,17124.27,2011,Conservation Till,None,No,765,10.5,168,NA,NA,0,15,NA,NA,570.484,19.70192308
NELITCSE,NELITCSE_421,NELITCSE_MPSBC,Zea mays (Corn),3872.32,18633.45,2011,Conventional Till,None,No,765,10.5,168,NA,NA,0,15,NA,NA,570.484,19.70192308
NELITCSE,NELITCSE_422,NELITCSE_MPCC,Zea mays (Corn),3816.84,18309.28,2011,Conventional Till,None,No,765,10.5,168,NA,NA,0,15,NA,NA,570.484,19.70192308
NELITCSE,NELITCSE_501,NELITCSE_DKCC,Zea mays (Corn),3054.51,15700.47,2011,Conventional Till,None,No,765,10.5,168,NA,NA,0,15,NA,NA,570.484,19.70192308
NELITCSE,NELITCSE_503,NELITCSE_DKSBC,Zea mays (Corn),4317.49,21149.5,2011,Conventional Till,None,No,765,10.5,168,NA,NA,0,15,NA,NA,570.484,19.70192308
NELITCSE,NELITCSE_506,NELITCSE_RTSBC,Zea mays (Corn),3949.91,19764.94,2011,Conservation Till,None,No,765,10.5,168,NA,NA,0,15,NA,NA,570.484,19.70192308
NELITCSE,NELITCSE_508,NELITCSE_RTCC,Zea mays (Corn),3107.08,15893.52,2011,Conservation Till,None,No,765,10.5,168,NA,NA,0,15,NA,NA,570.484,19.70192308
NELITCSE,NELITCSE_509,NELITCSE_CHSBC,Zea mays (Corn),3998.6,19444.82,2011,Conservation Till,None,No,765,10.5,168,NA,NA,0,15,NA,NA,570.484,19.70192308
NELITCSE,NELITCSE_512,NELITCSE_CHCC,Zea mays (Corn),3390.84,16207.85,2011,Conservation Till,None,No,765,10.5,168,NA,NA,0,15,NA,NA,570.484,19.70192308
NELITCSE,NELITCSE_515,NELITCSE_SSSBC,Zea mays (Corn),4294.77,22449.62,2011,Sub Till,None,No,765,10.5,168,NA,NA,0,15,NA,NA,570.484,19.70192308
NELITCSE,NELITCSE_516,NELITCSE_SSCC,Zea mays (Corn),3766.81,18559,2011,Sub Till,None,No,765,10.5,168,NA,NA,0,15,NA,NA,570.484,19.70192308
NELITCSE,NELITCSE_517,NELITCSE_NTCC,Zea mays (Corn),4224.73,19130.45,2011,No Till,None,No,765,10.5,168,NA,NA,0,15,NA,NA,570.484,19.70192308
NELITCSE,NELITCSE_518,NELITCSE_NTSBC,Zea mays (Corn),3658.14,17065.73,2011,No Till,None,No,765,10.5,168,NA,NA,0,15,NA,NA,570.484,19.70192308
NELITCSE,NELITCSE_522,NELITCSE_MPSBC,Zea mays (Corn),4960.53,22459.41,2011,Conventional Till,None,No,765,10.5,168,NA,NA,0,15,NA,NA,570.484,19.70192308
NELITCSE,NELITCSE_523,NELITCSE_MPCC,Zea mays (Corn),3911.55,18083.43,2011,Conventional Till,None,No,765,10.5,168,NA,NA,0,15,NA,NA,570.484,19.70192308
NELITCSE,NELITCSE_601,NELITCSE_NTCC,Zea mays (Corn),4322.58,21452.64,2011,No Till,None,No,765,10.5,168,NA,NA,0,15,NA,NA,570.484,19.70192308
NELITCSE,NELITCSE_602,NELITCSE_NTSBC,Zea mays (Corn),3972.55,19990.38,2011,No Till,None,No,765,10.5,168,NA,NA,0,15,NA,NA,570.484,19.70192308
NELITCSE,NELITCSE_605,NELITCSE_DKCC,Zea mays (Corn),4118.18,19549.5,2011,Conventional Till,None,No,765,10.5,168,NA,NA,0,15,NA,NA,570.484,19.70192308
NELITCSE,NELITCSE_608,NELITCSE_DKSBC,Zea mays (Corn),4816.36,25155.64,2011,Conventional Till,None,No,765,10.5,168,NA,NA,0,15,NA,NA,570.484,19.70192308
NELITCSE,NELITCSE_609,NELITCSE_SSCC,Zea mays (Corn),3518.76,17095.7,2011,Sub Till,None,No,765,10.5,168,NA,NA,0,15,NA,NA,570.484,19.70192308
NELITCSE,NELITCSE_611,NELITCSE_SSSBC,Zea mays (Corn),4830.93,22460.47,2011,Sub Till,None,No,765,10.5,168,NA,NA,0,15,NA,NA,570.484,19.70192308
NELITCSE,NELITCSE_614,NELITCSE_RTSBC,Zea mays (Corn),3733.25,19665.04,2011,Conservation Till,None,No,765,10.5,168,NA,NA,0,15,NA,NA,570.484,19.70192308
NELITCSE,NELITCSE_616,NELITCSE_RTCC,Zea mays (Corn),3561.92,16974.17,2011,Conservation Till,None,No,765,10.5,168,NA,NA,0,15,NA,NA,570.484,19.70192308
NELITCSE,NELITCSE_618,NELITCSE_MPSBC,Zea mays (Corn),4414.57,22572.93,2011,Conventional Till,None,No,765,10.5,168,NA,NA,0,15,NA,NA,570.484,19.70192308
NELITCSE,NELITCSE_620,NELITCSE_MPCC,Zea mays (Corn),2521.26,13363.29,2011,Conventional Till,None,No,765,10.5,168,NA,NA,0,15,NA,NA,570.484,19.70192308
NELITCSE,NELITCSE_621,NELITCSE_CHCC,Zea mays (Corn),3932.27,18980.39,2011,Conservation Till,None,No,765,10.5,168,NA,NA,0,15,NA,NA,570.484,19.70192308
NELITCSE,NELITCSE_622,NELITCSE_CHSBC,Zea mays (Corn),3312.08,15427.88,2011,Conservation Till,None,No,765,10.5,168,NA,NA,0,15,NA,NA,570.484,19.70192308
NELITCSE,NELITCSE_102,NELITCSE_RTCSB,Zea mays (Corn),1176,7819,2012,Conservation Till,None,No,765,10.5,168,NA,NA,0,15,NA,NA,181.356,20.4513587
NELITCSE,NELITCSE_104,NELITCSE_RTCC,Zea mays (Corn),529,5244,2012,Conservation Till,None,No,765,10.5,168,NA,NA,0,15,NA,NA,181.356,20.4513587
NELITCSE,NELITCSE_106,NELITCSE_CHCSB,Zea mays (Corn),548,6062,2012,Conservation Till,None,No,765,10.5,168,NA,NA,0,15,NA,NA,181.356,20.4513587
NELITCSE,NELITCSE_108,NELITCSE_CHCC,Zea mays (Corn),430,5525,2012,Conservation Till,None,No,765,10.5,168,NA,NA,0,15,NA,NA,181.356,20.4513587
NELITCSE,NELITCSE_110,NELITCSE_SSCC,Zea mays (Corn),322,5299,2012,Sub Till,None,No,765,10.5,168,NA,NA,0,15,NA,NA,181.356,20.4513587
NELITCSE,NELITCSE_112,NELITCSE_SSCSB,Zea mays (Corn),336,6826,2012,Sub Till,None,No,765,10.5,168,NA,NA,0,15,NA,NA,181.356,20.4513587
NELITCSE,NELITCSE_115,NELITCSE_DKCSB,Zea mays (Corn),744,6559,2012,Conventional Till,None,No,765,10.5,168,NA,NA,0,15,NA,NA,181.356,20.4513587
NELITCSE,NELITCSE_116,NELITCSE_DKCC,Zea mays (Corn),355,4385,2012,Conventional Till,None,No,765,10.5,168,NA,NA,0,15,NA,NA,181.356,20.4513587
NELITCSE,NELITCSE_117,NELITCSE_NTCC,Zea mays (Corn),405,5207,2012,No Till,None,No,765,10.5,168,NA,NA,0,15,NA,NA,181.356,20.4513587
NELITCSE,NELITCSE_119,NELITCSE_NTCSB,Zea mays (Corn),334,4962,2012,No Till,None,No,765,10.5,168,NA,NA,0,15,NA,NA,181.356,20.4513587
NELITCSE,NELITCSE_121,NELITCSE_MPCSB,Zea mays (Corn),686,8553,2012,Conventional Till,None,No,765,10.5,168,NA,NA,0,15,NA,NA,181.356,20.4513587
NELITCSE,NELITCSE_124,NELITCSE_MPCC,Zea mays (Corn),909,7569,2012,Conventional Till,None,No,765,10.5,168,NA,NA,0,15,NA,NA,181.356,20.4513587
NELITCSE,NELITCSE_201,NELITCSE_SSCC,Zea mays (Corn),657,7072,2012,Sub Till,None,No,765,10.5,168,NA,NA,0,15,NA,NA,181.356,20.4513587
NELITCSE,NELITCSE_202,NELITCSE_SSCSB,Zea mays (Corn),789,8395,2012,Sub Till,None,No,765,10.5,168,NA,NA,0,15,NA,NA,181.356,20.4513587
NELITCSE,NELITCSE_205,NELITCSE_DKCC,Zea mays (Corn),1593,9884,2012,Conventional Till,None,No,765,10.5,168,NA,NA,0,15,NA,NA,181.356,20.4513587
NELITCSE,NELITCSE_207,NELITCSE_DKCSB,Zea mays (Corn),1149,8454,2012,Conventional Till,None,No,765,10.5,168,NA,NA,0,15,NA,NA,181.356,20.4513587
NELITCSE,NELITCSE_210,NELITCSE_CHCSB,Zea mays (Corn),929,7058,2012,Conservation Till,None,No,765,10.5,168,NA,NA,0,15,NA,NA,181.356,20.4513587
NELITCSE,NELITCSE_211,NELITCSE_CHCC,Zea mays (Corn),811,6576,2012,Conservation Till,None,No,765,10.5,168,NA,NA,0,15,NA,NA,181.356,20.4513587
NELITCSE,NELITCSE_213,NELITCSE_RTCC,Zea mays (Corn),685,5655,2012,Conservation Till,None,No,765,10.5,168,NA,NA,0,15,NA,NA,181.356,20.4513587
NELITCSE,NELITCSE_216,NELITCSE_RTCSB,Zea mays (Corn),1720,9972,2012,Conservation Till,None,No,765,10.5,168,NA,NA,0,15,NA,NA,181.356,20.4513587
NELITCSE,NELITCSE_218,NELITCSE_NTCC,Zea mays (Corn),1390,9545,2012,No Till,None,No,765,10.5,168,NA,NA,0,15,NA,NA,181.356,20.4513587
NELITCSE,NELITCSE_220,NELITCSE_NTCSB,Zea mays (Corn),844,6647,2012,No Till,None,No,765,10.5,168,NA,NA,0,15,NA,NA,181.356,20.4513587
NELITCSE,NELITCSE_221,NELITCSE_MPCSB,Zea mays (Corn),1926,12622,2012,Conventional Till,None,No,765,10.5,168,NA,NA,0,15,NA,NA,181.356,20.4513587
NELITCSE,NELITCSE_224,NELITCSE_MPCC,Zea mays (Corn),320,4231,2012,Conventional Till,None,No,765,10.5,168,NA,NA,0,15,NA,NA,181.356,20.4513587
NELITCSE,NELITCSE_301,NELITCSE_RTCSB,Zea mays (Corn),1024,7838,2012,Conservation Till,None,No,765,10.5,168,NA,NA,0,15,NA,NA,181.356,20.4513587
NELITCSE,NELITCSE_304,NELITCSE_RTCC,Zea mays (Corn),657,4939,2012,Conservation Till,None,No,765,10.5,168,NA,NA,0,15,NA,NA,181.356,20.4513587
NELITCSE,NELITCSE_307,NELITCSE_CHCC,Zea mays (Corn),991,7286,2012,Conservation Till,None,No,765,10.5,168,NA,NA,0,15,NA,NA,181.356,20.4513587
NELITCSE,NELITCSE_308,NELITCSE_CHCSB,Zea mays (Corn),1563,10113,2012,Conservation Till,None,No,765,10.5,168,NA,NA,0,15,NA,NA,181.356,20.4513587
NELITCSE,NELITCSE_309,NELITCSE_MPCSB,Zea mays (Corn),2327,13016,2012,Conventional Till,None,No,765,10.5,168,NA,NA,0,15,NA,NA,181.356,20.4513587
NELITCSE,NELITCSE_312,NELITCSE_MPCC,Zea mays (Corn),2011,10874,2012,Conventional Till,None,No,765,10.5,168,NA,NA,0,15,NA,NA,181.356,20.4513587
NELITCSE,NELITCSE_314,NELITCSE_NTCC,Zea mays (Corn),1023,6799,2012,No Till,None,No,765,10.5,168,NA,NA,0,15,NA,NA,181.356,20.4513587
NELITCSE,NELITCSE_315,NELITCSE_NTCSB,Zea mays (Corn),1410,9602,2012,No Till,None,No,765,10.5,168,NA,NA,0,15,NA,NA,181.356,20.4513587
NELITCSE,NELITCSE_318,NELITCSE_DKCC,Zea mays (Corn),492,4818,2012,Conventional Till,None,No,765,10.5,168,NA,NA,0,15,NA,NA,181.356,20.4513587
NELITCSE,NELITCSE_320,NELITCSE_DKCSB,Zea mays (Corn),1397,8490,2012,Conventional Till,None,No,765,10.5,168,NA,NA,0,15,NA,NA,181.356,20.4513587
NELITCSE,NELITCSE_321,NELITCSE_SSCC,Zea mays (Corn),1104,7541,2012,Sub Till,None,No,765,10.5,168,NA,NA,0,15,NA,NA,181.356,20.4513587
NELITCSE,NELITCSE_324,NELITCSE_SSCSB,Zea mays (Corn),1489,10140,2012,Sub Till,None,No,765,10.5,168,NA,NA,0,15,NA,NA,181.356,20.4513587
NELITCSE,NELITCSE_403,NELITCSE_SSCSB,Zea mays (Corn),1186,9030,2012,Sub Till,None,No,765,10.5,168,NA,NA,0,15,NA,NA,181.356,20.4513587
NELITCSE,NELITCSE_404,NELITCSE_SSCC,Zea mays (Corn),551,6499,2012,Sub Till,None,No,765,10.5,168,NA,NA,0,15,NA,NA,181.356,20.4513587
NELITCSE,NELITCSE_407,NELITCSE_DKCC,Zea mays (Corn),1492,9476,2012,Conventional Till,None,No,765,10.5,168,NA,NA,0,15,NA,NA,181.356,20.4513587
NELITCSE,NELITCSE_408,NELITCSE_DKCSB,Zea mays (Corn),1594,9453,2012,Conventional Till,None,No,765,10.5,168,NA,NA,0,15,NA,NA,181.356,20.4513587
NELITCSE,NELITCSE_409,NELITCSE_NTCC,Zea mays (Corn),1318,8307,2012,No Till,None,No,765,10.5,168,NA,NA,0,15,NA,NA,181.356,20.4513587
NELITCSE,NELITCSE_411,NELITCSE_NTCSB,Zea mays (Corn),1583,8870,2012,No Till,None,No,765,10.5,168,NA,NA,0,15,NA,NA,181.356,20.4513587
NELITCSE,NELITCSE_415,NELITCSE_CHCSB,Zea mays (Corn),692,7088,2012,Conservation Till,None,No,765,10.5,168,NA,NA,0,15,NA,NA,181.356,20.4513587
NELITCSE,NELITCSE_416,NELITCSE_CHCC,Zea mays (Corn),1299,9178,2012,Conservation Till,None,No,765,10.5,168,NA,NA,0,15,NA,NA,181.356,20.4513587
NELITCSE,NELITCSE_419,NELITCSE_RTCSB,Zea mays (Corn),1470,9593,2012,Conservation Till,None,No,765,10.5,168,NA,NA,0,15,NA,NA,181.356,20.4513587
NELITCSE,NELITCSE_420,NELITCSE_RTCC,Zea mays (Corn),1028,7388,2012,Conservation Till,None,No,765,10.5,168,NA,NA,0,15,NA,NA,181.356,20.4513587
NELITCSE,NELITCSE_422,NELITCSE_MPCC,Zea mays (Corn),654,7322,2012,Conventional Till,None,No,765,10.5,168,NA,NA,0,15,NA,NA,181.356,20.4513587
NELITCSE,NELITCSE_424,NELITCSE_MPCSB,Zea mays (Corn),1295,9087,2012,Conventional Till,None,No,765,10.5,168,NA,NA,0,15,NA,NA,181.356,20.4513587
NELITCSE,NELITCSE_501,NELITCSE_DKCC,Zea mays (Corn),636,7860,2012,Conventional Till,None,No,765,10.5,168,NA,NA,0,15,NA,NA,181.356,20.4513587
NELITCSE,NELITCSE_502,NELITCSE_DKCSB,Zea mays (Corn),395,6678,2012,Conventional Till,None,No,765,10.5,168,NA,NA,0,15,NA,NA,181.356,20.4513587
NELITCSE,NELITCSE_507,NELITCSE_RTCSB,Zea mays (Corn),466,5449,2012,Conservation Till,None,No,765,10.5,168,NA,NA,0,15,NA,NA,181.356,20.4513587
NELITCSE,NELITCSE_508,NELITCSE_RTCC,Zea mays (Corn),1034,7464,2012,Conservation Till,None,No,765,10.5,168,NA,NA,0,15,NA,NA,181.356,20.4513587
NELITCSE,NELITCSE_511,NELITCSE_CHCSB,Zea mays (Corn),1592,11068,2012,Conservation Till,None,No,765,10.5,168,NA,NA,0,15,NA,NA,181.356,20.4513587
NELITCSE,NELITCSE_512,NELITCSE_CHCC,Zea mays (Corn),927,6545,2012,Conservation Till,None,No,765,10.5,168,NA,NA,0,15,NA,NA,181.356,20.4513587
NELITCSE,NELITCSE_514,NELITCSE_SSCSB,Zea mays (Corn),894,6687,2012,Sub Till,None,No,765,10.5,168,NA,NA,0,15,NA,NA,181.356,20.4513587
NELITCSE,NELITCSE_516,NELITCSE_SSCC,Zea mays (Corn),1346,8902,2012,Sub Till,None,No,765,10.5,168,NA,NA,0,15,NA,NA,181.356,20.4513587
NELITCSE,NELITCSE_517,NELITCSE_NTCC,Zea mays (Corn),1819,10837,2012,No Till,None,No,765,10.5,168,NA,NA,0,15,NA,NA,181.356,20.4513587
NELITCSE,NELITCSE_520,NELITCSE_NTCSB,Zea mays (Corn),1739,9781,2012,No Till,None,No,765,10.5,168,NA,NA,0,15,NA,NA,181.356,20.4513587
NELITCSE,NELITCSE_523,NELITCSE_MPCC,Zea mays (Corn),1340,9825,2012,Conventional Till,None,No,765,10.5,168,NA,NA,0,15,NA,NA,181.356,20.4513587
NELITCSE,NELITCSE_524,NELITCSE_MPCSB,Zea mays (Corn),1048,7981,2012,Conventional Till,None,No,765,10.5,168,NA,NA,0,15,NA,NA,181.356,20.4513587
NELITCSE,NELITCSE_601,NELITCSE_NTCC,Zea mays (Corn),1096,7486,2012,No Till,None,No,765,10.5,168,NA,NA,0,15,NA,NA,181.356,20.4513587
NELITCSE,NELITCSE_604,NELITCSE_NTCSB,Zea mays (Corn),774,5935,2012,No Till,None,No,765,10.5,168,NA,NA,0,15,NA,NA,181.356,20.4513587
NELITCSE,NELITCSE_605,NELITCSE_DKCC,Zea mays (Corn),1491,9241,2012,Conventional Till,None,No,765,10.5,168,NA,NA,0,15,NA,NA,181.356,20.4513587
NELITCSE,NELITCSE_606,NELITCSE_DKCSB,Zea mays (Corn),1953,10604,2012,Conventional Till,None,No,765,10.5,168,NA,NA,0,15,NA,NA,181.356,20.4513587
NELITCSE,NELITCSE_609,NELITCSE_SSCC,Zea mays (Corn),1534,11283,2012,Sub Till,None,No,765,10.5,168,NA,NA,0,15,NA,NA,181.356,20.4513587
NELITCSE,NELITCSE_612,NELITCSE_SSCSB,Zea mays (Corn),711,7465,2012,Sub Till,None,No,765,10.5,168,NA,NA,0,15,NA,NA,181.356,20.4513587
NELITCSE,NELITCSE_613,NELITCSE_RTCSB,Zea mays (Corn),1331,6920,2012,Conservation Till,None,No,765,10.5,168,NA,NA,0,15,NA,NA,181.356,20.4513587
NELITCSE,NELITCSE_616,NELITCSE_RTCC,Zea mays (Corn),1116,6496,2012,Conservation Till,None,No,765,10.5,168,NA,NA,0,15,NA,NA,181.356,20.4513587
NELITCSE,NELITCSE_617,NELITCSE_MPCSB,Zea mays (Corn),2023,12903,2012,Conventional Till,None,No,765,10.5,168,NA,NA,0,15,NA,NA,181.356,20.4513587
NELITCSE,NELITCSE_620,NELITCSE_MPCC,Zea mays (Corn),1141,6078,2012,Conventional Till,None,No,765,10.5,168,NA,NA,0,15,NA,NA,181.356,20.4513587
NELITCSE,NELITCSE_621,NELITCSE_CHCC,Zea mays (Corn),727,5845,2012,Conservation Till,None,No,765,10.5,168,NA,NA,0,15,NA,NA,181.356,20.4513587
NELITCSE,NELITCSE_624,NELITCSE_CHCSB,Zea mays (Corn),310,6973,2012,Conservation Till,None,No,765,10.5,168,NA,NA,0,15,NA,NA,181.356,20.4513587
NELITCSE,NELITCSE_103,NELITCSE_RTSBC,Zea mays (Corn),2416,10833.33,2013,Conservation Till,None,No,765,10.5,168,NA,NA,0,15,NA,NA,535.16,19.64262295
NELITCSE,NELITCSE_104,NELITCSE_RTCC,Zea mays (Corn),3675,15193.53,2013,Conservation Till,None,No,765,10.5,168,NA,NA,0,15,NA,NA,535.16,19.64262295
NELITCSE,NELITCSE_107,NELITCSE_CHSBC,Zea mays (Corn),3432,14059.3,2013,Conservation Till,None,No,765,10.5,168,NA,NA,0,15,NA,NA,535.16,19.64262295
NELITCSE,NELITCSE_108,NELITCSE_CHCC,Zea mays (Corn),2140,9161.36,2013,Conservation Till,None,No,765,10.5,168,NA,NA,0,15,NA,NA,535.16,19.64262295
NELITCSE,NELITCSE_110,NELITCSE_SSCC,Zea mays (Corn),2919,12065.08,2013,Sub Till,None,No,765,10.5,168,NA,NA,0,15,NA,NA,535.16,19.64262295
NELITCSE,NELITCSE_111,NELITCSE_SSSBC,Zea mays (Corn),2674,11825.28,2013,Sub Till,None,No,765,10.5,168,NA,NA,0,15,NA,NA,535.16,19.64262295
NELITCSE,NELITCSE_114,NELITCSE_DKSBC,Zea mays (Corn),3121,13616.78,2013,Conventional Till,None,No,765,10.5,168,NA,NA,0,15,NA,NA,535.16,19.64262295
NELITCSE,NELITCSE_116,NELITCSE_DKCC,Zea mays (Corn),4258,16795.13,2013,Conventional Till,None,No,765,10.5,168,NA,NA,0,15,NA,NA,535.16,19.64262295
NELITCSE,NELITCSE_117,NELITCSE_NTCC,Zea mays (Corn),3407,14031.94,2013,No Till,None,No,765,10.5,168,NA,NA,0,15,NA,NA,535.16,19.64262295
NELITCSE,NELITCSE_118,NELITCSE_NTSBC,Zea mays (Corn),2823,12268.13,2013,No Till,None,No,765,10.5,168,NA,NA,0,15,NA,NA,535.16,19.64262295
NELITCSE,NELITCSE_122,NELITCSE_MPSBC,Zea mays (Corn),3493,14866.01,2013,Conventional Till,None,No,765,10.5,168,NA,NA,0,15,NA,NA,535.16,19.64262295
NELITCSE,NELITCSE_124,NELITCSE_MPCC,Zea mays (Corn),3885,13218.03,2013,Conventional Till,None,No,765,10.5,168,NA,NA,0,15,NA,NA,535.16,19.64262295
NELITCSE,NELITCSE_201,NELITCSE_SSCC,Zea mays (Corn),3330,16391.15,2013,Sub Till,None,No,765,10.5,168,NA,NA,0,15,NA,NA,535.16,19.64262295
NELITCSE,NELITCSE_203,NELITCSE_SSSBC,Zea mays (Corn),4120,16471.09,2013,Sub Till,None,No,765,10.5,168,NA,NA,0,15,NA,NA,535.16,19.64262295
NELITCSE,NELITCSE_205,NELITCSE_DKCC,Zea mays (Corn),3686,15843.17,2013,Conventional Till,None,No,765,10.5,168,NA,NA,0,15,NA,NA,535.16,19.64262295
NELITCSE,NELITCSE_208,NELITCSE_DKSBC,Zea mays (Corn),2389,11146.99,2013,Conventional Till,None,No,765,10.5,168,NA,NA,0,15,NA,NA,535.16,19.64262295
NELITCSE,NELITCSE_209,NELITCSE_CHSBC,Zea mays (Corn),2468,11296.22,2013,Conservation Till,None,No,765,10.5,168,NA,NA,0,15,NA,NA,535.16,19.64262295
NELITCSE,NELITCSE_211,NELITCSE_CHCC,Zea mays (Corn),3187,13274.32,2013,Conservation Till,None,No,765,10.5,168,NA,NA,0,15,NA,NA,535.16,19.64262295
NELITCSE,NELITCSE_213,NELITCSE_RTCC,Zea mays (Corn),4102,16570.41,2013,Conservation Till,None,No,765,10.5,168,NA,NA,0,15,NA,NA,535.16,19.64262295
NELITCSE,NELITCSE_214,NELITCSE_RTSBC,Zea mays (Corn),3833,15990.72,2013,Conservation Till,None,No,765,10.5,168,NA,NA,0,15,NA,NA,535.16,19.64262295
NELITCSE,NELITCSE_217,NELITCSE_NTSBC,Zea mays (Corn),3195,14371.81,2013,No Till,None,No,765,10.5,168,NA,NA,0,15,NA,NA,535.16,19.64262295
NELITCSE,NELITCSE_218,NELITCSE_NTCC,Zea mays (Corn),3782,15082.15,2013,No Till,None,No,765,10.5,168,NA,NA,0,15,NA,NA,535.16,19.64262295
NELITCSE,NELITCSE_223,NELITCSE_MPSBC,Zea mays (Corn),3725,15592.78,2013,Conventional Till,None,No,765,10.5,168,NA,NA,0,15,NA,NA,535.16,19.64262295
NELITCSE,NELITCSE_224,NELITCSE_MPCC,Zea mays (Corn),3556,14970.2,2013,Conventional Till,None,No,765,10.5,168,NA,NA,0,15,NA,NA,535.16,19.64262295
NELITCSE,NELITCSE_302,NELITCSE_RTSBC,Zea mays (Corn),3056,11559.29,2013,Conservation Till,None,No,765,10.5,168,NA,NA,0,15,NA,NA,535.16,19.64262295
NELITCSE,NELITCSE_304,NELITCSE_RTCC,Zea mays (Corn),3525,14965.94,2013,Conservation Till,None,No,765,10.5,168,NA,NA,0,15,NA,NA,535.16,19.64262295
NELITCSE,NELITCSE_306,NELITCSE_CHSBC,Zea mays (Corn),3137,13435.58,2013,Conservation Till,None,No,765,10.5,168,NA,NA,0,15,NA,NA,535.16,19.64262295
NELITCSE,NELITCSE_307,NELITCSE_CHCC,Zea mays (Corn),2795,12101,2013,Conservation Till,None,No,765,10.5,168,NA,NA,0,15,NA,NA,535.16,19.64262295
NELITCSE,NELITCSE_310,NELITCSE_MPSBC,Zea mays (Corn),3233,13570.1,2013,Conventional Till,None,No,765,10.5,168,NA,NA,0,15,NA,NA,535.16,19.64262295
NELITCSE,NELITCSE_312,NELITCSE_MPCC,Zea mays (Corn),2783,11939.99,2013,Conventional Till,None,No,765,10.5,168,NA,NA,0,15,NA,NA,535.16,19.64262295
NELITCSE,NELITCSE_313,NELITCSE_NTSBC,Zea mays (Corn),2918,11778.1,2013,No Till,None,No,765,10.5,168,NA,NA,0,15,NA,NA,535.16,19.64262295
NELITCSE,NELITCSE_314,NELITCSE_NTCC,Zea mays (Corn),2954,12346.6,2013,No Till,None,No,765,10.5,168,NA,NA,0,15,NA,NA,535.16,19.64262295
NELITCSE,NELITCSE_318,NELITCSE_DKCC,Zea mays (Corn),3613,14311.74,2013,Conventional Till,None,No,765,10.5,168,NA,NA,0,15,NA,NA,535.16,19.64262295
NELITCSE,NELITCSE_319,NELITCSE_DKSBC,Zea mays (Corn),2711,11824.25,2013,Conventional Till,None,No,765,10.5,168,NA,NA,0,15,NA,NA,535.16,19.64262295
NELITCSE,NELITCSE_321,NELITCSE_SSCC,Zea mays (Corn),3684,16583.64,2013,Sub Till,None,No,765,10.5,168,NA,NA,0,15,NA,NA,535.16,19.64262295
NELITCSE,NELITCSE_322,NELITCSE_SSSBC,Zea mays (Corn),2442,11366.01,2013,Sub Till,None,No,765,10.5,168,NA,NA,0,15,NA,NA,535.16,19.64262295
NELITCSE,NELITCSE_401,NELITCSE_SSSBC,Zea mays (Corn),3204,13942.55,2013,Sub Till,None,No,765,10.5,168,NA,NA,0,15,NA,NA,535.16,19.64262295
NELITCSE,NELITCSE_404,NELITCSE_SSCC,Zea mays (Corn),2498,11780.53,2013,Sub Till,None,No,765,10.5,168,NA,NA,0,15,NA,NA,535.16,19.64262295
NELITCSE,NELITCSE_406,NELITCSE_DKSBC,Zea mays (Corn),2563,11097.84,2013,Conventional Till,None,No,765,10.5,168,NA,NA,0,15,NA,NA,535.16,19.64262295
NELITCSE,NELITCSE_407,NELITCSE_DKCC,Zea mays (Corn),3783,15990.65,2013,Conventional Till,None,No,765,10.5,168,NA,NA,0,15,NA,NA,535.16,19.64262295
NELITCSE,NELITCSE_409,NELITCSE_NTCC,Zea mays (Corn),4093,16313.35,2013,No Till,None,No,765,10.5,168,NA,NA,0,15,NA,NA,535.16,19.64262295
NELITCSE,NELITCSE_412,NELITCSE_NTSBC,Zea mays (Corn),3138,13094.43,2013,No Till,None,No,765,10.5,168,NA,NA,0,15,NA,NA,535.16,19.64262295
NELITCSE,NELITCSE_414,NELITCSE_CHSBC,Zea mays (Corn),2880,12459.5,2013,Conservation Till,None,No,765,10.5,168,NA,NA,0,15,NA,NA,535.16,19.64262295
NELITCSE,NELITCSE_416,NELITCSE_CHCC,Zea mays (Corn),2913,13475.55,2013,Conservation Till,None,No,765,10.5,168,NA,NA,0,15,NA,NA,535.16,19.64262295
NELITCSE,NELITCSE_417,NELITCSE_RTSBC,Zea mays (Corn),3544,13959.77,2013,Conservation Till,None,No,765,10.5,168,NA,NA,0,15,NA,NA,535.16,19.64262295
NELITCSE,NELITCSE_420,NELITCSE_RTCC,Zea mays (Corn),3178,15366.56,2013,Conservation Till,None,No,765,10.5,168,NA,NA,0,15,NA,NA,535.16,19.64262295
NELITCSE,NELITCSE_421,NELITCSE_MPSBC,Zea mays (Corn),4104,16695.94,2013,Conventional Till,None,No,765,10.5,168,NA,NA,0,15,NA,NA,535.16,19.64262295
NELITCSE,NELITCSE_422,NELITCSE_MPCC,Zea mays (Corn),4641,18311.27,2013,Conventional Till,None,No,765,10.5,168,NA,NA,0,15,NA,NA,535.16,19.64262295
NELITCSE,NELITCSE_501,NELITCSE_DKCC,Zea mays (Corn),2918,13557.43,2013,Conventional Till,None,No,765,10.5,168,NA,NA,0,15,NA,NA,535.16,19.64262295
NELITCSE,NELITCSE_503,NELITCSE_DKSBC,Zea mays (Corn),3380,14941.09,2013,Conventional Till,None,No,765,10.5,168,NA,NA,0,15,NA,NA,535.16,19.64262295
NELITCSE,NELITCSE_506,NELITCSE_RTSBC,Zea mays (Corn),3459,14347.69,2013,Conservation Till,None,No,765,10.5,168,NA,NA,0,15,NA,NA,535.16,19.64262295
NELITCSE,NELITCSE_508,NELITCSE_RTCC,Zea mays (Corn),3104,13686.22,2013,Conservation Till,None,No,765,10.5,168,NA,NA,0,15,NA,NA,535.16,19.64262295
NELITCSE,NELITCSE_509,NELITCSE_CHSBC,Zea mays (Corn),3226,14453,2013,Conservation Till,None,No,765,10.5,168,NA,NA,0,15,NA,NA,535.16,19.64262295
NELITCSE,NELITCSE_512,NELITCSE_CHCC,Zea mays (Corn),4072,16831.35,2013,Conservation Till,None,No,765,10.5,168,NA,NA,0,15,NA,NA,535.16,19.64262295
NELITCSE,NELITCSE_515,NELITCSE_SSSBC,Zea mays (Corn),3873,17038.29,2013,Sub Till,None,No,765,10.5,168,NA,NA,0,15,NA,NA,535.16,19.64262295
NELITCSE,NELITCSE_516,NELITCSE_SSCC,Zea mays (Corn),4099,16691.36,2013,Sub Till,None,No,765,10.5,168,NA,NA,0,15,NA,NA,535.16,19.64262295
NELITCSE,NELITCSE_517,NELITCSE_NTCC,Zea mays (Corn),4353,17168.32,2013,No Till,None,No,765,10.5,168,NA,NA,0,15,NA,NA,535.16,19.64262295
NELITCSE,NELITCSE_518,NELITCSE_NTSBC,Zea mays (Corn),2621,10577.01,2013,No Till,None,No,765,10.5,168,NA,NA,0,15,NA,NA,535.16,19.64262295
NELITCSE,NELITCSE_522,NELITCSE_MPSBC,Zea mays (Corn),4201,16473.19,2013,Conventional Till,None,No,765,10.5,168,NA,NA,0,15,NA,NA,535.16,19.64262295
NELITCSE,NELITCSE_523,NELITCSE_MPCC,Zea mays (Corn),3196,12067.8,2013,Conventional Till,None,No,765,10.5,168,NA,NA,0,15,NA,NA,535.16,19.64262295
NELITCSE,NELITCSE_601,NELITCSE_NTCC,Zea mays (Corn),3743,14974.29,2013,No Till,None,No,765,10.5,168,NA,NA,0,15,NA,NA,535.16,19.64262295
NELITCSE,NELITCSE_602,NELITCSE_NTSBC,Zea mays (Corn),3844,15419.91,2013,No Till,None,No,765,10.5,168,NA,NA,0,15,NA,NA,535.16,19.64262295
NELITCSE,NELITCSE_605,NELITCSE_DKCC,Zea mays (Corn),3577,14830.01,2013,Conventional Till,None,No,765,10.5,168,NA,NA,0,15,NA,NA,535.16,19.64262295
NELITCSE,NELITCSE_608,NELITCSE_DKSBC,Zea mays (Corn),3812,15283.68,2013,Conventional Till,None,No,765,10.5,168,NA,NA,0,15,NA,NA,535.16,19.64262295
NELITCSE,NELITCSE_609,NELITCSE_SSCC,Zea mays (Corn),4453,17381.34,2013,Sub Till,None,No,765,10.5,168,NA,NA,0,15,NA,NA,535.16,19.64262295
NELITCSE,NELITCSE_611,NELITCSE_SSSBC,Zea mays (Corn),3605,12883.43,2013,Sub Till,None,No,765,10.5,168,NA,NA,0,15,NA,NA,535.16,19.64262295
NELITCSE,NELITCSE_614,NELITCSE_RTSBC,Zea mays (Corn),4130,15151.94,2013,Conservation Till,None,No,765,10.5,168,NA,NA,0,15,NA,NA,535.16,19.64262295
NELITCSE,NELITCSE_616,NELITCSE_RTCC,Zea mays (Corn),3018,11926.24,2013,Conservation Till,None,No,765,10.5,168,NA,NA,0,15,NA,NA,535.16,19.64262295
NELITCSE,NELITCSE_618,NELITCSE_MPSBC,Zea mays (Corn),4436,17812.57,2013,Conventional Till,None,No,765,10.5,168,NA,NA,0,15,NA,NA,535.16,19.64262295
NELITCSE,NELITCSE_620,NELITCSE_MPCC,Zea mays (Corn),3153,14286.29,2013,Conventional Till,None,No,765,10.5,168,NA,NA,0,15,NA,NA,535.16,19.64262295
NELITCSE,NELITCSE_621,NELITCSE_CHCC,Zea mays (Corn),3903,16419.6,2013,Conservation Till,None,No,765,10.5,168,NA,NA,0,15,NA,NA,535.16,19.64262295
NELITCSE,NELITCSE_622,NELITCSE_CHSBC,Zea mays (Corn),2805,12620.41,2013,Conservation Till,None,No,765,10.5,168,NA,NA,0,15,NA,NA,535.16,19.64262295
NEMEIRR,NEMEIRR_101,NEMEIRR_NT0,Zea mays (Corn),4264.296725,20348.53,2001,No Till,None,No,765,10.5,202,NA,NA,0,8,NA,NA,490.728,20.15505737
NEMEIRR,NEMEIRR_102,NEMEIRR_DK100,Zea mays (Corn),5298.589566,23829.44,2001,Conventional Till,None,Yes,765,10.5,202,NA,NA,0,8,NA,NA,490.728,20.15505737
NEMEIRR,NEMEIRR_103,NEMEIRR_NT50,Zea mays (Corn),4946.051028,22588.6,2001,No Till,None,Partial,765,10.5,202,NA,NA,0,8,NA,NA,490.728,20.15505737
NEMEIRR,NEMEIRR_104,NEMEIRR_DK50,Zea mays (Corn),4847.892301,21614.64,2001,Conventional Till,None,Partial,765,10.5,202,NA,NA,0,8,NA,NA,490.728,20.15505737
NEMEIRR,NEMEIRR_105,NEMEIRR_NT100,Zea mays (Corn),4317.457993,20001.5,2001,No Till,None,Yes,765,10.5,202,NA,NA,0,8,NA,NA,490.728,20.15505737
NEMEIRR,NEMEIRR_106,NEMEIRR_DK0,Zea mays (Corn),5345.21808,25163.04,2001,Conventional Till,None,No,765,10.5,202,NA,NA,0,8,NA,NA,490.728,20.15505737
NEMEIRR,NEMEIRR_201,NEMEIRR_NT0,Zea mays (Corn),5076.51867,24110.66,2001,No Till,None,No,765,10.5,202,NA,NA,0,8,NA,NA,490.728,20.15505737
NEMEIRR,NEMEIRR_202,NEMEIRR_DK0,Zea mays (Corn),5205.00006,25130.72,2001,Conventional Till,None,No,765,10.5,202,NA,NA,0,8,NA,NA,490.728,20.15505737
NEMEIRR,NEMEIRR_203,NEMEIRR_NT100,Zea mays (Corn),5013.30452,24063.54,2001,No Till,None,Yes,765,10.5,202,NA,NA,0,8,NA,NA,490.728,20.15505737
NEMEIRR,NEMEIRR_204,NEMEIRR_DK100,Zea mays (Corn),4110.613425,18474.45,2001,Conventional Till,None,Yes,765,10.5,202,NA,NA,0,8,NA,NA,490.728,20.15505737
NEMEIRR,NEMEIRR_205,NEMEIRR_NT50,Zea mays (Corn),4578.429856,21167.29,2001,No Till,None,Partial,765,10.5,202,NA,NA,0,8,NA,NA,490.728,20.15505737
NEMEIRR,NEMEIRR_206,NEMEIRR_DK50,Zea mays (Corn),5020.020423,22574.02,2001,Conventional Till,None,Partial,765,10.5,202,NA,NA,0,8,NA,NA,490.728,20.15505737
NEMEIRR,NEMEIRR_301,NEMEIRR_DK100,Zea mays (Corn),4169.965496,21063.37,2001,Conventional Till,None,Yes,765,10.5,202,NA,NA,0,8,NA,NA,490.728,20.15505737
NEMEIRR,NEMEIRR_302,NEMEIRR_NT0,Zea mays (Corn),4946.013915,23999.83,2001,No Till,None,No,765,10.5,202,NA,NA,0,8,NA,NA,490.728,20.15505737
NEMEIRR,NEMEIRR_303,NEMEIRR_DK50,Zea mays (Corn),4656.257728,23594.26,2001,Conventional Till,None,Partial,765,10.5,202,NA,NA,0,8,NA,NA,490.728,20.15505737
NEMEIRR,NEMEIRR_304,NEMEIRR_NT50,Zea mays (Corn),5197.01273,25072.71,2001,No Till,None,Partial,765,10.5,202,NA,NA,0,8,NA,NA,490.728,20.15505737
NEMEIRR,NEMEIRR_305,NEMEIRR_DK0,Zea mays (Corn),4335.872202,21452.87,2001,Conventional Till,None,No,765,10.5,202,NA,NA,0,8,NA,NA,490.728,20.15505737
NEMEIRR,NEMEIRR_306,NEMEIRR_NT100,Zea mays (Corn),5487.330522,23613.5,2001,No Till,None,Yes,765,10.5,202,NA,NA,0,8,NA,NA,490.728,20.15505737
NEMEIRR,NEMEIRR_401,NEMEIRR_NT0,Zea mays (Corn),4539.710912,20235.5,2001,No Till,None,No,765,10.5,202,NA,NA,0,8,NA,NA,490.728,20.15505737
NEMEIRR,NEMEIRR_402,NEMEIRR_DK0,Zea mays (Corn),4706.677902,21817.98,2001,Conventional Till,None,No,765,10.5,202,NA,NA,0,8,NA,NA,490.728,20.15505737
NEMEIRR,NEMEIRR_403,NEMEIRR_NT100,Zea mays (Corn),4320.27708,19990.62,2001,No Till,None,Yes,765,10.5,202,NA,NA,0,8,NA,NA,490.728,20.15505737
NEMEIRR,NEMEIRR_404,NEMEIRR_DK100,Zea mays (Corn),3985.09496,19685.2,2001,Conventional Till,None,Yes,765,10.5,202,NA,NA,0,8,NA,NA,490.728,20.15505737
NEMEIRR,NEMEIRR_405,NEMEIRR_NT50,Zea mays (Corn),3203.766475,14870.85,2001,No Till,None,Partial,765,10.5,202,NA,NA,0,8,NA,NA,490.728,20.15505737
NEMEIRR,NEMEIRR_406,NEMEIRR_DK50,Zea mays (Corn),3557.005056,18444.84,2001,Conventional Till,None,Partial,765,10.5,202,NA,NA,0,8,NA,NA,490.728,20.15505737
NEMEIRR,NEMEIRR_501,NEMEIRR_DK100,Zea mays (Corn),5114.948531,24281.51,2001,Conventional Till,None,Yes,765,10.5,202,NA,NA,0,8,NA,NA,490.728,20.15505737
NEMEIRR,NEMEIRR_502,NEMEIRR_NT50,Zea mays (Corn),3588.72354,17962.2,2001,No Till,None,Partial,765,10.5,202,NA,NA,0,8,NA,NA,490.728,20.15505737
NEMEIRR,NEMEIRR_503,NEMEIRR_DK0,Zea mays (Corn),4246.750343,22725.69,2001,Conventional Till,None,No,765,10.5,202,NA,NA,0,8,NA,NA,490.728,20.15505737
NEMEIRR,NEMEIRR_504,NEMEIRR_NT100,Zea mays (Corn),4149.653376,20548.07,2001,No Till,None,Yes,765,10.5,202,NA,NA,0,8,NA,NA,490.728,20.15505737
NEMEIRR,NEMEIRR_505,NEMEIRR_DK50,Zea mays (Corn),3539.458327,18455.85,2001,Conventional Till,None,Partial,765,10.5,202,NA,NA,0,8,NA,NA,490.728,20.15505737
NEMEIRR,NEMEIRR_506,NEMEIRR_NT0,Zea mays (Corn),2970.22168,15265.12,2001,No Till,None,No,765,10.5,202,NA,NA,0,8,NA,NA,490.728,20.15505737
NEMEIRR,NEMEIRR_601,NEMEIRR_DK50,Zea mays (Corn),3160.492425,18068.47,2001,Conventional Till,None,Partial,765,10.5,202,NA,NA,0,8,NA,NA,490.728,20.15505737
NEMEIRR,NEMEIRR_602,NEMEIRR_NT0,Zea mays (Corn),4541.041467,20543.51,2001,No Till,None,No,765,10.5,202,NA,NA,0,8,NA,NA,490.728,20.15505737
NEMEIRR,NEMEIRR_603,NEMEIRR_DK0,Zea mays (Corn),4559.256856,23773.49,2001,Conventional Till,None,No,765,10.5,202,NA,NA,0,8,NA,NA,490.728,20.15505737
NEMEIRR,NEMEIRR_604,NEMEIRR_NT50,Zea mays (Corn),4596.736692,20479.59,2001,No Till,None,Partial,765,10.5,202,NA,NA,0,8,NA,NA,490.728,20.15505737
NEMEIRR,NEMEIRR_605,NEMEIRR_DK100,Zea mays (Corn),3247.62804,17551.99,2001,Conventional Till,None,Yes,765,10.5,202,NA,NA,0,8,NA,NA,490.728,20.15505737
NEMEIRR,NEMEIRR_606,NEMEIRR_NT100,Zea mays (Corn),5032.335621,22428.92,2001,No Till,None,Yes,765,10.5,202,NA,NA,0,8,NA,NA,490.728,20.15505737
NEMEIRR,NEMEIRR_101,NEMEIRR_NT0,Zea mays (Corn),3506.8683,15332.56,2002,No Till,None,No,765,10.5,202,NA,NA,0,8,NA,NA,461.01,20.41125302
NEMEIRR,NEMEIRR_102,NEMEIRR_DK100,Zea mays (Corn),4981.416732,21699.31,2002,Conventional Till,None,Yes,765,10.5,202,NA,NA,0,8,NA,NA,461.01,20.41125302
NEMEIRR,NEMEIRR_103,NEMEIRR_NT50,Zea mays (Corn),3191.516772,16171.51,2002,No Till,None,Partial,765,10.5,202,NA,NA,0,8,NA,NA,461.01,20.41125302
NEMEIRR,NEMEIRR_104,NEMEIRR_DK50,Zea mays (Corn),5289.163698,22713.38,2002,Conventional Till,None,Partial,765,10.5,202,NA,NA,0,8,NA,NA,461.01,20.41125302
NEMEIRR,NEMEIRR_105,NEMEIRR_NT100,Zea mays (Corn),4784.407257,19935.16,2002,No Till,None,Yes,765,10.5,202,NA,NA,0,8,NA,NA,461.01,20.41125302
NEMEIRR,NEMEIRR_106,NEMEIRR_DK0,Zea mays (Corn),3920.19696,18201.5,2002,Conventional Till,None,No,765,10.5,202,NA,NA,0,8,NA,NA,461.01,20.41125302
NEMEIRR,NEMEIRR_201,NEMEIRR_NT0,Zea mays (Corn),4745.895138,24120.26,2002,No Till,None,No,765,10.5,202,NA,NA,0,8,NA,NA,461.01,20.41125302
NEMEIRR,NEMEIRR_202,NEMEIRR_DK0,Zea mays (Corn),4962.29934,23476.94,2002,Conventional Till,None,No,765,10.5,202,NA,NA,0,8,NA,NA,461.01,20.41125302
NEMEIRR,NEMEIRR_203,NEMEIRR_NT100,Zea mays (Corn),4526.64408,20771.94,2002,No Till,None,Yes,765,10.5,202,NA,NA,0,8,NA,NA,461.01,20.41125302
NEMEIRR,NEMEIRR_204,NEMEIRR_DK100,Zea mays (Corn),4545.4365,21291.46,2002,Conventional Till,None,Yes,765,10.5,202,NA,NA,0,8,NA,NA,461.01,20.41125302
NEMEIRR,NEMEIRR_205,NEMEIRR_NT50,Zea mays (Corn),5014.308376,22251.41,2002,No Till,None,Partial,765,10.5,202,NA,NA,0,8,NA,NA,461.01,20.41125302
NEMEIRR,NEMEIRR_206,NEMEIRR_DK50,Zea mays (Corn),3883.724955,19918.5,2002,Conventional Till,None,Partial,765,10.5,202,NA,NA,0,8,NA,NA,461.01,20.41125302
NEMEIRR,NEMEIRR_301,NEMEIRR_DK100,Zea mays (Corn),4960.558248,21542.98,2002,Conventional Till,None,Yes,765,10.5,202,NA,NA,0,8,NA,NA,461.01,20.41125302
NEMEIRR,NEMEIRR_302,NEMEIRR_NT0,Zea mays (Corn),4938.44934,21108.46,2002,No Till,None,No,765,10.5,202,NA,NA,0,8,NA,NA,461.01,20.41125302
NEMEIRR,NEMEIRR_303,NEMEIRR_DK50,Zea mays (Corn),4722.451584,20783.91,2002,Conventional Till,None,Partial,765,10.5,202,NA,NA,0,8,NA,NA,461.01,20.41125302
NEMEIRR,NEMEIRR_304,NEMEIRR_NT50,Zea mays (Corn),5124.00854,24107.23,2002,No Till,None,Partial,765,10.5,202,NA,NA,0,8,NA,NA,461.01,20.41125302
NEMEIRR,NEMEIRR_305,NEMEIRR_DK0,Zea mays (Corn),5073.39092,21618.16,2002,Conventional Till,None,No,765,10.5,202,NA,NA,0,8,NA,NA,461.01,20.41125302
NEMEIRR,NEMEIRR_306,NEMEIRR_NT100,Zea mays (Corn),5039.866726,21941.95,2002,No Till,None,Yes,765,10.5,202,NA,NA,0,8,NA,NA,461.01,20.41125302
NEMEIRR,NEMEIRR_401,NEMEIRR_NT0,Zea mays (Corn),4191.015202,19401.39,2002,No Till,None,No,765,10.5,202,NA,NA,0,8,NA,NA,461.01,20.41125302
NEMEIRR,NEMEIRR_402,NEMEIRR_DK0,Zea mays (Corn),4084.41303,18973.89,2002,Conventional Till,None,No,765,10.5,202,NA,NA,0,8,NA,NA,461.01,20.41125302
NEMEIRR,NEMEIRR_403,NEMEIRR_NT100,Zea mays (Corn),4491.34441,19754.72,2002,No Till,None,Yes,765,10.5,202,NA,NA,0,8,NA,NA,461.01,20.41125302
NEMEIRR,NEMEIRR_404,NEMEIRR_DK100,Zea mays (Corn),4604.9806,19115.01,2002,Conventional Till,None,Yes,765,10.5,202,NA,NA,0,8,NA,NA,461.01,20.41125302
NEMEIRR,NEMEIRR_405,NEMEIRR_NT50,Zea mays (Corn),4660.720764,20306.72,2002,No Till,None,Partial,765,10.5,202,NA,NA,0,8,NA,NA,461.01,20.41125302
NEMEIRR,NEMEIRR_406,NEMEIRR_DK50,Zea mays (Corn),5230.535038,21913.08,2002,Conventional Till,None,Partial,765,10.5,202,NA,NA,0,8,NA,NA,461.01,20.41125302
NEMEIRR,NEMEIRR_501,NEMEIRR_DK100,Zea mays (Corn),4995.960772,21389.59,2002,Conventional Till,None,Yes,765,10.5,202,NA,NA,0,8,NA,NA,461.01,20.41125302
NEMEIRR,NEMEIRR_502,NEMEIRR_NT50,Zea mays (Corn),4681.17603,19910.57,2002,No Till,None,Partial,765,10.5,202,NA,NA,0,8,NA,NA,461.01,20.41125302
NEMEIRR,NEMEIRR_503,NEMEIRR_DK0,Zea mays (Corn),4371.834313,19638.32,2002,Conventional Till,None,No,765,10.5,202,NA,NA,0,8,NA,NA,461.01,20.41125302
NEMEIRR,NEMEIRR_504,NEMEIRR_NT100,Zea mays (Corn),4434.926796,20054.45,2002,No Till,None,Yes,765,10.5,202,NA,NA,0,8,NA,NA,461.01,20.41125302
NEMEIRR,NEMEIRR_505,NEMEIRR_DK50,Zea mays (Corn),4001.801661,18529.38,2002,Conventional Till,None,Partial,765,10.5,202,NA,NA,0,8,NA,NA,461.01,20.41125302
NEMEIRR,NEMEIRR_506,NEMEIRR_NT0,Zea mays (Corn),4749.53404,20773.89,2002,No Till,None,No,765,10.5,202,NA,NA,0,8,NA,NA,461.01,20.41125302
NEMEIRR,NEMEIRR_601,NEMEIRR_DK50,Zea mays (Corn),4659.559668,18477.66,2002,Conventional Till,None,Partial,765,10.5,202,NA,NA,0,8,NA,NA,461.01,20.41125302
NEMEIRR,NEMEIRR_602,NEMEIRR_NT0,Zea mays (Corn),4742.050608,21526.91,2002,No Till,None,No,765,10.5,202,NA,NA,0,8,NA,NA,461.01,20.41125302
NEMEIRR,NEMEIRR_603,NEMEIRR_DK0,Zea mays (Corn),4888.541592,20945.14,2002,Conventional Till,None,No,765,10.5,202,NA,NA,0,8,NA,NA,461.01,20.41125302
NEMEIRR,NEMEIRR_604,NEMEIRR_NT50,Zea mays (Corn),4763.307571,19388.19,2002,No Till,None,Partial,765,10.5,202,NA,NA,0,8,NA,NA,461.01,20.41125302
NEMEIRR,NEMEIRR_605,NEMEIRR_DK100,Zea mays (Corn),4514.12604,19186.56,2002,Conventional Till,None,Yes,765,10.5,202,NA,NA,0,8,NA,NA,461.01,20.41125302
NEMEIRR,NEMEIRR_606,NEMEIRR_NT100,Zea mays (Corn),4539.167934,21657.77,2002,No Till,None,Yes,765,10.5,202,NA,NA,0,8,NA,NA,461.01,20.41125302
NEMEIRR,NEMEIRR_101,NEMEIRR_NT0,Zea mays (Corn),2788.536666,13741.99,2003,No Till,None,No,765,10.5,190,NA,NA,0,8,NA,NA,382.27,19.11889795
NEMEIRR,NEMEIRR_102,NEMEIRR_DK100,Zea mays (Corn),4945.03823,24922.04,2003,Conventional Till,None,Yes,765,10.5,190,NA,NA,0,8,NA,NA,382.27,19.11889795
NEMEIRR,NEMEIRR_103,NEMEIRR_NT50,Zea mays (Corn),3847.56788,17872.83,2003,No Till,None,Partial,765,10.5,190,NA,NA,0,8,NA,NA,382.27,19.11889795
NEMEIRR,NEMEIRR_104,NEMEIRR_DK50,Zea mays (Corn),4699.889025,22696.31,2003,Conventional Till,None,Partial,765,10.5,190,NA,NA,0,8,NA,NA,382.27,19.11889795
NEMEIRR,NEMEIRR_105,NEMEIRR_NT100,Zea mays (Corn),4226.62947,19247.43,2003,No Till,None,Yes,765,10.5,190,NA,NA,0,8,NA,NA,382.27,19.11889795
NEMEIRR,NEMEIRR_106,NEMEIRR_DK0,Zea mays (Corn),4386.946413,22459.8,2003,Conventional Till,None,No,765,10.5,190,NA,NA,0,8,NA,NA,382.27,19.11889795
NEMEIRR,NEMEIRR_201,NEMEIRR_NT0,Zea mays (Corn),3397.12737,16539.28,2003,No Till,None,No,765,10.5,190,NA,NA,0,8,NA,NA,382.27,19.11889795
NEMEIRR,NEMEIRR_202,NEMEIRR_DK0,Zea mays (Corn),4136.695728,21208.76,2003,Conventional Till,None,No,765,10.5,190,NA,NA,0,8,NA,NA,382.27,19.11889795
NEMEIRR,NEMEIRR_203,NEMEIRR_NT100,Zea mays (Corn),4255.19928,20118.26,2003,No Till,None,Yes,765,10.5,190,NA,NA,0,8,NA,NA,382.27,19.11889795
NEMEIRR,NEMEIRR_204,NEMEIRR_DK100,Zea mays (Corn),4155.545625,21463.88,2003,Conventional Till,None,Yes,765,10.5,190,NA,NA,0,8,NA,NA,382.27,19.11889795
NEMEIRR,NEMEIRR_205,NEMEIRR_NT50,Zea mays (Corn),4039.433693,19118.3,2003,No Till,None,Partial,765,10.5,190,NA,NA,0,8,NA,NA,382.27,19.11889795
NEMEIRR,NEMEIRR_206,NEMEIRR_DK50,Zea mays (Corn),4362.45964,22994.59,2003,Conventional Till,None,Partial,765,10.5,190,NA,NA,0,8,NA,NA,382.27,19.11889795
NEMEIRR,NEMEIRR_301,NEMEIRR_DK100,Zea mays (Corn),4493.802932,22092.86,2003,Conventional Till,None,Yes,765,10.5,190,NA,NA,0,8,NA,NA,382.27,19.11889795
NEMEIRR,NEMEIRR_302,NEMEIRR_NT0,Zea mays (Corn),3972.343244,18288.05,2003,No Till,None,No,765,10.5,190,NA,NA,0,8,NA,NA,382.27,19.11889795
NEMEIRR,NEMEIRR_303,NEMEIRR_DK50,Zea mays (Corn),3322.044416,16612.95,2003,Conventional Till,None,Partial,765,10.5,190,NA,NA,0,8,NA,NA,382.27,19.11889795
NEMEIRR,NEMEIRR_304,NEMEIRR_NT50,Zea mays (Corn),4139.656125,19773.2,2003,No Till,None,Partial,765,10.5,190,NA,NA,0,8,NA,NA,382.27,19.11889795
NEMEIRR,NEMEIRR_305,NEMEIRR_DK0,Zea mays (Corn),3948.858479,19507.42,2003,Conventional Till,None,No,765,10.5,190,NA,NA,0,8,NA,NA,382.27,19.11889795
NEMEIRR,NEMEIRR_306,NEMEIRR_NT100,Zea mays (Corn),3893.545824,17744.15,2003,No Till,None,Yes,765,10.5,190,NA,NA,0,8,NA,NA,382.27,19.11889795
NEMEIRR,NEMEIRR_401,NEMEIRR_NT0,Zea mays (Corn),2682.99532,14188.13,2003,No Till,None,No,765,10.5,190,NA,NA,0,8,NA,NA,382.27,19.11889795
NEMEIRR,NEMEIRR_402,NEMEIRR_DK0,Zea mays (Corn),4896.917186,24648.1,2003,Conventional Till,None,No,765,10.5,190,NA,NA,0,8,NA,NA,382.27,19.11889795
NEMEIRR,NEMEIRR_403,NEMEIRR_NT100,Zea mays (Corn),4076.367508,17358.86,2003,No Till,None,Yes,765,10.5,190,NA,NA,0,8,NA,NA,382.27,19.11889795
NEMEIRR,NEMEIRR_404,NEMEIRR_DK100,Zea mays (Corn),4311.499052,23185.11,2003,Conventional Till,None,Yes,765,10.5,190,NA,NA,0,8,NA,NA,382.27,19.11889795
NEMEIRR,NEMEIRR_405,NEMEIRR_NT50,Zea mays (Corn),3269.551788,16342.23,2003,No Till,None,Partial,765,10.5,190,NA,NA,0,8,NA,NA,382.27,19.11889795
NEMEIRR,NEMEIRR_406,NEMEIRR_DK50,Zea mays (Corn),4334.476734,22147.79,2003,Conventional Till,None,Partial,765,10.5,190,NA,NA,0,8,NA,NA,382.27,19.11889795
NEMEIRR,NEMEIRR_501,NEMEIRR_DK100,Zea mays (Corn),5156.229232,25509.4,2003,Conventional Till,None,Yes,765,10.5,190,NA,NA,0,8,NA,NA,382.27,19.11889795
NEMEIRR,NEMEIRR_502,NEMEIRR_NT50,Zea mays (Corn),4163.471976,19167.73,2003,No Till,None,Partial,765,10.5,190,NA,NA,0,8,NA,NA,382.27,19.11889795
NEMEIRR,NEMEIRR_503,NEMEIRR_DK0,Zea mays (Corn),4345.293238,23057.44,2003,Conventional Till,None,No,765,10.5,190,NA,NA,0,8,NA,NA,382.27,19.11889795
NEMEIRR,NEMEIRR_504,NEMEIRR_NT100,Zea mays (Corn),3825.075495,17921.33,2003,No Till,None,Yes,765,10.5,190,NA,NA,0,8,NA,NA,382.27,19.11889795
NEMEIRR,NEMEIRR_505,NEMEIRR_DK50,Zea mays (Corn),5125.625934,25144.51,2003,Conventional Till,None,Partial,765,10.5,190,NA,NA,0,8,NA,NA,382.27,19.11889795
NEMEIRR,NEMEIRR_506,NEMEIRR_NT0,Zea mays (Corn),3889.465614,19906.78,2003,No Till,None,No,765,10.5,190,NA,NA,0,8,NA,NA,382.27,19.11889795
NEMEIRR,NEMEIRR_601,NEMEIRR_DK50,Zea mays (Corn),4913.634545,22810.15,2003,Conventional Till,None,Partial,765,10.5,190,NA,NA,0,8,NA,NA,382.27,19.11889795
NEMEIRR,NEMEIRR_602,NEMEIRR_NT0,Zea mays (Corn),3636.081528,17986.75,2003,No Till,None,No,765,10.5,190,NA,NA,0,8,NA,NA,382.27,19.11889795
NEMEIRR,NEMEIRR_603,NEMEIRR_DK0,Zea mays (Corn),4772.9891,24394.05,2003,Conventional Till,None,No,765,10.5,190,NA,NA,0,8,NA,NA,382.27,19.11889795
NEMEIRR,NEMEIRR_604,NEMEIRR_NT50,Zea mays (Corn),3850.083905,20471.32,2003,No Till,None,Partial,765,10.5,190,NA,NA,0,8,NA,NA,382.27,19.11889795
NEMEIRR,NEMEIRR_605,NEMEIRR_DK100,Zea mays (Corn),4469.365145,22238.22,2003,Conventional Till,None,Yes,765,10.5,190,NA,NA,0,8,NA,NA,382.27,19.11889795
NEMEIRR,NEMEIRR_606,NEMEIRR_NT100,Zea mays (Corn),4131.476451,19939.41,2003,No Till,None,Yes,765,10.5,190,NA,NA,0,8,NA,NA,382.27,19.11889795
NEMEIRR,NEMEIRR_101,NEMEIRR_NT0,Zea mays (Corn),3630.967134,16950.5,2004,No Till,None,No,765,10.5,202,NA,NA,0,8,NA,NA,377.952,19.00354318
NEMEIRR,NEMEIRR_102,NEMEIRR_DK100,Zea mays (Corn),4767.249633,20919.05,2004,Conventional Till,None,Yes,765,10.5,202,NA,NA,0,8,NA,NA,377.952,19.00354318
NEMEIRR,NEMEIRR_103,NEMEIRR_NT50,Zea mays (Corn),3393.579392,16143.44,2004,No Till,None,Partial,765,10.5,202,NA,NA,0,8,NA,NA,377.952,19.00354318
NEMEIRR,NEMEIRR_104,NEMEIRR_DK50,Zea mays (Corn),4082.198143,17292.25,2004,Conventional Till,None,Partial,765,10.5,202,NA,NA,0,8,NA,NA,377.952,19.00354318
NEMEIRR,NEMEIRR_105,NEMEIRR_NT100,Zea mays (Corn),4605.429339,19814.99,2004,No Till,None,Yes,765,10.5,202,NA,NA,0,8,NA,NA,377.952,19.00354318
NEMEIRR,NEMEIRR_106,NEMEIRR_DK0,Zea mays (Corn),4953.450152,20975.63,2004,Conventional Till,None,No,765,10.5,202,NA,NA,0,8,NA,NA,377.952,19.00354318
NEMEIRR,NEMEIRR_201,NEMEIRR_NT0,Zea mays (Corn),3661.5717,18142.25,2004,No Till,None,No,765,10.5,202,NA,NA,0,8,NA,NA,377.952,19.00354318
NEMEIRR,NEMEIRR_202,NEMEIRR_DK0,Zea mays (Corn),4333.2704,18361.93,2004,Conventional Till,None,No,765,10.5,202,NA,NA,0,8,NA,NA,377.952,19.00354318
NEMEIRR,NEMEIRR_203,NEMEIRR_NT100,Zea mays (Corn),5185.078515,23200.83,2004,No Till,None,Yes,765,10.5,202,NA,NA,0,8,NA,NA,377.952,19.00354318
NEMEIRR,NEMEIRR_204,NEMEIRR_DK100,Zea mays (Corn),4949.46216,20358.11,2004,Conventional Till,None,Yes,765,10.5,202,NA,NA,0,8,NA,NA,377.952,19.00354318
NEMEIRR,NEMEIRR_205,NEMEIRR_NT50,Zea mays (Corn),4794.071727,20472.85,2004,No Till,None,Partial,765,10.5,202,NA,NA,0,8,NA,NA,377.952,19.00354318
NEMEIRR,NEMEIRR_206,NEMEIRR_DK50,Zea mays (Corn),5654.43217,22130.03,2004,Conventional Till,None,Partial,765,10.5,202,NA,NA,0,8,NA,NA,377.952,19.00354318
NEMEIRR,NEMEIRR_301,NEMEIRR_DK100,Zea mays (Corn),5073.198963,21773.17,2004,Conventional Till,None,Yes,765,10.5,202,NA,NA,0,8,NA,NA,377.952,19.00354318
NEMEIRR,NEMEIRR_302,NEMEIRR_NT0,Zea mays (Corn),3855.179454,19556.3,2004,No Till,None,No,765,10.5,202,NA,NA,0,8,NA,NA,377.952,19.00354318
NEMEIRR,NEMEIRR_303,NEMEIRR_DK50,Zea mays (Corn),5224.14387,22514.08,2004,Conventional Till,None,Partial,765,10.5,202,NA,NA,0,8,NA,NA,377.952,19.00354318
NEMEIRR,NEMEIRR_304,NEMEIRR_NT50,Zea mays (Corn),5585.085375,25819.68,2004,No Till,None,Partial,765,10.5,202,NA,NA,0,8,NA,NA,377.952,19.00354318
NEMEIRR,NEMEIRR_305,NEMEIRR_DK0,Zea mays (Corn),6103.709188,24879.26,2004,Conventional Till,None,No,765,10.5,202,NA,NA,0,8,NA,NA,377.952,19.00354318
NEMEIRR,NEMEIRR_306,NEMEIRR_NT100,Zea mays (Corn),4555.646867,18923.52,2004,No Till,None,Yes,765,10.5,202,NA,NA,0,8,NA,NA,377.952,19.00354318
NEMEIRR,NEMEIRR_401,NEMEIRR_NT0,Zea mays (Corn),2298.3689,12045.22,2004,No Till,None,No,765,10.5,202,NA,NA,0,8,NA,NA,377.952,19.00354318
NEMEIRR,NEMEIRR_402,NEMEIRR_DK0,Zea mays (Corn),4614.87048,19788.29,2004,Conventional Till,None,No,765,10.5,202,NA,NA,0,8,NA,NA,377.952,19.00354318
NEMEIRR,NEMEIRR_403,NEMEIRR_NT100,Zea mays (Corn),2022.991335,13224.89,2004,No Till,None,Yes,765,10.5,202,NA,NA,0,8,NA,NA,377.952,19.00354318
NEMEIRR,NEMEIRR_404,NEMEIRR_DK100,Zea mays (Corn),4922.900936,22040.23,2004,Conventional Till,None,Yes,765,10.5,202,NA,NA,0,8,NA,NA,377.952,19.00354318
NEMEIRR,NEMEIRR_405,NEMEIRR_NT50,Zea mays (Corn),2090.069046,17855.66,2004,No Till,None,Partial,765,10.5,202,NA,NA,0,8,NA,NA,377.952,19.00354318
NEMEIRR,NEMEIRR_406,NEMEIRR_DK50,Zea mays (Corn),5434.221312,22297.22,2004,Conventional Till,None,Partial,765,10.5,202,NA,NA,0,8,NA,NA,377.952,19.00354318
NEMEIRR,NEMEIRR_501,NEMEIRR_DK100,Zea mays (Corn),5872.845462,24003.04,2004,Conventional Till,None,Yes,765,10.5,202,NA,NA,0,8,NA,NA,377.952,19.00354318
NEMEIRR,NEMEIRR_502,NEMEIRR_NT50,Zea mays (Corn),5394.657082,25206.34,2004,No Till,None,Partial,765,10.5,202,NA,NA,0,8,NA,NA,377.952,19.00354318
NEMEIRR,NEMEIRR_503,NEMEIRR_DK0,Zea mays (Corn),5151.8682,21173,2004,Conventional Till,None,No,765,10.5,202,NA,NA,0,8,NA,NA,377.952,19.00354318
NEMEIRR,NEMEIRR_504,NEMEIRR_NT100,Zea mays (Corn),4868.35758,21130.64,2004,No Till,None,Yes,765,10.5,202,NA,NA,0,8,NA,NA,377.952,19.00354318
NEMEIRR,NEMEIRR_505,NEMEIRR_DK50,Zea mays (Corn),5097.613884,24004.68,2004,Conventional Till,None,Partial,765,10.5,202,NA,NA,0,8,NA,NA,377.952,19.00354318
NEMEIRR,NEMEIRR_506,NEMEIRR_NT0,Zea mays (Corn),4885.21174,21767.65,2004,No Till,None,No,765,10.5,202,NA,NA,0,8,NA,NA,377.952,19.00354318
NEMEIRR,NEMEIRR_601,NEMEIRR_DK50,Zea mays (Corn),4864.250044,23379.26,2004,Conventional Till,None,Partial,765,10.5,202,NA,NA,0,8,NA,NA,377.952,19.00354318
NEMEIRR,NEMEIRR_602,NEMEIRR_NT0,Zea mays (Corn),4030.687371,19995.74,2004,No Till,None,No,765,10.5,202,NA,NA,0,8,NA,NA,377.952,19.00354318
NEMEIRR,NEMEIRR_603,NEMEIRR_DK0,Zea mays (Corn),5978.34135,26131.25,2004,Conventional Till,None,No,765,10.5,202,NA,NA,0,8,NA,NA,377.952,19.00354318
NEMEIRR,NEMEIRR_604,NEMEIRR_NT50,Zea mays (Corn),4685.289956,21010.28,2004,No Till,None,Partial,765,10.5,202,NA,NA,0,8,NA,NA,377.952,19.00354318
NEMEIRR,NEMEIRR_605,NEMEIRR_DK100,Zea mays (Corn),5028.98278,21067.04,2004,Conventional Till,None,Yes,765,10.5,202,NA,NA,0,8,NA,NA,377.952,19.00354318
NEMEIRR,NEMEIRR_606,NEMEIRR_NT100,Zea mays (Corn),4443.802924,19323.43,2004,No Till,None,Yes,765,10.5,202,NA,NA,0,8,NA,NA,377.952,19.00354318
NEMEIRR,NEMEIRR_101,NEMEIRR_NT0,Zea mays (Corn),3479.344542,15924.36,2005,No Till,None,No,765,10.5,168,NA,NA,0,8,NA,NA,388.0612,20.4188904
NEMEIRR,NEMEIRR_102,NEMEIRR_DK100,Zea mays (Corn),3960.672948,18651.05,2005,Conventional Till,None,Yes,765,10.5,168,NA,NA,0,8,NA,NA,388.0612,20.4188904
NEMEIRR,NEMEIRR_103,NEMEIRR_NT50,Zea mays (Corn),4213.730192,18371.25,2005,No Till,None,Partial,765,10.5,168,NA,NA,0,8,NA,NA,388.0612,20.4188904
NEMEIRR,NEMEIRR_104,NEMEIRR_DK50,Zea mays (Corn),4673.519396,19785.91,2005,Conventional Till,None,Partial,765,10.5,168,NA,NA,0,8,NA,NA,388.0612,20.4188904
NEMEIRR,NEMEIRR_105,NEMEIRR_NT100,Zea mays (Corn),4134.209478,17334.26,2005,No Till,None,Yes,765,10.5,168,NA,NA,0,8,NA,NA,388.0612,20.4188904
NEMEIRR,NEMEIRR_106,NEMEIRR_DK0,Zea mays (Corn),4473.080928,18724.37,2005,Conventional Till,None,No,765,10.5,168,NA,NA,0,8,NA,NA,388.0612,20.4188904
NEMEIRR,NEMEIRR_201,NEMEIRR_NT0,Zea mays (Corn),3818.0079,18271.81,2005,No Till,None,No,765,10.5,168,NA,NA,0,8,NA,NA,388.0612,20.4188904
NEMEIRR,NEMEIRR_202,NEMEIRR_DK0,Zea mays (Corn),4806.978976,21048.31,2005,Conventional Till,None,No,765,10.5,168,NA,NA,0,8,NA,NA,388.0612,20.4188904
NEMEIRR,NEMEIRR_203,NEMEIRR_NT100,Zea mays (Corn),4951.33899,20110.46,2005,No Till,None,Yes,765,10.5,168,NA,NA,0,8,NA,NA,388.0612,20.4188904
NEMEIRR,NEMEIRR_204,NEMEIRR_DK100,Zea mays (Corn),6004.113636,22049.66,2005,Conventional Till,None,Yes,765,10.5,168,NA,NA,0,8,NA,NA,388.0612,20.4188904
NEMEIRR,NEMEIRR_205,NEMEIRR_NT50,Zea mays (Corn),4380.056101,20267.32,2005,No Till,None,Partial,765,10.5,168,NA,NA,0,8,NA,NA,388.0612,20.4188904
NEMEIRR,NEMEIRR_206,NEMEIRR_DK50,Zea mays (Corn),4731.939554,20622.85,2005,Conventional Till,None,Partial,765,10.5,168,NA,NA,0,8,NA,NA,388.0612,20.4188904
NEMEIRR,NEMEIRR_301,NEMEIRR_DK100,Zea mays (Corn),4406.231823,19167.47,2005,Conventional Till,None,Yes,765,10.5,168,NA,NA,0,8,NA,NA,388.0612,20.4188904
NEMEIRR,NEMEIRR_302,NEMEIRR_NT0,Zea mays (Corn),4489.83713,19599.76,2005,No Till,None,No,765,10.5,168,NA,NA,0,8,NA,NA,388.0612,20.4188904
NEMEIRR,NEMEIRR_303,NEMEIRR_DK50,Zea mays (Corn),4561.796475,18617.5,2005,Conventional Till,None,Partial,765,10.5,168,NA,NA,0,8,NA,NA,388.0612,20.4188904
NEMEIRR,NEMEIRR_304,NEMEIRR_NT50,Zea mays (Corn),4154.626,17962.97,2005,No Till,None,Partial,765,10.5,168,NA,NA,0,8,NA,NA,388.0612,20.4188904
NEMEIRR,NEMEIRR_305,NEMEIRR_DK0,Zea mays (Corn),5275.661258,22865.43,2005,Conventional Till,None,No,765,10.5,168,NA,NA,0,8,NA,NA,388.0612,20.4188904
NEMEIRR,NEMEIRR_306,NEMEIRR_NT100,Zea mays (Corn),4860.629912,19736.59,2005,No Till,None,Yes,765,10.5,168,NA,NA,0,8,NA,NA,388.0612,20.4188904
NEMEIRR,NEMEIRR_401,NEMEIRR_NT0,Zea mays (Corn),3912.159595,16395.11,2005,No Till,None,No,765,10.5,168,NA,NA,0,8,NA,NA,388.0612,20.4188904
NEMEIRR,NEMEIRR_402,NEMEIRR_DK0,Zea mays (Corn),4238.73318,17650.72,2005,Conventional Till,None,No,765,10.5,168,NA,NA,0,8,NA,NA,388.0612,20.4188904
NEMEIRR,NEMEIRR_403,NEMEIRR_NT100,Zea mays (Corn),5048.83422,21351.31,2005,No Till,None,Yes,765,10.5,168,NA,NA,0,8,NA,NA,388.0612,20.4188904
NEMEIRR,NEMEIRR_404,NEMEIRR_DK100,Zea mays (Corn),4938.753096,19843.43,2005,Conventional Till,None,Yes,765,10.5,168,NA,NA,0,8,NA,NA,388.0612,20.4188904
NEMEIRR,NEMEIRR_405,NEMEIRR_NT50,Zea mays (Corn),4512.358773,19415.44,2005,No Till,None,Partial,765,10.5,168,NA,NA,0,8,NA,NA,388.0612,20.4188904
NEMEIRR,NEMEIRR_406,NEMEIRR_DK50,Zea mays (Corn),5455.117044,21682.17,2005,Conventional Till,None,Partial,765,10.5,168,NA,NA,0,8,NA,NA,388.0612,20.4188904
NEMEIRR,NEMEIRR_501,NEMEIRR_DK100,Zea mays (Corn),5060.51062,21192.12,2005,Conventional Till,None,Yes,765,10.5,168,NA,NA,0,8,NA,NA,388.0612,20.4188904
NEMEIRR,NEMEIRR_502,NEMEIRR_NT50,Zea mays (Corn),4434.453426,19048.39,2005,No Till,None,Partial,765,10.5,168,NA,NA,0,8,NA,NA,388.0612,20.4188904
NEMEIRR,NEMEIRR_503,NEMEIRR_DK0,Zea mays (Corn),5061.319452,22806.86,2005,Conventional Till,None,No,765,10.5,168,NA,NA,0,8,NA,NA,388.0612,20.4188904
NEMEIRR,NEMEIRR_504,NEMEIRR_NT100,Zea mays (Corn),4824.55509,19114.7,2005,No Till,None,Yes,765,10.5,168,NA,NA,0,8,NA,NA,388.0612,20.4188904
NEMEIRR,NEMEIRR_505,NEMEIRR_DK50,Zea mays (Corn),4906.759935,20044.1,2005,Conventional Till,None,Partial,765,10.5,168,NA,NA,0,8,NA,NA,388.0612,20.4188904
NEMEIRR,NEMEIRR_506,NEMEIRR_NT0,Zea mays (Corn),2975.3457,13825.9,2005,No Till,None,No,765,10.5,168,NA,NA,0,8,NA,NA,388.0612,20.4188904
NEMEIRR,NEMEIRR_601,NEMEIRR_DK50,Zea mays (Corn),4692.212003,19318.68,2005,Conventional Till,None,Partial,765,10.5,168,NA,NA,0,8,NA,NA,388.0612,20.4188904
NEMEIRR,NEMEIRR_602,NEMEIRR_NT0,Zea mays (Corn),4833.276304,21511.35,2005,No Till,None,No,765,10.5,168,NA,NA,0,8,NA,NA,388.0612,20.4188904
NEMEIRR,NEMEIRR_603,NEMEIRR_DK0,Zea mays (Corn),5063.68521,21083.71,2005,Conventional Till,None,No,765,10.5,168,NA,NA,0,8,NA,NA,388.0612,20.4188904
NEMEIRR,NEMEIRR_604,NEMEIRR_NT50,Zea mays (Corn),4602.715714,16654.15,2005,No Till,None,Partial,765,10.5,168,NA,NA,0,8,NA,NA,388.0612,20.4188904
NEMEIRR,NEMEIRR_605,NEMEIRR_DK100,Zea mays (Corn),4698.932765,19433.07,2005,Conventional Till,None,Yes,765,10.5,168,NA,NA,0,8,NA,NA,388.0612,20.4188904
NEMEIRR,NEMEIRR_606,NEMEIRR_NT100,Zea mays (Corn),4718.416538,21188.42,2005,No Till,None,Yes,765,10.5,168,NA,NA,0,8,NA,NA,388.0612,20.4188904
NEMEIRR,NEMEIRR_101,NEMEIRR_NT0,Zea mays (Corn),3538.67096,NA,2006,No Till,None,No,765,10.5,168,NA,NA,0,8,NA,NA,470.916,19.80608092
NEMEIRR,NEMEIRR_102,NEMEIRR_DK100,Zea mays (Corn),3498.480082,NA,2006,Conventional Till,None,Yes,765,10.5,168,NA,NA,0,8,NA,NA,470.916,19.80608092
NEMEIRR,NEMEIRR_103,NEMEIRR_NT50,Zea mays (Corn),3732.069198,NA,2006,No Till,None,Partial,765,10.5,168,NA,NA,0,8,NA,NA,470.916,19.80608092
NEMEIRR,NEMEIRR_104,NEMEIRR_DK50,Zea mays (Corn),4431.74904,NA,2006,Conventional Till,None,Partial,765,10.5,168,NA,NA,0,8,NA,NA,470.916,19.80608092
NEMEIRR,NEMEIRR_105,NEMEIRR_NT100,Zea mays (Corn),3325.765755,NA,2006,No Till,None,Yes,765,10.5,168,NA,NA,0,8,NA,NA,470.916,19.80608092
NEMEIRR,NEMEIRR_106,NEMEIRR_DK0,Zea mays (Corn),3516.39054,NA,2006,Conventional Till,None,No,765,10.5,168,NA,NA,0,8,NA,NA,470.916,19.80608092
NEMEIRR,NEMEIRR_201,NEMEIRR_NT0,Zea mays (Corn),3651.852824,NA,2006,No Till,None,No,765,10.5,168,NA,NA,0,8,NA,NA,470.916,19.80608092
NEMEIRR,NEMEIRR_202,NEMEIRR_DK0,Zea mays (Corn),3909.415092,NA,2006,Conventional Till,None,No,765,10.5,168,NA,NA,0,8,NA,NA,470.916,19.80608092
NEMEIRR,NEMEIRR_203,NEMEIRR_NT100,Zea mays (Corn),4699.717212,NA,2006,No Till,None,Yes,765,10.5,168,NA,NA,0,8,NA,NA,470.916,19.80608092
NEMEIRR,NEMEIRR_204,NEMEIRR_DK100,Zea mays (Corn),3543.418956,NA,2006,Conventional Till,None,Yes,765,10.5,168,NA,NA,0,8,NA,NA,470.916,19.80608092
NEMEIRR,NEMEIRR_205,NEMEIRR_NT50,Zea mays (Corn),4398.800748,NA,2006,No Till,None,Partial,765,10.5,168,NA,NA,0,8,NA,NA,470.916,19.80608092
NEMEIRR,NEMEIRR_206,NEMEIRR_DK50,Zea mays (Corn),4446.366218,NA,2006,Conventional Till,None,Partial,765,10.5,168,NA,NA,0,8,NA,NA,470.916,19.80608092
NEMEIRR,NEMEIRR_301,NEMEIRR_DK100,Zea mays (Corn),3816.123471,NA,2006,Conventional Till,None,Yes,765,10.5,168,NA,NA,0,8,NA,NA,470.916,19.80608092
NEMEIRR,NEMEIRR_302,NEMEIRR_NT0,Zea mays (Corn),3843.068505,NA,2006,No Till,None,No,765,10.5,168,NA,NA,0,8,NA,NA,470.916,19.80608092
NEMEIRR,NEMEIRR_303,NEMEIRR_DK50,Zea mays (Corn),4493.438068,NA,2006,Conventional Till,None,Partial,765,10.5,168,NA,NA,0,8,NA,NA,470.916,19.80608092
NEMEIRR,NEMEIRR_304,NEMEIRR_NT50,Zea mays (Corn),3980.040672,NA,2006,No Till,None,Partial,765,10.5,168,NA,NA,0,8,NA,NA,470.916,19.80608092
NEMEIRR,NEMEIRR_305,NEMEIRR_DK0,Zea mays (Corn),4684.921592,NA,2006,Conventional Till,None,No,765,10.5,168,NA,NA,0,8,NA,NA,470.916,19.80608092
NEMEIRR,NEMEIRR_306,NEMEIRR_NT100,Zea mays (Corn),4030.428138,NA,2006,No Till,None,Yes,765,10.5,168,NA,NA,0,8,NA,NA,470.916,19.80608092
NEMEIRR,NEMEIRR_401,NEMEIRR_NT0,Zea mays (Corn),4538.16,NA,2006,No Till,None,No,765,10.5,168,NA,NA,0,8,NA,NA,470.916,19.80608092
NEMEIRR,NEMEIRR_402,NEMEIRR_DK0,Zea mays (Corn),3182.893761,NA,2006,Conventional Till,None,No,765,10.5,168,NA,NA,0,8,NA,NA,470.916,19.80608092
NEMEIRR,NEMEIRR_403,NEMEIRR_NT100,Zea mays (Corn),4364.711784,NA,2006,No Till,None,Yes,765,10.5,168,NA,NA,0,8,NA,NA,470.916,19.80608092
NEMEIRR,NEMEIRR_404,NEMEIRR_DK100,Zea mays (Corn),2729.806501,NA,2006,Conventional Till,None,Yes,765,10.5,168,NA,NA,0,8,NA,NA,470.916,19.80608092
NEMEIRR,NEMEIRR_405,NEMEIRR_NT50,Zea mays (Corn),3568.980076,NA,2006,No Till,None,Partial,765,10.5,168,NA,NA,0,8,NA,NA,470.916,19.80608092
NEMEIRR,NEMEIRR_406,NEMEIRR_DK50,Zea mays (Corn),2846.74528,NA,2006,Conventional Till,None,Partial,765,10.5,168,NA,NA,0,8,NA,NA,470.916,19.80608092
NEMEIRR,NEMEIRR_501,NEMEIRR_DK100,Zea mays (Corn),3610.459878,NA,2006,Conventional Till,None,Yes,765,10.5,168,NA,NA,0,8,NA,NA,470.916,19.80608092
NEMEIRR,NEMEIRR_502,NEMEIRR_NT50,Zea mays (Corn),4230.25852,NA,2006,No Till,None,Partial,765,10.5,168,NA,NA,0,8,NA,NA,470.916,19.80608092
NEMEIRR,NEMEIRR_503,NEMEIRR_DK0,Zea mays (Corn),4581.14528,NA,2006,Conventional Till,None,No,765,10.5,168,NA,NA,0,8,NA,NA,470.916,19.80608092
NEMEIRR,NEMEIRR_504,NEMEIRR_NT100,Zea mays (Corn),4434.332974,NA,2006,No Till,None,Yes,765,10.5,168,NA,NA,0,8,NA,NA,470.916,19.80608092
NEMEIRR,NEMEIRR_505,NEMEIRR_DK50,Zea mays (Corn),3778.391604,NA,2006,Conventional Till,None,Partial,765,10.5,168,NA,NA,0,8,NA,NA,470.916,19.80608092
NEMEIRR,NEMEIRR_506,NEMEIRR_NT0,Zea mays (Corn),3528.197153,NA,2006,No Till,None,No,765,10.5,168,NA,NA,0,8,NA,NA,470.916,19.80608092
NEMEIRR,NEMEIRR_601,NEMEIRR_DK50,Zea mays (Corn),3510.269271,NA,2006,Conventional Till,None,Partial,765,10.5,168,NA,NA,0,8,NA,NA,470.916,19.80608092
NEMEIRR,NEMEIRR_602,NEMEIRR_NT0,Zea mays (Corn),4690.060452,NA,2006,No Till,None,No,765,10.5,168,NA,NA,0,8,NA,NA,470.916,19.80608092
NEMEIRR,NEMEIRR_603,NEMEIRR_DK0,Zea mays (Corn),4709.248488,NA,2006,Conventional Till,None,No,765,10.5,168,NA,NA,0,8,NA,NA,470.916,19.80608092
NEMEIRR,NEMEIRR_604,NEMEIRR_NT50,Zea mays (Corn),4332.460872,NA,2006,No Till,None,Partial,765,10.5,168,NA,NA,0,8,NA,NA,470.916,19.80608092
NEMEIRR,NEMEIRR_605,NEMEIRR_DK100,Zea mays (Corn),3901.214688,NA,2006,Conventional Till,None,Yes,765,10.5,168,NA,NA,0,8,NA,NA,470.916,19.80608092
NEMEIRR,NEMEIRR_606,NEMEIRR_NT100,Zea mays (Corn),4844.953554,NA,2006,No Till,None,Yes,765,10.5,168,NA,NA,0,8,NA,NA,470.916,19.80608092
NEMEIRR,NEMEIRR_101,NEMEIRR_NT0,Zea mays (Corn),4890.37491,21775.51,2007,No Till,None,No,765,10.5,202,NA,NA,0,8,NA,NA,712.724,20.92047554
NEMEIRR,NEMEIRR_102,NEMEIRR_DK100,Zea mays (Corn),5668.945137,26101.01,2007,Conventional Till,None,Yes,765,10.5,202,NA,NA,0,8,NA,NA,712.724,20.92047554
NEMEIRR,NEMEIRR_103,NEMEIRR_NT50,Zea mays (Corn),4285.3155,17824.27,2007,No Till,None,Partial,765,10.5,202,NA,NA,0,8,NA,NA,712.724,20.92047554
NEMEIRR,NEMEIRR_104,NEMEIRR_DK50,Zea mays (Corn),5225.752712,21460.65,2007,Conventional Till,None,Partial,765,10.5,202,NA,NA,0,8,NA,NA,712.724,20.92047554
NEMEIRR,NEMEIRR_105,NEMEIRR_NT100,Zea mays (Corn),4480.118328,18469.57,2007,No Till,None,Yes,765,10.5,202,NA,NA,0,8,NA,NA,712.724,20.92047554
NEMEIRR,NEMEIRR_106,NEMEIRR_DK0,Zea mays (Corn),4769.05609,20450.92,2007,Conventional Till,None,No,765,10.5,202,NA,NA,0,8,NA,NA,712.724,20.92047554
NEMEIRR,NEMEIRR_201,NEMEIRR_NT0,Zea mays (Corn),6054.127528,25531.58,2007,No Till,None,No,765,10.5,202,NA,NA,0,8,NA,NA,712.724,20.92047554
NEMEIRR,NEMEIRR_202,NEMEIRR_DK0,Zea mays (Corn),4430.641054,18025.97,2007,Conventional Till,None,No,765,10.5,202,NA,NA,0,8,NA,NA,712.724,20.92047554
NEMEIRR,NEMEIRR_203,NEMEIRR_NT100,Zea mays (Corn),4937.90583,18921.56,2007,No Till,None,Yes,765,10.5,202,NA,NA,0,8,NA,NA,712.724,20.92047554
NEMEIRR,NEMEIRR_204,NEMEIRR_DK100,Zea mays (Corn),5116.74923,21424.09,2007,Conventional Till,None,Yes,765,10.5,202,NA,NA,0,8,NA,NA,712.724,20.92047554
NEMEIRR,NEMEIRR_205,NEMEIRR_NT50,Zea mays (Corn),5634.512104,21807.26,2007,No Till,None,Partial,765,10.5,202,NA,NA,0,8,NA,NA,712.724,20.92047554
NEMEIRR,NEMEIRR_206,NEMEIRR_DK50,Zea mays (Corn),5386.50123,21489.51,2007,Conventional Till,None,Partial,765,10.5,202,NA,NA,0,8,NA,NA,712.724,20.92047554
NEMEIRR,NEMEIRR_301,NEMEIRR_DK100,Zea mays (Corn),5884.36634,23658.25,2007,Conventional Till,None,Yes,765,10.5,202,NA,NA,0,8,NA,NA,712.724,20.92047554
NEMEIRR,NEMEIRR_302,NEMEIRR_NT0,Zea mays (Corn),5285.992056,21102.49,2007,No Till,None,No,765,10.5,202,NA,NA,0,8,NA,NA,712.724,20.92047554
NEMEIRR,NEMEIRR_303,NEMEIRR_DK50,Zea mays (Corn),4753.582032,18859.74,2007,Conventional Till,None,Partial,765,10.5,202,NA,NA,0,8,NA,NA,712.724,20.92047554
NEMEIRR,NEMEIRR_304,NEMEIRR_NT50,Zea mays (Corn),3977.588826,19698.12,2007,No Till,None,Partial,765,10.5,202,NA,NA,0,8,NA,NA,712.724,20.92047554
NEMEIRR,NEMEIRR_305,NEMEIRR_DK0,Zea mays (Corn),5521.124361,22726.15,2007,Conventional Till,None,No,765,10.5,202,NA,NA,0,8,NA,NA,712.724,20.92047554
NEMEIRR,NEMEIRR_306,NEMEIRR_NT100,Zea mays (Corn),4831.02354,21457.3,2007,No Till,None,Yes,765,10.5,202,NA,NA,0,8,NA,NA,712.724,20.92047554
NEMEIRR,NEMEIRR_401,NEMEIRR_NT0,Zea mays (Corn),5904.98974,24533.2,2007,No Till,None,No,765,10.5,202,NA,NA,0,8,NA,NA,712.724,20.92047554
NEMEIRR,NEMEIRR_402,NEMEIRR_DK0,Zea mays (Corn),4787.742738,20645.68,2007,Conventional Till,None,No,765,10.5,202,NA,NA,0,8,NA,NA,712.724,20.92047554
NEMEIRR,NEMEIRR_403,NEMEIRR_NT100,Zea mays (Corn),5147.609904,19896.28,2007,No Till,None,Yes,765,10.5,202,NA,NA,0,8,NA,NA,712.724,20.92047554
NEMEIRR,NEMEIRR_404,NEMEIRR_DK100,Zea mays (Corn),4269.727565,18505.66,2007,Conventional Till,None,Yes,765,10.5,202,NA,NA,0,8,NA,NA,712.724,20.92047554
NEMEIRR,NEMEIRR_405,NEMEIRR_NT50,Zea mays (Corn),5414.41368,22222.96,2007,No Till,None,Partial,765,10.5,202,NA,NA,0,8,NA,NA,712.724,20.92047554
NEMEIRR,NEMEIRR_406,NEMEIRR_DK50,Zea mays (Corn),4181.89842,18600.76,2007,Conventional Till,None,Partial,765,10.5,202,NA,NA,0,8,NA,NA,712.724,20.92047554
NEMEIRR,NEMEIRR_501,NEMEIRR_DK100,Zea mays (Corn),4282.98328,18478.38,2007,Conventional Till,None,Yes,765,10.5,202,NA,NA,0,8,NA,NA,712.724,20.92047554
NEMEIRR,NEMEIRR_502,NEMEIRR_NT50,Zea mays (Corn),5643.538556,24168.13,2007,No Till,None,Partial,765,10.5,202,NA,NA,0,8,NA,NA,712.724,20.92047554
NEMEIRR,NEMEIRR_503,NEMEIRR_DK0,Zea mays (Corn),5531.51554,22870.65,2007,Conventional Till,None,No,765,10.5,202,NA,NA,0,8,NA,NA,712.724,20.92047554
NEMEIRR,NEMEIRR_504,NEMEIRR_NT100,Zea mays (Corn),5421.378666,21368.3,2007,No Till,None,Yes,765,10.5,202,NA,NA,0,8,NA,NA,712.724,20.92047554
NEMEIRR,NEMEIRR_505,NEMEIRR_DK50,Zea mays (Corn),4038.51786,16400.94,2007,Conventional Till,None,Partial,765,10.5,202,NA,NA,0,8,NA,NA,712.724,20.92047554
NEMEIRR,NEMEIRR_506,NEMEIRR_NT0,Zea mays (Corn),5694.97259,22662.93,2007,No Till,None,No,765,10.5,202,NA,NA,0,8,NA,NA,712.724,20.92047554
NEMEIRR,NEMEIRR_601,NEMEIRR_DK50,Zea mays (Corn),4941.633216,21176.07,2007,Conventional Till,None,Partial,765,10.5,202,NA,NA,0,8,NA,NA,712.724,20.92047554
NEMEIRR,NEMEIRR_602,NEMEIRR_NT0,Zea mays (Corn),4629.52835,20451.85,2007,No Till,None,No,765,10.5,202,NA,NA,0,8,NA,NA,712.724,20.92047554
NEMEIRR,NEMEIRR_603,NEMEIRR_DK0,Zea mays (Corn),4472.379675,19170.39,2007,Conventional Till,None,No,765,10.5,202,NA,NA,0,8,NA,NA,712.724,20.92047554
NEMEIRR,NEMEIRR_604,NEMEIRR_NT50,Zea mays (Corn),6079.54998,25582.77,2007,No Till,None,Partial,765,10.5,202,NA,NA,0,8,NA,NA,712.724,20.92047554
NEMEIRR,NEMEIRR_605,NEMEIRR_DK100,Zea mays (Corn),4886.898642,21213.3,2007,Conventional Till,None,Yes,765,10.5,202,NA,NA,0,8,NA,NA,712.724,20.92047554
NEMEIRR,NEMEIRR_606,NEMEIRR_NT100,Zea mays (Corn),5059.821003,20158.67,2007,No Till,None,Yes,765,10.5,202,NA,NA,0,8,NA,NA,712.724,20.92047554
NEMEIRR,NEMEIRR_101,NEMEIRR_NT0,Zea mays (Corn),3072.118504,15124.64,2008,No Till,None,No,765,10.5,202,NA,NA,0,8,NA,NA,753.364,19.18572766
NEMEIRR,NEMEIRR_102,NEMEIRR_DK100,Zea mays (Corn),3470.995123,14324.29,2008,Conventional Till,None,Yes,765,10.5,202,NA,NA,0,8,NA,NA,753.364,19.18572766
NEMEIRR,NEMEIRR_103,NEMEIRR_NT50,Zea mays (Corn),3725.408416,15126.06,2008,No Till,None,Partial,765,10.5,202,NA,NA,0,8,NA,NA,753.364,19.18572766
NEMEIRR,NEMEIRR_104,NEMEIRR_DK50,Zea mays (Corn),3384.166404,14759.42,2008,Conventional Till,None,Partial,765,10.5,202,NA,NA,0,8,NA,NA,753.364,19.18572766
NEMEIRR,NEMEIRR_105,NEMEIRR_NT100,Zea mays (Corn),2810.629795,11448.44,2008,No Till,None,Yes,765,10.5,202,NA,NA,0,8,NA,NA,753.364,19.18572766
NEMEIRR,NEMEIRR_106,NEMEIRR_DK0,Zea mays (Corn),4052.232144,16160.35,2008,Conventional Till,None,No,765,10.5,202,NA,NA,0,8,NA,NA,753.364,19.18572766
NEMEIRR,NEMEIRR_201,NEMEIRR_NT0,Zea mays (Corn),3910.12356,16390,2008,No Till,None,No,765,10.5,202,NA,NA,0,8,NA,NA,753.364,19.18572766
NEMEIRR,NEMEIRR_202,NEMEIRR_DK0,Zea mays (Corn),4276.770585,17494.76,2008,Conventional Till,None,No,765,10.5,202,NA,NA,0,8,NA,NA,753.364,19.18572766
NEMEIRR,NEMEIRR_203,NEMEIRR_NT100,Zea mays (Corn),3758.8957,16001.48,2008,No Till,None,Yes,765,10.5,202,NA,NA,0,8,NA,NA,753.364,19.18572766
NEMEIRR,NEMEIRR_204,NEMEIRR_DK100,Zea mays (Corn),3651.401974,16599.02,2008,Conventional Till,None,Yes,765,10.5,202,NA,NA,0,8,NA,NA,753.364,19.18572766
NEMEIRR,NEMEIRR_205,NEMEIRR_NT50,Zea mays (Corn),3801.72819,15829.66,2008,No Till,None,Partial,765,10.5,202,NA,NA,0,8,NA,NA,753.364,19.18572766
NEMEIRR,NEMEIRR_206,NEMEIRR_DK50,Zea mays (Corn),4247.65952,16580.22,2008,Conventional Till,None,Partial,765,10.5,202,NA,NA,0,8,NA,NA,753.364,19.18572766
NEMEIRR,NEMEIRR_301,NEMEIRR_DK100,Zea mays (Corn),4590.251196,19501,2008,Conventional Till,None,Yes,765,10.5,202,NA,NA,0,8,NA,NA,753.364,19.18572766
NEMEIRR,NEMEIRR_302,NEMEIRR_NT0,Zea mays (Corn),3407.98,15004.59,2008,No Till,None,No,765,10.5,202,NA,NA,0,8,NA,NA,753.364,19.18572766
NEMEIRR,NEMEIRR_303,NEMEIRR_DK50,Zea mays (Corn),3878.690706,16964.44,2008,Conventional Till,None,Partial,765,10.5,202,NA,NA,0,8,NA,NA,753.364,19.18572766
NEMEIRR,NEMEIRR_304,NEMEIRR_NT50,Zea mays (Corn),3617.75152,15227.63,2008,No Till,None,Partial,765,10.5,202,NA,NA,0,8,NA,NA,753.364,19.18572766
NEMEIRR,NEMEIRR_305,NEMEIRR_DK0,Zea mays (Corn),4335.141888,17095.32,2008,Conventional Till,None,No,765,10.5,202,NA,NA,0,8,NA,NA,753.364,19.18572766
NEMEIRR,NEMEIRR_306,NEMEIRR_NT100,Zea mays (Corn),4224.786762,16294.33,2008,No Till,None,Yes,765,10.5,202,NA,NA,0,8,NA,NA,753.364,19.18572766
NEMEIRR,NEMEIRR_401,NEMEIRR_NT0,Zea mays (Corn),3104.806935,13196.32,2008,No Till,None,No,765,10.5,202,NA,NA,0,8,NA,NA,753.364,19.18572766
NEMEIRR,NEMEIRR_402,NEMEIRR_DK0,Zea mays (Corn),3824.24538,15954.7,2008,Conventional Till,None,No,765,10.5,202,NA,NA,0,8,NA,NA,753.364,19.18572766
NEMEIRR,NEMEIRR_403,NEMEIRR_NT100,Zea mays (Corn),3316.217243,12984.1,2008,No Till,None,Yes,765,10.5,202,NA,NA,0,8,NA,NA,753.364,19.18572766
NEMEIRR,NEMEIRR_404,NEMEIRR_DK100,Zea mays (Corn),3200.596009,13873.93,2008,Conventional Till,None,Yes,765,10.5,202,NA,NA,0,8,NA,NA,753.364,19.18572766
NEMEIRR,NEMEIRR_405,NEMEIRR_NT50,Zea mays (Corn),2461.896094,10517.12,2008,No Till,None,Partial,765,10.5,202,NA,NA,0,8,NA,NA,753.364,19.18572766
NEMEIRR,NEMEIRR_406,NEMEIRR_DK50,Zea mays (Corn),3705.872815,15662.44,2008,Conventional Till,None,Partial,765,10.5,202,NA,NA,0,8,NA,NA,753.364,19.18572766
NEMEIRR,NEMEIRR_501,NEMEIRR_DK100,Zea mays (Corn),3886.241492,16691.88,2008,Conventional Till,None,Yes,765,10.5,202,NA,NA,0,8,NA,NA,753.364,19.18572766
NEMEIRR,NEMEIRR_502,NEMEIRR_NT50,Zea mays (Corn),4082.948265,16021.37,2008,No Till,None,Partial,765,10.5,202,NA,NA,0,8,NA,NA,753.364,19.18572766
NEMEIRR,NEMEIRR_503,NEMEIRR_DK0,Zea mays (Corn),4643.953542,18826.84,2008,Conventional Till,None,No,765,10.5,202,NA,NA,0,8,NA,NA,753.364,19.18572766
NEMEIRR,NEMEIRR_504,NEMEIRR_NT100,Zea mays (Corn),3300.481184,14682.47,2008,No Till,None,Yes,765,10.5,202,NA,NA,0,8,NA,NA,753.364,19.18572766
NEMEIRR,NEMEIRR_505,NEMEIRR_DK50,Zea mays (Corn),3704.314815,14983.23,2008,Conventional Till,None,Partial,765,10.5,202,NA,NA,0,8,NA,NA,753.364,19.18572766
NEMEIRR,NEMEIRR_506,NEMEIRR_NT0,Zea mays (Corn),3546.961072,14972.26,2008,No Till,None,No,765,10.5,202,NA,NA,0,8,NA,NA,753.364,19.18572766
NEMEIRR,NEMEIRR_601,NEMEIRR_DK50,Zea mays (Corn),3952.643506,16657.42,2008,Conventional Till,None,Partial,765,10.5,202,NA,NA,0,8,NA,NA,753.364,19.18572766
NEMEIRR,NEMEIRR_602,NEMEIRR_NT0,Zea mays (Corn),3120.275724,12883.36,2008,No Till,None,No,765,10.5,202,NA,NA,0,8,NA,NA,753.364,19.18572766
NEMEIRR,NEMEIRR_603,NEMEIRR_DK0,Zea mays (Corn),4670.43125,18363.2,2008,Conventional Till,None,No,765,10.5,202,NA,NA,0,8,NA,NA,753.364,19.18572766
NEMEIRR,NEMEIRR_604,NEMEIRR_NT50,Zea mays (Corn),3404.01213,14441.9,2008,No Till,None,Partial,765,10.5,202,NA,NA,0,8,NA,NA,753.364,19.18572766
NEMEIRR,NEMEIRR_605,NEMEIRR_DK100,Zea mays (Corn),3659.906768,14673.48,2008,Conventional Till,None,Yes,765,10.5,202,NA,NA,0,8,NA,NA,753.364,19.18572766
NEMEIRR,NEMEIRR_606,NEMEIRR_NT100,Zea mays (Corn),3960.59646,15340.21,2008,No Till,None,Yes,765,10.5,202,NA,NA,0,8,NA,NA,753.364,19.18572766
NEMEIRR,NEMEIRR_101,NEMEIRR_NT0,Zea mays (Corn),5016.106368,20911.57,2009,No Till,None,No,765,10.5,202,NA,NA,0,8,NA,NA,505.714,18.11751963
NEMEIRR,NEMEIRR_102,NEMEIRR_DK100,Zea mays (Corn),5585.895138,24223.92,2009,Conventional Till,None,Yes,765,10.5,202,NA,NA,0,8,NA,NA,505.714,18.11751963
NEMEIRR,NEMEIRR_103,NEMEIRR_NT50,Zea mays (Corn),5948.18954,25096.61,2009,No Till,None,Partial,765,10.5,202,NA,NA,0,8,NA,NA,505.714,18.11751963
NEMEIRR,NEMEIRR_104,NEMEIRR_DK50,Zea mays (Corn),5710.878486,23543.43,2009,Conventional Till,None,Partial,765,10.5,202,NA,NA,0,8,NA,NA,505.714,18.11751963
NEMEIRR,NEMEIRR_105,NEMEIRR_NT100,Zea mays (Corn),4921.38237,19797.18,2009,No Till,None,Yes,765,10.5,202,NA,NA,0,8,NA,NA,505.714,18.11751963
NEMEIRR,NEMEIRR_106,NEMEIRR_DK0,Zea mays (Corn),5889.087316,24892.94,2009,Conventional Till,None,No,765,10.5,202,NA,NA,0,8,NA,NA,505.714,18.11751963
NEMEIRR,NEMEIRR_201,NEMEIRR_NT0,Zea mays (Corn),4967.103596,20382.01,2009,No Till,None,No,765,10.5,202,NA,NA,0,8,NA,NA,505.714,18.11751963
NEMEIRR,NEMEIRR_202,NEMEIRR_DK0,Zea mays (Corn),6211.757393,26647.48,2009,Conventional Till,None,No,765,10.5,202,NA,NA,0,8,NA,NA,505.714,18.11751963
NEMEIRR,NEMEIRR_203,NEMEIRR_NT100,Zea mays (Corn),6323.5997,25750.46,2009,No Till,None,Yes,765,10.5,202,NA,NA,0,8,NA,NA,505.714,18.11751963
NEMEIRR,NEMEIRR_204,NEMEIRR_DK100,Zea mays (Corn),6111.729001,25833.14,2009,Conventional Till,None,Yes,765,10.5,202,NA,NA,0,8,NA,NA,505.714,18.11751963
NEMEIRR,NEMEIRR_205,NEMEIRR_NT50,Zea mays (Corn),6183.987898,27490.8,2009,No Till,None,Partial,765,10.5,202,NA,NA,0,8,NA,NA,505.714,18.11751963
NEMEIRR,NEMEIRR_206,NEMEIRR_DK50,Zea mays (Corn),6393.296898,27820.96,2009,Conventional Till,None,Partial,765,10.5,202,NA,NA,0,8,NA,NA,505.714,18.11751963
NEMEIRR,NEMEIRR_301,NEMEIRR_DK100,Zea mays (Corn),6087.33503,23983.35,2009,Conventional Till,None,Yes,765,10.5,202,NA,NA,0,8,NA,NA,505.714,18.11751963
NEMEIRR,NEMEIRR_302,NEMEIRR_NT0,Zea mays (Corn),6037.719402,25807.07,2009,No Till,None,No,765,10.5,202,NA,NA,0,8,NA,NA,505.714,18.11751963
NEMEIRR,NEMEIRR_303,NEMEIRR_DK50,Zea mays (Corn),6330.129372,24985.71,2009,Conventional Till,None,Partial,765,10.5,202,NA,NA,0,8,NA,NA,505.714,18.11751963
NEMEIRR,NEMEIRR_304,NEMEIRR_NT50,Zea mays (Corn),5630.301132,22108.18,2009,No Till,None,Partial,765,10.5,202,NA,NA,0,8,NA,NA,505.714,18.11751963
NEMEIRR,NEMEIRR_305,NEMEIRR_DK0,Zea mays (Corn),5718.372223,22497.59,2009,Conventional Till,None,No,765,10.5,202,NA,NA,0,8,NA,NA,505.714,18.11751963
NEMEIRR,NEMEIRR_306,NEMEIRR_NT100,Zea mays (Corn),6442.326528,26614.45,2009,No Till,None,Yes,765,10.5,202,NA,NA,0,8,NA,NA,505.714,18.11751963
NEMEIRR,NEMEIRR_401,NEMEIRR_NT0,Zea mays (Corn),5210.463049,20308.18,2009,No Till,None,No,765,10.5,202,NA,NA,0,8,NA,NA,505.714,18.11751963
NEMEIRR,NEMEIRR_402,NEMEIRR_DK0,Zea mays (Corn),5758.927776,23214.26,2009,Conventional Till,None,No,765,10.5,202,NA,NA,0,8,NA,NA,505.714,18.11751963
NEMEIRR,NEMEIRR_403,NEMEIRR_NT100,Zea mays (Corn),5570.133016,22980.96,2009,No Till,None,Yes,765,10.5,202,NA,NA,0,8,NA,NA,505.714,18.11751963
NEMEIRR,NEMEIRR_404,NEMEIRR_DK100,Zea mays (Corn),6155.497036,26161.09,2009,Conventional Till,None,Yes,765,10.5,202,NA,NA,0,8,NA,NA,505.714,18.11751963
NEMEIRR,NEMEIRR_405,NEMEIRR_NT50,Zea mays (Corn),6588.822778,27120.11,2009,No Till,None,Partial,765,10.5,202,NA,NA,0,8,NA,NA,505.714,18.11751963
NEMEIRR,NEMEIRR_406,NEMEIRR_DK50,Zea mays (Corn),6125.221284,26098.34,2009,Conventional Till,None,Partial,765,10.5,202,NA,NA,0,8,NA,NA,505.714,18.11751963
NEMEIRR,NEMEIRR_501,NEMEIRR_DK100,Zea mays (Corn),6001.206827,25488.11,2009,Conventional Till,None,Yes,765,10.5,202,NA,NA,0,8,NA,NA,505.714,18.11751963
NEMEIRR,NEMEIRR_502,NEMEIRR_NT50,Zea mays (Corn),7206.610638,30946.11,2009,No Till,None,Partial,765,10.5,202,NA,NA,0,8,NA,NA,505.714,18.11751963
NEMEIRR,NEMEIRR_503,NEMEIRR_DK0,Zea mays (Corn),5375.280388,21260.25,2009,Conventional Till,None,No,765,10.5,202,NA,NA,0,8,NA,NA,505.714,18.11751963
NEMEIRR,NEMEIRR_504,NEMEIRR_NT100,Zea mays (Corn),6062.16653,23356.87,2009,No Till,None,Yes,765,10.5,202,NA,NA,0,8,NA,NA,505.714,18.11751963
NEMEIRR,NEMEIRR_505,NEMEIRR_DK50,Zea mays (Corn),6174.72837,26776.4,2009,Conventional Till,None,Partial,765,10.5,202,NA,NA,0,8,NA,NA,505.714,18.11751963
NEMEIRR,NEMEIRR_506,NEMEIRR_NT0,Zea mays (Corn),5068.141425,18717.05,2009,No Till,None,No,765,10.5,202,NA,NA,0,8,NA,NA,505.714,18.11751963
NEMEIRR,NEMEIRR_601,NEMEIRR_DK50,Zea mays (Corn),5479.196722,21650.45,2009,Conventional Till,None,Partial,765,10.5,202,NA,NA,0,8,NA,NA,505.714,18.11751963
NEMEIRR,NEMEIRR_602,NEMEIRR_NT0,Zea mays (Corn),5623.753752,24132.88,2009,No Till,None,No,765,10.5,202,NA,NA,0,8,NA,NA,505.714,18.11751963
NEMEIRR,NEMEIRR_603,NEMEIRR_DK0,Zea mays (Corn),6189.500394,26630.88,2009,Conventional Till,None,No,765,10.5,202,NA,NA,0,8,NA,NA,505.714,18.11751963
NEMEIRR,NEMEIRR_604,NEMEIRR_NT50,Zea mays (Corn),6106.138839,25494.34,2009,No Till,None,Partial,765,10.5,202,NA,NA,0,8,NA,NA,505.714,18.11751963
NEMEIRR,NEMEIRR_605,NEMEIRR_DK100,Zea mays (Corn),5978.666454,24772.95,2009,Conventional Till,None,Yes,765,10.5,202,NA,NA,0,8,NA,NA,505.714,18.11751963
NEMEIRR,NEMEIRR_606,NEMEIRR_NT100,Zea mays (Corn),6564.618462,27587.63,2009,No Till,None,Yes,765,10.5,202,NA,NA,0,8,NA,NA,505.714,18.11751963
NEMEIRR,NEMEIRR_101,NEMEIRR_NT0,Zea mays (Corn),4198.79794,18712.56,2010,No Till,None,No,765,10.5,202,NA,NA,0,8,NA,NA,742.442,20.09964825
NEMEIRR,NEMEIRR_102,NEMEIRR_DK100,Zea mays (Corn),5466.545088,23106.45,2010,Conventional Till,None,Yes,765,10.5,202,NA,NA,0,8,NA,NA,742.442,20.09964825
NEMEIRR,NEMEIRR_103,NEMEIRR_NT50,Zea mays (Corn),4347.681288,17227.12,2010,No Till,None,Partial,765,10.5,202,NA,NA,0,8,NA,NA,742.442,20.09964825
NEMEIRR,NEMEIRR_104,NEMEIRR_DK50,Zea mays (Corn),5906.623596,23940.66,2010,Conventional Till,None,Partial,765,10.5,202,NA,NA,0,8,NA,NA,742.442,20.09964825
NEMEIRR,NEMEIRR_105,NEMEIRR_NT100,Zea mays (Corn),4803.284068,18867.08,2010,No Till,None,Yes,765,10.5,202,NA,NA,0,8,NA,NA,742.442,20.09964825
NEMEIRR,NEMEIRR_106,NEMEIRR_DK0,Zea mays (Corn),4707.399654,20544.28,2010,Conventional Till,None,No,765,10.5,202,NA,NA,0,8,NA,NA,742.442,20.09964825
NEMEIRR,NEMEIRR_201,NEMEIRR_NT0,Zea mays (Corn),4295.561007,18136.34,2010,No Till,None,No,765,10.5,202,NA,NA,0,8,NA,NA,742.442,20.09964825
NEMEIRR,NEMEIRR_202,NEMEIRR_DK0,Zea mays (Corn),4074.131109,18100.39,2010,Conventional Till,None,No,765,10.5,202,NA,NA,0,8,NA,NA,742.442,20.09964825
NEMEIRR,NEMEIRR_203,NEMEIRR_NT100,Zea mays (Corn),4973.095296,21567.05,2010,No Till,None,Yes,765,10.5,202,NA,NA,0,8,NA,NA,742.442,20.09964825
NEMEIRR,NEMEIRR_204,NEMEIRR_DK100,Zea mays (Corn),5606.908278,23120.29,2010,Conventional Till,None,Yes,765,10.5,202,NA,NA,0,8,NA,NA,742.442,20.09964825
NEMEIRR,NEMEIRR_205,NEMEIRR_NT50,Zea mays (Corn),4114.438478,18914.75,2010,No Till,None,Partial,765,10.5,202,NA,NA,0,8,NA,NA,742.442,20.09964825
NEMEIRR,NEMEIRR_206,NEMEIRR_DK50,Zea mays (Corn),4569.458675,19622.35,2010,Conventional Till,None,Partial,765,10.5,202,NA,NA,0,8,NA,NA,742.442,20.09964825
NEMEIRR,NEMEIRR_301,NEMEIRR_DK100,Zea mays (Corn),5271.551824,21974.09,2010,Conventional Till,None,Yes,765,10.5,202,NA,NA,0,8,NA,NA,742.442,20.09964825
NEMEIRR,NEMEIRR_302,NEMEIRR_NT0,Zea mays (Corn),4284.798708,17550.11,2010,No Till,None,No,765,10.5,202,NA,NA,0,8,NA,NA,742.442,20.09964825
NEMEIRR,NEMEIRR_303,NEMEIRR_DK50,Zea mays (Corn),5355.382026,21877.3,2010,Conventional Till,None,Partial,765,10.5,202,NA,NA,0,8,NA,NA,742.442,20.09964825
NEMEIRR,NEMEIRR_304,NEMEIRR_NT50,Zea mays (Corn),4896.270438,19891.51,2010,No Till,None,Partial,765,10.5,202,NA,NA,0,8,NA,NA,742.442,20.09964825
NEMEIRR,NEMEIRR_305,NEMEIRR_DK0,Zea mays (Corn),5103.4293,21338.97,2010,Conventional Till,None,No,765,10.5,202,NA,NA,0,8,NA,NA,742.442,20.09964825
NEMEIRR,NEMEIRR_306,NEMEIRR_NT100,Zea mays (Corn),5432.133267,23744.29,2010,No Till,None,Yes,765,10.5,202,NA,NA,0,8,NA,NA,742.442,20.09964825
NEMEIRR,NEMEIRR_401,NEMEIRR_NT0,Zea mays (Corn),4549.9635,20281.04,2010,No Till,None,No,765,10.5,202,NA,NA,0,8,NA,NA,742.442,20.09964825
NEMEIRR,NEMEIRR_402,NEMEIRR_DK0,Zea mays (Corn),5238.279543,22882.56,2010,Conventional Till,None,No,765,10.5,202,NA,NA,0,8,NA,NA,742.442,20.09964825
NEMEIRR,NEMEIRR_403,NEMEIRR_NT100,Zea mays (Corn),4241.605225,17586.06,2010,No Till,None,Yes,765,10.5,202,NA,NA,0,8,NA,NA,742.442,20.09964825
NEMEIRR,NEMEIRR_404,NEMEIRR_DK100,Zea mays (Corn),6188.868072,25744.34,2010,Conventional Till,None,Yes,765,10.5,202,NA,NA,0,8,NA,NA,742.442,20.09964825
NEMEIRR,NEMEIRR_405,NEMEIRR_NT50,Zea mays (Corn),4981.641852,21757.29,2010,No Till,None,Partial,765,10.5,202,NA,NA,0,8,NA,NA,742.442,20.09964825
NEMEIRR,NEMEIRR_406,NEMEIRR_DK50,Zea mays (Corn),5514.6168,24090.85,2010,Conventional Till,None,Partial,765,10.5,202,NA,NA,0,8,NA,NA,742.442,20.09964825
NEMEIRR,NEMEIRR_501,NEMEIRR_DK100,Zea mays (Corn),5120.328798,21460.55,2010,Conventional Till,None,Yes,765,10.5,202,NA,NA,0,8,NA,NA,742.442,20.09964825
NEMEIRR,NEMEIRR_502,NEMEIRR_NT50,Zea mays (Corn),5518.2299,23000.22,2010,No Till,None,Partial,765,10.5,202,NA,NA,0,8,NA,NA,742.442,20.09964825
NEMEIRR,NEMEIRR_503,NEMEIRR_DK0,Zea mays (Corn),5390.07369,23533.04,2010,Conventional Till,None,No,765,10.5,202,NA,NA,0,8,NA,NA,742.442,20.09964825
NEMEIRR,NEMEIRR_504,NEMEIRR_NT100,Zea mays (Corn),4598.296943,18918.61,2010,No Till,None,Yes,765,10.5,202,NA,NA,0,8,NA,NA,742.442,20.09964825
NEMEIRR,NEMEIRR_505,NEMEIRR_DK50,Zea mays (Corn),4760.90313,19734.6,2010,Conventional Till,None,Partial,765,10.5,202,NA,NA,0,8,NA,NA,742.442,20.09964825
NEMEIRR,NEMEIRR_506,NEMEIRR_NT0,Zea mays (Corn),4697.523872,20095.66,2010,No Till,None,No,765,10.5,202,NA,NA,0,8,NA,NA,742.442,20.09964825
NEMEIRR,NEMEIRR_601,NEMEIRR_DK50,Zea mays (Corn),4356.071235,17774.25,2010,Conventional Till,None,Partial,765,10.5,202,NA,NA,0,8,NA,NA,742.442,20.09964825
NEMEIRR,NEMEIRR_602,NEMEIRR_NT0,Zea mays (Corn),4074.6433,19890.56,2010,No Till,None,No,765,10.5,202,NA,NA,0,8,NA,NA,742.442,20.09964825
NEMEIRR,NEMEIRR_603,NEMEIRR_DK0,Zea mays (Corn),5243.796688,21314.11,2010,Conventional Till,None,No,765,10.5,202,NA,NA,0,8,NA,NA,742.442,20.09964825
NEMEIRR,NEMEIRR_604,NEMEIRR_NT50,Zea mays (Corn),4715.926488,20347.37,2010,No Till,None,Partial,765,10.5,202,NA,NA,0,8,NA,NA,742.442,20.09964825
NEMEIRR,NEMEIRR_605,NEMEIRR_DK100,Zea mays (Corn),4920.58763,20933.2,2010,Conventional Till,None,Yes,765,10.5,202,NA,NA,0,8,NA,NA,742.442,20.09964825
NEMEIRR,NEMEIRR_606,NEMEIRR_NT100,Zea mays (Corn),4616.0712,20050.1,2010,No Till,None,Yes,765,10.5,202,NA,NA,0,8,NA,NA,742.442,20.09964825
NEMEIRR,NEMEIRR_101,NEMEIRR_NT0,Zea mays (Corn),3963.8,17733.81,2011,No Till,None,No,765,10.5,202,NA,NA,0,8,NA,NA,556.006,19.43101902
NEMEIRR,NEMEIRR_102,NEMEIRR_DK100,Zea mays (Corn),3744.93,17037.53,2011,Conventional Till,None,Yes,765,10.5,202,NA,NA,0,8,NA,NA,556.006,19.43101902
NEMEIRR,NEMEIRR_103,NEMEIRR_NT50,Zea mays (Corn),4462.67,19440.3,2011,No Till,None,Partial,765,10.5,202,NA,NA,0,8,NA,NA,556.006,19.43101902
NEMEIRR,NEMEIRR_104,NEMEIRR_DK50,Zea mays (Corn),4526.85,20875.95,2011,Conventional Till,None,Partial,765,10.5,202,NA,NA,0,8,NA,NA,556.006,19.43101902
NEMEIRR,NEMEIRR_105,NEMEIRR_NT100,Zea mays (Corn),5152.1,22068.59,2011,No Till,None,Yes,765,10.5,202,NA,NA,0,8,NA,NA,556.006,19.43101902
NEMEIRR,NEMEIRR_106,NEMEIRR_DK0,Zea mays (Corn),3800.33,18139.73,2011,Conventional Till,None,No,765,10.5,202,NA,NA,0,8,NA,NA,556.006,19.43101902
NEMEIRR,NEMEIRR_201,NEMEIRR_NT0,Zea mays (Corn),4049.49,18067.73,2011,No Till,None,No,765,10.5,202,NA,NA,0,8,NA,NA,556.006,19.43101902
NEMEIRR,NEMEIRR_202,NEMEIRR_DK0,Zea mays (Corn),3800.75,20250.12,2011,Conventional Till,None,No,765,10.5,202,NA,NA,0,8,NA,NA,556.006,19.43101902
NEMEIRR,NEMEIRR_203,NEMEIRR_NT100,Zea mays (Corn),4355.99,19273.68,2011,No Till,None,Yes,765,10.5,202,NA,NA,0,8,NA,NA,556.006,19.43101902
NEMEIRR,NEMEIRR_204,NEMEIRR_DK100,Zea mays (Corn),4346.88,20669.31,2011,Conventional Till,None,Yes,765,10.5,202,NA,NA,0,8,NA,NA,556.006,19.43101902
NEMEIRR,NEMEIRR_205,NEMEIRR_NT50,Zea mays (Corn),3833.22,18101.18,2011,No Till,None,Partial,765,10.5,202,NA,NA,0,8,NA,NA,556.006,19.43101902
NEMEIRR,NEMEIRR_206,NEMEIRR_DK50,Zea mays (Corn),4326.27,21552.06,2011,Conventional Till,None,Partial,765,10.5,202,NA,NA,0,8,NA,NA,556.006,19.43101902
NEMEIRR,NEMEIRR_301,NEMEIRR_DK100,Zea mays (Corn),3343.3,15855.23,2011,Conventional Till,None,Yes,765,10.5,202,NA,NA,0,8,NA,NA,556.006,19.43101902
NEMEIRR,NEMEIRR_302,NEMEIRR_NT0,Zea mays (Corn),3770.22,19012.01,2011,No Till,None,No,765,10.5,202,NA,NA,0,8,NA,NA,556.006,19.43101902
NEMEIRR,NEMEIRR_303,NEMEIRR_DK50,Zea mays (Corn),4314.73,18755.52,2011,Conventional Till,None,Partial,765,10.5,202,NA,NA,0,8,NA,NA,556.006,19.43101902
NEMEIRR,NEMEIRR_304,NEMEIRR_NT50,Zea mays (Corn),4161.24,18705.98,2011,No Till,None,Partial,765,10.5,202,NA,NA,0,8,NA,NA,556.006,19.43101902
NEMEIRR,NEMEIRR_305,NEMEIRR_DK0,Zea mays (Corn),4309.99,19135.74,2011,Conventional Till,None,No,765,10.5,202,NA,NA,0,8,NA,NA,556.006,19.43101902
NEMEIRR,NEMEIRR_306,NEMEIRR_NT100,Zea mays (Corn),4522.03,20594.89,2011,No Till,None,Yes,765,10.5,202,NA,NA,0,8,NA,NA,556.006,19.43101902
NEMEIRR,NEMEIRR_401,NEMEIRR_NT0,Zea mays (Corn),4007.57,17434.36,2011,No Till,None,No,765,10.5,202,NA,NA,0,8,NA,NA,556.006,19.43101902
NEMEIRR,NEMEIRR_402,NEMEIRR_DK0,Zea mays (Corn),4257.04,19547.1,2011,Conventional Till,None,No,765,10.5,202,NA,NA,0,8,NA,NA,556.006,19.43101902
NEMEIRR,NEMEIRR_403,NEMEIRR_NT100,Zea mays (Corn),4250.22,19052.81,2011,No Till,None,Yes,765,10.5,202,NA,NA,0,8,NA,NA,556.006,19.43101902
NEMEIRR,NEMEIRR_404,NEMEIRR_DK100,Zea mays (Corn),4184.7,19693.55,2011,Conventional Till,None,Yes,765,10.5,202,NA,NA,0,8,NA,NA,556.006,19.43101902
NEMEIRR,NEMEIRR_405,NEMEIRR_NT50,Zea mays (Corn),5149.77,22964.76,2011,No Till,None,Partial,765,10.5,202,NA,NA,0,8,NA,NA,556.006,19.43101902
NEMEIRR,NEMEIRR_406,NEMEIRR_DK50,Zea mays (Corn),4599.64,20091.79,2011,Conventional Till,None,Partial,765,10.5,202,NA,NA,0,8,NA,NA,556.006,19.43101902
NEMEIRR,NEMEIRR_501,NEMEIRR_DK100,Zea mays (Corn),3916.58,19439.31,2011,Conventional Till,None,Yes,765,10.5,202,NA,NA,0,8,NA,NA,556.006,19.43101902
NEMEIRR,NEMEIRR_502,NEMEIRR_NT50,Zea mays (Corn),3872.41,18224.63,2011,No Till,None,Partial,765,10.5,202,NA,NA,0,8,NA,NA,556.006,19.43101902
NEMEIRR,NEMEIRR_503,NEMEIRR_DK0,Zea mays (Corn),4437.85,19899.41,2011,Conventional Till,None,No,765,10.5,202,NA,NA,0,8,NA,NA,556.006,19.43101902
NEMEIRR,NEMEIRR_504,NEMEIRR_NT100,Zea mays (Corn),3988.37,18497.58,2011,No Till,None,Yes,765,10.5,202,NA,NA,0,8,NA,NA,556.006,19.43101902
NEMEIRR,NEMEIRR_505,NEMEIRR_DK50,Zea mays (Corn),5010.06,22102.04,2011,Conventional Till,None,Partial,765,10.5,202,NA,NA,0,8,NA,NA,556.006,19.43101902
NEMEIRR,NEMEIRR_506,NEMEIRR_NT0,Zea mays (Corn),3866.36,17073.29,2011,No Till,None,No,765,10.5,202,NA,NA,0,8,NA,NA,556.006,19.43101902
NEMEIRR,NEMEIRR_601,NEMEIRR_DK50,Zea mays (Corn),4277.54,18424.21,2011,Conventional Till,None,Partial,765,10.5,202,NA,NA,0,8,NA,NA,556.006,19.43101902
NEMEIRR,NEMEIRR_602,NEMEIRR_NT0,Zea mays (Corn),4851.51,20258.01,2011,No Till,None,No,765,10.5,202,NA,NA,0,8,NA,NA,556.006,19.43101902
NEMEIRR,NEMEIRR_603,NEMEIRR_DK0,Zea mays (Corn),3497.9,16270.98,2011,Conventional Till,None,No,765,10.5,202,NA,NA,0,8,NA,NA,556.006,19.43101902
NEMEIRR,NEMEIRR_604,NEMEIRR_NT50,Zea mays (Corn),4427.59,19464.2,2011,No Till,None,Partial,765,10.5,202,NA,NA,0,8,NA,NA,556.006,19.43101902
NEMEIRR,NEMEIRR_605,NEMEIRR_DK100,Zea mays (Corn),4369.69,21189.44,2011,Conventional Till,None,Yes,765,10.5,202,NA,NA,0,8,NA,NA,556.006,19.43101902
NEMEIRR,NEMEIRR_606,NEMEIRR_NT100,Zea mays (Corn),4089.73,18402.85,2011,No Till,None,Yes,765,10.5,202,NA,NA,0,8,NA,NA,556.006,19.43101902
NEMEIRR,NEMEIRR_101,NEMEIRR_NT0,Zea mays (Corn),2950.73,16918.92,2012,No Till,None,No,765,10.5,202,NA,NA,0,8,NA,NA,258.5466,20.43980827
NEMEIRR,NEMEIRR_102,NEMEIRR_DK100,Zea mays (Corn),4316.95,17257.48,2012,Conventional Till,None,Yes,765,10.5,202,NA,NA,0,8,NA,NA,258.5466,20.43980827
NEMEIRR,NEMEIRR_103,NEMEIRR_NT50,Zea mays (Corn),4794.12,21080.25,2012,No Till,None,Partial,765,10.5,202,NA,NA,0,8,NA,NA,258.5466,20.43980827
NEMEIRR,NEMEIRR_104,NEMEIRR_DK50,Zea mays (Corn),4775.79,20051.41,2012,Conventional Till,None,Partial,765,10.5,202,NA,NA,0,8,NA,NA,258.5466,20.43980827
NEMEIRR,NEMEIRR_105,NEMEIRR_NT100,Zea mays (Corn),5430.76,23618.45,2012,No Till,None,Yes,765,10.5,202,NA,NA,0,8,NA,NA,258.5466,20.43980827
NEMEIRR,NEMEIRR_106,NEMEIRR_DK0,Zea mays (Corn),4951.79,21913.27,2012,Conventional Till,None,No,765,10.5,202,NA,NA,0,8,NA,NA,258.5466,20.43980827
NEMEIRR,NEMEIRR_201,NEMEIRR_NT0,Zea mays (Corn),3927.35,18337.48,2012,No Till,None,No,765,10.5,202,NA,NA,0,8,NA,NA,258.5466,20.43980827
NEMEIRR,NEMEIRR_202,NEMEIRR_DK0,Zea mays (Corn),4255.52,19829.67,2012,Conventional Till,None,No,765,10.5,202,NA,NA,0,8,NA,NA,258.5466,20.43980827
NEMEIRR,NEMEIRR_203,NEMEIRR_NT100,Zea mays (Corn),3525.19,14997.52,2012,No Till,None,Yes,765,10.5,202,NA,NA,0,8,NA,NA,258.5466,20.43980827
NEMEIRR,NEMEIRR_204,NEMEIRR_DK100,Zea mays (Corn),2514.53,13100.23,2012,Conventional Till,None,Yes,765,10.5,202,NA,NA,0,8,NA,NA,258.5466,20.43980827
NEMEIRR,NEMEIRR_205,NEMEIRR_NT50,Zea mays (Corn),3552.33,15609.43,2012,No Till,None,Partial,765,10.5,202,NA,NA,0,8,NA,NA,258.5466,20.43980827
NEMEIRR,NEMEIRR_206,NEMEIRR_DK50,Zea mays (Corn),3011.25,11953.74,2012,Conventional Till,None,Partial,765,10.5,202,NA,NA,0,8,NA,NA,258.5466,20.43980827
NEMEIRR,NEMEIRR_301,NEMEIRR_DK100,Zea mays (Corn),4370.01,16270.4,2012,Conventional Till,None,Yes,765,10.5,202,NA,NA,0,8,NA,NA,258.5466,20.43980827
NEMEIRR,NEMEIRR_302,NEMEIRR_NT0,Zea mays (Corn),4068.64,21123.5,2012,No Till,None,No,765,10.5,202,NA,NA,0,8,NA,NA,258.5466,20.43980827
NEMEIRR,NEMEIRR_303,NEMEIRR_DK50,Zea mays (Corn),4749.28,16859.98,2012,Conventional Till,None,Partial,765,10.5,202,NA,NA,0,8,NA,NA,258.5466,20.43980827
NEMEIRR,NEMEIRR_304,NEMEIRR_NT50,Zea mays (Corn),4378.08,18624.76,2012,No Till,None,Partial,765,10.5,202,NA,NA,0,8,NA,NA,258.5466,20.43980827
NEMEIRR,NEMEIRR_305,NEMEIRR_DK0,Zea mays (Corn),4863.02,21121.29,2012,Conventional Till,None,No,765,10.5,202,NA,NA,0,8,NA,NA,258.5466,20.43980827
NEMEIRR,NEMEIRR_306,NEMEIRR_NT100,Zea mays (Corn),1219.92,9949.64,2012,No Till,None,Yes,765,10.5,202,NA,NA,0,8,NA,NA,258.5466,20.43980827
NEMEIRR,NEMEIRR_401,NEMEIRR_NT0,Zea mays (Corn),4754.57,21985.43,2012,No Till,None,No,765,10.5,202,NA,NA,0,8,NA,NA,258.5466,20.43980827
NEMEIRR,NEMEIRR_402,NEMEIRR_DK0,Zea mays (Corn),4499.02,19028.58,2012,Conventional Till,None,No,765,10.5,202,NA,NA,0,8,NA,NA,258.5466,20.43980827
NEMEIRR,NEMEIRR_403,NEMEIRR_NT100,Zea mays (Corn),3973.59,17748.94,2012,No Till,None,Yes,765,10.5,202,NA,NA,0,8,NA,NA,258.5466,20.43980827
NEMEIRR,NEMEIRR_404,NEMEIRR_DK100,Zea mays (Corn),2896.71,12805.31,2012,Conventional Till,None,Yes,765,10.5,202,NA,NA,0,8,NA,NA,258.5466,20.43980827
NEMEIRR,NEMEIRR_405,NEMEIRR_NT50,Zea mays (Corn),2857.32,15744.34,2012,No Till,None,Partial,765,10.5,202,NA,NA,0,8,NA,NA,258.5466,20.43980827
NEMEIRR,NEMEIRR_406,NEMEIRR_DK50,Zea mays (Corn),2866.5,14492.05,2012,Conventional Till,None,Partial,765,10.5,202,NA,NA,0,8,NA,NA,258.5466,20.43980827
NEMEIRR,NEMEIRR_501,NEMEIRR_DK100,Zea mays (Corn),4788.97,19542.66,2012,Conventional Till,None,Yes,765,10.5,202,NA,NA,0,8,NA,NA,258.5466,20.43980827
NEMEIRR,NEMEIRR_502,NEMEIRR_NT50,Zea mays (Corn),4086.71,18070.42,2012,No Till,None,Partial,765,10.5,202,NA,NA,0,8,NA,NA,258.5466,20.43980827
NEMEIRR,NEMEIRR_503,NEMEIRR_DK0,Zea mays (Corn),4898.15,20972.5,2012,Conventional Till,None,No,765,10.5,202,NA,NA,0,8,NA,NA,258.5466,20.43980827
NEMEIRR,NEMEIRR_504,NEMEIRR_NT100,Zea mays (Corn),4586.79,21920.92,2012,No Till,None,Yes,765,10.5,202,NA,NA,0,8,NA,NA,258.5466,20.43980827
NEMEIRR,NEMEIRR_505,NEMEIRR_DK50,Zea mays (Corn),5486.52,24253.17,2012,Conventional Till,None,Partial,765,10.5,202,NA,NA,0,8,NA,NA,258.5466,20.43980827
NEMEIRR,NEMEIRR_506,NEMEIRR_NT0,Zea mays (Corn),3253.38,16464.44,2012,No Till,None,No,765,10.5,202,NA,NA,0,8,NA,NA,258.5466,20.43980827
NEMEIRR,NEMEIRR_601,NEMEIRR_DK50,Zea mays (Corn),5935.63,26036.18,2012,Conventional Till,None,Partial,765,10.5,202,NA,NA,0,8,NA,NA,258.5466,20.43980827
NEMEIRR,NEMEIRR_602,NEMEIRR_NT0,Zea mays (Corn),2256.87,11714.15,2012,No Till,None,No,765,10.5,202,NA,NA,0,8,NA,NA,258.5466,20.43980827
NEMEIRR,NEMEIRR_603,NEMEIRR_DK0,Zea mays (Corn),5593.39,23170.87,2012,Conventional Till,None,No,765,10.5,202,NA,NA,0,8,NA,NA,258.5466,20.43980827
NEMEIRR,NEMEIRR_604,NEMEIRR_NT50,Zea mays (Corn),4624.21,20261.09,2012,No Till,None,Partial,765,10.5,202,NA,NA,0,8,NA,NA,258.5466,20.43980827
NEMEIRR,NEMEIRR_605,NEMEIRR_DK100,Zea mays (Corn),3822.31,15691.96,2012,Conventional Till,None,Yes,765,10.5,202,NA,NA,0,8,NA,NA,258.5466,20.43980827
NEMEIRR,NEMEIRR_606,NEMEIRR_NT100,Zea mays (Corn),3218.57,17370.62,2012,No Till,None,Yes,765,10.5,202,NA,NA,0,8,NA,NA,258.5466,20.43980827
NEMEIRR,NEMEIRR_101,NEMEIRR_NT0,Zea mays (Corn),4312.127519,19126.9,2013,No Till,None,No,765,10.5,202,NA,NA,0,8,NA,NA,501.8532,19.42133454
NEMEIRR,NEMEIRR_102,NEMEIRR_DK100,Zea mays (Corn),5142.311122,22294.76,2013,Conventional Till,None,Yes,765,10.5,202,NA,NA,0,8,NA,NA,501.8532,19.42133454
NEMEIRR,NEMEIRR_103,NEMEIRR_NT50,Zea mays (Corn),4933.757654,21252.89,2013,No Till,None,Partial,765,10.5,202,NA,NA,0,8,NA,NA,501.8532,19.42133454
NEMEIRR,NEMEIRR_104,NEMEIRR_DK50,Zea mays (Corn),4307.760354,18750.81,2013,Conventional Till,None,Partial,765,10.5,202,NA,NA,0,8,NA,NA,501.8532,19.42133454
NEMEIRR,NEMEIRR_105,NEMEIRR_NT100,Zea mays (Corn),4581.094426,19568.61,2013,No Till,None,Yes,765,10.5,202,NA,NA,0,8,NA,NA,501.8532,19.42133454
NEMEIRR,NEMEIRR_106,NEMEIRR_DK0,Zea mays (Corn),4488.187966,19345.53,2013,Conventional Till,None,No,765,10.5,202,NA,NA,0,8,NA,NA,501.8532,19.42133454
NEMEIRR,NEMEIRR_201,NEMEIRR_NT0,Zea mays (Corn),5061.394627,22491.27,2013,No Till,None,No,765,10.5,202,NA,NA,0,8,NA,NA,501.8532,19.42133454
NEMEIRR,NEMEIRR_202,NEMEIRR_DK0,Zea mays (Corn),4899.159772,23459.89,2013,Conventional Till,None,No,765,10.5,202,NA,NA,0,8,NA,NA,501.8532,19.42133454
NEMEIRR,NEMEIRR_203,NEMEIRR_NT100,Zea mays (Corn),5391.952702,25175.52,2013,No Till,None,Yes,765,10.5,202,NA,NA,0,8,NA,NA,501.8532,19.42133454
NEMEIRR,NEMEIRR_204,NEMEIRR_DK100,Zea mays (Corn),4603.405487,19741.11,2013,Conventional Till,None,Yes,765,10.5,202,NA,NA,0,8,NA,NA,501.8532,19.42133454
NEMEIRR,NEMEIRR_205,NEMEIRR_NT50,Zea mays (Corn),4330.099247,17136.48,2013,No Till,None,Partial,765,10.5,202,NA,NA,0,8,NA,NA,501.8532,19.42133454
NEMEIRR,NEMEIRR_206,NEMEIRR_DK50,Zea mays (Corn),4770.92888,21518.96,2013,Conventional Till,None,Partial,765,10.5,202,NA,NA,0,8,NA,NA,501.8532,19.42133454
NEMEIRR,NEMEIRR_301,NEMEIRR_DK100,Zea mays (Corn),5247.748386,22939.34,2013,Conventional Till,None,Yes,765,10.5,202,NA,NA,0,8,NA,NA,501.8532,19.42133454
NEMEIRR,NEMEIRR_302,NEMEIRR_NT0,Zea mays (Corn),5202.914578,22620.54,2013,No Till,None,No,765,10.5,202,NA,NA,0,8,NA,NA,501.8532,19.42133454
NEMEIRR,NEMEIRR_303,NEMEIRR_DK50,Zea mays (Corn),4076.004834,18461.88,2013,Conventional Till,None,Partial,765,10.5,202,NA,NA,0,8,NA,NA,501.8532,19.42133454
NEMEIRR,NEMEIRR_304,NEMEIRR_NT50,Zea mays (Corn),4310.37817,18737.86,2013,No Till,None,Partial,765,10.5,202,NA,NA,0,8,NA,NA,501.8532,19.42133454
NEMEIRR,NEMEIRR_305,NEMEIRR_DK0,Zea mays (Corn),4627.123541,20782.25,2013,Conventional Till,None,No,765,10.5,202,NA,NA,0,8,NA,NA,501.8532,19.42133454
NEMEIRR,NEMEIRR_306,NEMEIRR_NT100,Zea mays (Corn),4221.377203,18487.89,2013,No Till,None,Yes,765,10.5,202,NA,NA,0,8,NA,NA,501.8532,19.42133454
NEMEIRR,NEMEIRR_401,NEMEIRR_NT0,Zea mays (Corn),4878.295996,21823.8,2013,No Till,None,No,765,10.5,202,NA,NA,0,8,NA,NA,501.8532,19.42133454
NEMEIRR,NEMEIRR_402,NEMEIRR_DK0,Zea mays (Corn),4393.487685,20972.1,2013,Conventional Till,None,No,765,10.5,202,NA,NA,0,8,NA,NA,501.8532,19.42133454
NEMEIRR,NEMEIRR_403,NEMEIRR_NT100,Zea mays (Corn),3998.370701,16013.48,2013,No Till,None,Yes,765,10.5,202,NA,NA,0,8,NA,NA,501.8532,19.42133454
NEMEIRR,NEMEIRR_404,NEMEIRR_DK100,Zea mays (Corn),4320.082726,18648.1,2013,Conventional Till,None,Yes,765,10.5,202,NA,NA,0,8,NA,NA,501.8532,19.42133454
NEMEIRR,NEMEIRR_405,NEMEIRR_NT50,Zea mays (Corn),3997.341808,18411.6,2013,No Till,None,Partial,765,10.5,202,NA,NA,0,8,NA,NA,501.8532,19.42133454
NEMEIRR,NEMEIRR_406,NEMEIRR_DK50,Zea mays (Corn),3274.724239,14521.7,2013,Conventional Till,None,Partial,765,10.5,202,NA,NA,0,8,NA,NA,501.8532,19.42133454
NEMEIRR,NEMEIRR_501,NEMEIRR_DK100,Zea mays (Corn),4882.434003,20878.72,2013,Conventional Till,None,Yes,765,10.5,202,NA,NA,0,8,NA,NA,501.8532,19.42133454
NEMEIRR,NEMEIRR_502,NEMEIRR_NT50,Zea mays (Corn),4380.21623,12419.09,2013,No Till,None,Partial,765,10.5,202,NA,NA,0,8,NA,NA,501.8532,19.42133454
NEMEIRR,NEMEIRR_503,NEMEIRR_DK0,Zea mays (Corn),4134.562476,20681.37,2013,Conventional Till,None,No,765,10.5,202,NA,NA,0,8,NA,NA,501.8532,19.42133454
NEMEIRR,NEMEIRR_504,NEMEIRR_NT100,Zea mays (Corn),3906.363907,17742.82,2013,No Till,None,Yes,765,10.5,202,NA,NA,0,8,NA,NA,501.8532,19.42133454
NEMEIRR,NEMEIRR_505,NEMEIRR_DK50,Zea mays (Corn),4810.857985,20867.25,2013,Conventional Till,None,Partial,765,10.5,202,NA,NA,0,8,NA,NA,501.8532,19.42133454
NEMEIRR,NEMEIRR_506,NEMEIRR_NT0,Zea mays (Corn),3897.731348,19067.24,2013,No Till,None,No,765,10.5,202,NA,NA,0,8,NA,NA,501.8532,19.42133454
NEMEIRR,NEMEIRR_601,NEMEIRR_DK50,Zea mays (Corn),5042.386598,22313.55,2013,Conventional Till,None,Partial,765,10.5,202,NA,NA,0,8,NA,NA,501.8532,19.42133454
NEMEIRR,NEMEIRR_602,NEMEIRR_NT0,Zea mays (Corn),4096.145346,17876.12,2013,No Till,None,No,765,10.5,202,NA,NA,0,8,NA,NA,501.8532,19.42133454
NEMEIRR,NEMEIRR_603,NEMEIRR_DK0,Zea mays (Corn),4997.210841,21812.03,2013,Conventional Till,None,No,765,10.5,202,NA,NA,0,8,NA,NA,501.8532,19.42133454
NEMEIRR,NEMEIRR_604,NEMEIRR_NT50,Zea mays (Corn),4129.339334,18337.91,2013,No Till,None,Partial,765,10.5,202,NA,NA,0,8,NA,NA,501.8532,19.42133454
NEMEIRR,NEMEIRR_605,NEMEIRR_DK100,Zea mays (Corn),5192.835783,22092.7,2013,Conventional Till,None,Yes,765,10.5,202,NA,NA,0,8,NA,NA,501.8532,19.42133454
NEMEIRR,NEMEIRR_606,NEMEIRR_NT100,Zea mays (Corn),3353.381896,14739.4,2013,No Till,None,Yes,765,10.5,202,NA,NA,0,8,NA,NA,501.8532,19.42133454
NEMEIRR,NEMEIRR_101,NEMEIRR_NT0,Zea mays (Corn),4105.2,16952,2014,No Till,None,No,765,10.5,202,NA,NA,0,8,NA,NA,687.7304,18.99647796
NEMEIRR,NEMEIRR_102,NEMEIRR_DK100,Zea mays (Corn),4881.1,17794.7,2014,Conventional Till,None,Yes,765,10.5,202,NA,NA,0,8,NA,NA,687.7304,18.99647796
NEMEIRR,NEMEIRR_103,NEMEIRR_NT50,Zea mays (Corn),5174.3,19499,2014,No Till,None,Partial,765,10.5,202,NA,NA,0,8,NA,NA,687.7304,18.99647796
NEMEIRR,NEMEIRR_104,NEMEIRR_DK50,Zea mays (Corn),5396,19641.4,2014,Conventional Till,None,Partial,765,10.5,202,NA,NA,0,8,NA,NA,687.7304,18.99647796
NEMEIRR,NEMEIRR_105,NEMEIRR_NT100,Zea mays (Corn),4942.5,18733.3,2014,No Till,None,Yes,765,10.5,202,NA,NA,0,8,NA,NA,687.7304,18.99647796
NEMEIRR,NEMEIRR_106,NEMEIRR_DK0,Zea mays (Corn),4690.8,18109.6,2014,Conventional Till,None,No,765,10.5,202,NA,NA,0,8,NA,NA,687.7304,18.99647796
NEMEIRR,NEMEIRR_201,NEMEIRR_NT0,Zea mays (Corn),2920.8,12057.7,2014,No Till,None,No,765,10.5,202,NA,NA,0,8,NA,NA,687.7304,18.99647796
NEMEIRR,NEMEIRR_202,NEMEIRR_DK0,Zea mays (Corn),4581.7,17416,2014,Conventional Till,None,No,765,10.5,202,NA,NA,0,8,NA,NA,687.7304,18.99647796
NEMEIRR,NEMEIRR_203,NEMEIRR_NT100,Zea mays (Corn),5542.3,19730.8,2014,No Till,None,Yes,765,10.5,202,NA,NA,0,8,NA,NA,687.7304,18.99647796
NEMEIRR,NEMEIRR_204,NEMEIRR_DK100,Zea mays (Corn),4699.4,17491.6,2014,Conventional Till,None,Yes,765,10.5,202,NA,NA,0,8,NA,NA,687.7304,18.99647796
NEMEIRR,NEMEIRR_205,NEMEIRR_NT50,Zea mays (Corn),2778.2,11964.2,2014,No Till,None,Partial,765,10.5,202,NA,NA,0,8,NA,NA,687.7304,18.99647796
NEMEIRR,NEMEIRR_206,NEMEIRR_DK50,Zea mays (Corn),4550,17456.7,2014,Conventional Till,None,Partial,765,10.5,202,NA,NA,0,8,NA,NA,687.7304,18.99647796
NEMEIRR,NEMEIRR_301,NEMEIRR_DK100,Zea mays (Corn),5508,20606.8,2014,Conventional Till,None,Yes,765,10.5,202,NA,NA,0,8,NA,NA,687.7304,18.99647796
NEMEIRR,NEMEIRR_302,NEMEIRR_NT0,Zea mays (Corn),4396.8,16758.8,2014,No Till,None,No,765,10.5,202,NA,NA,0,8,NA,NA,687.7304,18.99647796
NEMEIRR,NEMEIRR_303,NEMEIRR_DK50,Zea mays (Corn),4850.7,18170.9,2014,Conventional Till,None,Partial,765,10.5,202,NA,NA,0,8,NA,NA,687.7304,18.99647796
NEMEIRR,NEMEIRR_304,NEMEIRR_NT50,Zea mays (Corn),5082,18428.8,2014,No Till,None,Partial,765,10.5,202,NA,NA,0,8,NA,NA,687.7304,18.99647796
NEMEIRR,NEMEIRR_305,NEMEIRR_DK0,Zea mays (Corn),4552.2,16821.9,2014,Conventional Till,None,No,765,10.5,202,NA,NA,0,8,NA,NA,687.7304,18.99647796
NEMEIRR,NEMEIRR_306,NEMEIRR_NT100,Zea mays (Corn),4945.4,17565.9,2014,No Till,None,Yes,765,10.5,202,NA,NA,0,8,NA,NA,687.7304,18.99647796
NEMEIRR,NEMEIRR_401,NEMEIRR_NT0,Zea mays (Corn),4289.9,17353.5,2014,No Till,None,No,765,10.5,202,NA,NA,0,8,NA,NA,687.7304,18.99647796
NEMEIRR,NEMEIRR_402,NEMEIRR_DK0,Zea mays (Corn),4727.8,17475,2014,Conventional Till,None,No,765,10.5,202,NA,NA,0,8,NA,NA,687.7304,18.99647796
NEMEIRR,NEMEIRR_403,NEMEIRR_NT100,Zea mays (Corn),5191.1,18946.3,2014,No Till,None,Yes,765,10.5,202,NA,NA,0,8,NA,NA,687.7304,18.99647796
NEMEIRR,NEMEIRR_404,NEMEIRR_DK100,Zea mays (Corn),4964.9,19800.5,2014,Conventional Till,None,Yes,765,10.5,202,NA,NA,0,8,NA,NA,687.7304,18.99647796
NEMEIRR,NEMEIRR_405,NEMEIRR_NT50,Zea mays (Corn),5815.9,23915.9,2014,No Till,None,Partial,765,10.5,202,NA,NA,0,8,NA,NA,687.7304,18.99647796
NEMEIRR,NEMEIRR_406,NEMEIRR_DK50,Zea mays (Corn),4790.8,19488.1,2014,Conventional Till,None,Partial,765,10.5,202,NA,NA,0,8,NA,NA,687.7304,18.99647796
NEMEIRR,NEMEIRR_501,NEMEIRR_DK100,Zea mays (Corn),5367.7,20312,2014,Conventional Till,None,Yes,765,10.5,202,NA,NA,0,8,NA,NA,687.7304,18.99647796
NEMEIRR,NEMEIRR_502,NEMEIRR_NT50,Zea mays (Corn),4934.5,19237.9,2014,No Till,None,Partial,765,10.5,202,NA,NA,0,8,NA,NA,687.7304,18.99647796
NEMEIRR,NEMEIRR_503,NEMEIRR_DK0,Zea mays (Corn),5125,19679.6,2014,Conventional Till,None,No,765,10.5,202,NA,NA,0,8,NA,NA,687.7304,18.99647796
NEMEIRR,NEMEIRR_504,NEMEIRR_NT100,Zea mays (Corn),5721.6,20981.8,2014,No Till,None,Yes,765,10.5,202,NA,NA,0,8,NA,NA,687.7304,18.99647796
NEMEIRR,NEMEIRR_505,NEMEIRR_DK50,Zea mays (Corn),5426.9,19806.1,2014,Conventional Till,None,Partial,765,10.5,202,NA,NA,0,8,NA,NA,687.7304,18.99647796
NEMEIRR,NEMEIRR_506,NEMEIRR_NT0,Zea mays (Corn),5188.7,19320,2014,No Till,None,No,765,10.5,202,NA,NA,0,8,NA,NA,687.7304,18.99647796
NEMEIRR,NEMEIRR_601,NEMEIRR_DK50,Zea mays (Corn),5091.2,19203.7,2014,Conventional Till,None,Partial,765,10.5,202,NA,NA,0,8,NA,NA,687.7304,18.99647796
NEMEIRR,NEMEIRR_602,NEMEIRR_NT0,Zea mays (Corn),4818.9,19928.4,2014,No Till,None,No,765,10.5,202,NA,NA,0,8,NA,NA,687.7304,18.99647796
NEMEIRR,NEMEIRR_603,NEMEIRR_DK0,Zea mays (Corn),4126.9,16051.1,2014,Conventional Till,None,No,765,10.5,202,NA,NA,0,8,NA,NA,687.7304,18.99647796
NEMEIRR,NEMEIRR_604,NEMEIRR_NT50,Zea mays (Corn),5432.7,20903.4,2014,No Till,None,Partial,765,10.5,202,NA,NA,0,8,NA,NA,687.7304,18.99647796
NEMEIRR,NEMEIRR_605,NEMEIRR_DK100,Zea mays (Corn),4566.8,18053.9,2014,Conventional Till,None,Yes,765,10.5,202,NA,NA,0,8,NA,NA,687.7304,18.99647796
NEMEIRR,NEMEIRR_606,NEMEIRR_NT100,Zea mays (Corn),4633,17126.8,2014,No Till,None,Yes,765,10.5,202,NA,NA,0,8,NA,NA,687.7304,18.99647796
NEMEIRR,NEMEIRR_101,NEMEIRR_NT0,Zea mays (Corn),4349.7,15614.9,2015,No Till,None,No,765,10.5,202,NA,NA,0,8,NA,NA,706.12,19.42092391
NEMEIRR,NEMEIRR_102,NEMEIRR_DK100,Zea mays (Corn),2513.1,10793.9,2015,Conventional Till,None,Yes,765,10.5,202,NA,NA,0,8,NA,NA,706.12,19.42092391
NEMEIRR,NEMEIRR_103,NEMEIRR_NT50,Zea mays (Corn),3142.4,12115,2015,No Till,None,Partial,765,10.5,202,NA,NA,0,8,NA,NA,706.12,19.42092391
NEMEIRR,NEMEIRR_104,NEMEIRR_DK50,Zea mays (Corn),3063.6,13288.3,2015,Conventional Till,None,Partial,765,10.5,202,NA,NA,0,8,NA,NA,706.12,19.42092391
NEMEIRR,NEMEIRR_105,NEMEIRR_NT100,Zea mays (Corn),4182.4,16852.8,2015,No Till,None,Yes,765,10.5,202,NA,NA,0,8,NA,NA,706.12,19.42092391
NEMEIRR,NEMEIRR_106,NEMEIRR_DK0,Zea mays (Corn),3889.3,15121.1,2015,Conventional Till,None,No,765,10.5,202,NA,NA,0,8,NA,NA,706.12,19.42092391
NEMEIRR,NEMEIRR_201,NEMEIRR_NT0,Zea mays (Corn),3342.8,12889.1,2015,No Till,None,No,765,10.5,202,NA,NA,0,8,NA,NA,706.12,19.42092391
NEMEIRR,NEMEIRR_202,NEMEIRR_DK0,Zea mays (Corn),4349.8,16538.6,2015,Conventional Till,None,No,765,10.5,202,NA,NA,0,8,NA,NA,706.12,19.42092391
NEMEIRR,NEMEIRR_203,NEMEIRR_NT100,Zea mays (Corn),3511.3,13281.7,2015,No Till,None,Yes,765,10.5,202,NA,NA,0,8,NA,NA,706.12,19.42092391
NEMEIRR,NEMEIRR_204,NEMEIRR_DK100,Zea mays (Corn),4575,17673.2,2015,Conventional Till,None,Yes,765,10.5,202,NA,NA,0,8,NA,NA,706.12,19.42092391
NEMEIRR,NEMEIRR_205,NEMEIRR_NT50,Zea mays (Corn),4019.3,15725.7,2015,No Till,None,Partial,765,10.5,202,NA,NA,0,8,NA,NA,706.12,19.42092391
NEMEIRR,NEMEIRR_206,NEMEIRR_DK50,Zea mays (Corn),4568.3,17607.8,2015,Conventional Till,None,Partial,765,10.5,202,NA,NA,0,8,NA,NA,706.12,19.42092391
NEMEIRR,NEMEIRR_301,NEMEIRR_DK100,Zea mays (Corn),4331.4,16159.2,2015,Conventional Till,None,Yes,765,10.5,202,NA,NA,0,8,NA,NA,706.12,19.42092391
NEMEIRR,NEMEIRR_302,NEMEIRR_NT0,Zea mays (Corn),3774.6,15172.2,2015,No Till,None,No,765,10.5,202,NA,NA,0,8,NA,NA,706.12,19.42092391
NEMEIRR,NEMEIRR_303,NEMEIRR_DK50,Zea mays (Corn),4793.5,18019,2015,Conventional Till,None,Partial,765,10.5,202,NA,NA,0,8,NA,NA,706.12,19.42092391
NEMEIRR,NEMEIRR_304,NEMEIRR_NT50,Zea mays (Corn),4436.2,16831.3,2015,No Till,None,Partial,765,10.5,202,NA,NA,0,8,NA,NA,706.12,19.42092391
NEMEIRR,NEMEIRR_305,NEMEIRR_DK0,Zea mays (Corn),4651.2,17988.3,2015,Conventional Till,None,No,765,10.5,202,NA,NA,0,8,NA,NA,706.12,19.42092391
NEMEIRR,NEMEIRR_306,NEMEIRR_NT100,Zea mays (Corn),4611.9,17176.8,2015,No Till,None,Yes,765,10.5,202,NA,NA,0,8,NA,NA,706.12,19.42092391
NEMEIRR,NEMEIRR_401,NEMEIRR_NT0,Zea mays (Corn),4814.4,20739.5,2015,No Till,None,No,765,10.5,202,NA,NA,0,8,NA,NA,706.12,19.42092391
NEMEIRR,NEMEIRR_402,NEMEIRR_DK0,Zea mays (Corn),1284.8,6400.8,2015,Conventional Till,None,No,765,10.5,202,NA,NA,0,8,NA,NA,706.12,19.42092391
NEMEIRR,NEMEIRR_403,NEMEIRR_NT100,Zea mays (Corn),5757,22908.5,2015,No Till,None,Yes,765,10.5,202,NA,NA,0,8,NA,NA,706.12,19.42092391
NEMEIRR,NEMEIRR_404,NEMEIRR_DK100,Zea mays (Corn),1599.7,7688.6,2015,Conventional Till,None,Yes,765,10.5,202,NA,NA,0,8,NA,NA,706.12,19.42092391
NEMEIRR,NEMEIRR_405,NEMEIRR_NT50,Zea mays (Corn),5719.8,23870,2015,No Till,None,Partial,765,10.5,202,NA,NA,0,8,NA,NA,706.12,19.42092391
NEMEIRR,NEMEIRR_406,NEMEIRR_DK50,Zea mays (Corn),5424.9,20868.7,2015,Conventional Till,None,Partial,765,10.5,202,NA,NA,0,8,NA,NA,706.12,19.42092391
NEMEIRR,NEMEIRR_501,NEMEIRR_DK100,Zea mays (Corn),4524.1,16943.2,2015,Conventional Till,None,Yes,765,10.5,202,NA,NA,0,8,NA,NA,706.12,19.42092391
NEMEIRR,NEMEIRR_502,NEMEIRR_NT50,Zea mays (Corn),4463.8,18488.4,2015,No Till,None,Partial,765,10.5,202,NA,NA,0,8,NA,NA,706.12,19.42092391
NEMEIRR,NEMEIRR_503,NEMEIRR_DK0,Zea mays (Corn),4249.4,20201.5,2015,Conventional Till,None,No,765,10.5,202,NA,NA,0,8,NA,NA,706.12,19.42092391
NEMEIRR,NEMEIRR_504,NEMEIRR_NT100,Zea mays (Corn),4532.9,18284.2,2015,No Till,None,Yes,765,10.5,202,NA,NA,0,8,NA,NA,706.12,19.42092391
NEMEIRR,NEMEIRR_505,NEMEIRR_DK50,Zea mays (Corn),5547.1,18881.7,2015,Conventional Till,None,Partial,765,10.5,202,NA,NA,0,8,NA,NA,706.12,19.42092391
NEMEIRR,NEMEIRR_506,NEMEIRR_NT0,Zea mays (Corn),3869.4,15305.2,2015,No Till,None,No,765,10.5,202,NA,NA,0,8,NA,NA,706.12,19.42092391
NEMEIRR,NEMEIRR_601,NEMEIRR_DK50,Zea mays (Corn),5179.6,19144.5,2015,Conventional Till,None,Partial,765,10.5,202,NA,NA,0,8,NA,NA,706.12,19.42092391
NEMEIRR,NEMEIRR_602,NEMEIRR_NT0,Zea mays (Corn),4806.8,18649.9,2015,No Till,None,No,765,10.5,202,NA,NA,0,8,NA,NA,706.12,19.42092391
NEMEIRR,NEMEIRR_603,NEMEIRR_DK0,Zea mays (Corn),4589.9,18545.5,2015,Conventional Till,None,No,765,10.5,202,NA,NA,0,8,NA,NA,706.12,19.42092391
NEMEIRR,NEMEIRR_604,NEMEIRR_NT50,Zea mays (Corn),4483,17753.5,2015,No Till,None,Partial,765,10.5,202,NA,NA,0,8,NA,NA,706.12,19.42092391
NEMEIRR,NEMEIRR_605,NEMEIRR_DK100,Zea mays (Corn),5226.6,21158.6,2015,Conventional Till,None,Yes,765,10.5,202,NA,NA,0,8,NA,NA,706.12,19.42092391
NEMEIRR,NEMEIRR_606,NEMEIRR_NT100,Zea mays (Corn),4887.3,21288,2015,No Till,None,Yes,765,10.5,202,NA,NA,0,8,NA,NA,706.12,19.42092391
NEMERREM,NEMERREM_131W,NEMERREM_CCN2A,Zea mays (Corn),1988.650311,9099.6,2000,No Till,None,Partial,765,10.5,60,21.99270564,NA,0,5,NA,6.9,413.893,20.01652325
NEMERREM,NEMERREM_131E,NEMERREM_CCN2N,Zea mays (Corn),1988.650311,9099.6,2000,No Till,None,No,765,10.5,60,7.80957127,NA,0,5,NA,6.16,413.893,20.01652325
NEMERREM,NEMERREM_132W,NEMERREM_CCN3A,Zea mays (Corn),2441.033964,11612,2000,No Till,None,Partial,765,10.5,120,6.041580468,NA,0,5,NA,5.59,413.893,20.01652325
NEMERREM,NEMERREM_132E,NEMERREM_CCN3N,Zea mays (Corn),2441.033964,11612,2000,No Till,None,No,765,10.5,120,14.06303362,NA,0,5,NA,5.99,413.893,20.01652325
NEMERREM,NEMERREM_133W,NEMERREM_CCN4A,Zea mays (Corn),2869.114955,15427.3,2000,No Till,None,Partial,765,10.5,180,11.8054908,NA,0,5,NA,5.5,413.893,20.01652325
NEMERREM,NEMERREM_133E,NEMERREM_CCN4N,Zea mays (Corn),2869.114955,15427.3,2000,No Till,None,No,765,10.5,180,12.4602434,NA,0,5,NA,5.08,413.893,20.01652325
NEMERREM,NEMERREM_211W,NEMERREM_CCN4N,Zea mays (Corn),2058.296811,10263.3,2000,No Till,None,No,765,10.5,180,7.120868436,NA,0,5,NA,5.03,413.893,20.01652325
NEMERREM,NEMERREM_211E,NEMERREM_CCN4A,Zea mays (Corn),2058.296811,10263.3,2000,No Till,None,Partial,765,10.5,180,5.849859168,NA,0,5,NA,5.78,413.893,20.01652325
NEMERREM,NEMERREM_212W,NEMERREM_CCN3A,Zea mays (Corn),1778.404262,7687.1,2000,No Till,None,Partial,765,10.5,120,20.08114228,NA,0,5,NA,5.57,413.893,20.01652325
NEMERREM,NEMERREM_212E,NEMERREM_CCN3N,Zea mays (Corn),1778.404262,7687.1,2000,No Till,None,No,765,10.5,120,8.519364276,NA,0,5,NA,5.2,413.893,20.01652325
NEMERREM,NEMERREM_213W,NEMERREM_CCN2N,Zea mays (Corn),1772.319174,8333.1,2000,No Till,None,No,765,10.5,60,14.86799091,NA,0,5,NA,6.15,413.893,20.01652325
NEMERREM,NEMERREM_213E,NEMERREM_CCN2A,Zea mays (Corn),1772.319174,8333.1,2000,No Till,None,Partial,765,10.5,60,12.58547248,NA,0,5,NA,5.64,413.893,20.01652325
NEMERREM,NEMERREM_331W,NEMERREM_CCN4N,Zea mays (Corn),2752.325055,12137.6,2000,No Till,None,No,765,10.5,180,11.55888389,NA,0,5,NA,5.58,413.893,20.01652325
NEMERREM,NEMERREM_331E,NEMERREM_CCN4A,Zea mays (Corn),2752.325055,12137.6,2000,No Till,None,Partial,765,10.5,180,11.7832814,NA,0,5,NA,5.55,413.893,20.01652325
NEMERREM,NEMERREM_332W,NEMERREM_CCN3N,Zea mays (Corn),2985.812118,13718.4,2000,No Till,None,No,765,10.5,120,15.74522425,NA,0,5,NA,5.62,413.893,20.01652325
NEMERREM,NEMERREM_332E,NEMERREM_CCN3A,Zea mays (Corn),2985.812118,13718.4,2000,No Till,None,Partial,765,10.5,120,13.26683807,NA,0,5,NA,4.99,413.893,20.01652325
NEMERREM,NEMERREM_333W,NEMERREM_CCN2N,Zea mays (Corn),2700.412163,14353.8,2000,No Till,None,No,765,10.5,60,6.613570833,NA,0,5,NA,5.61,413.893,20.01652325
NEMERREM,NEMERREM_333E,NEMERREM_CCN2A,Zea mays (Corn),2700.412163,14353.8,2000,No Till,None,Partial,765,10.5,60,7.428740759,NA,0,5,NA,5.74,413.893,20.01652325
NEMERREM,NEMERREM_131W,NEMERREM_CCN2A,Zea mays (Corn),1489.165468,7593.8,2001,No Till,None,Partial,765,10.5,60,21.99270564,NA,0,5,NA,6.9,490.728,20.1307971
NEMERREM,NEMERREM_131E,NEMERREM_CCN2N,Zea mays (Corn),2402.110309,11505.4,2001,No Till,None,No,765,10.5,60,7.80957127,NA,0,5,NA,6.16,490.728,20.1307971
NEMERREM,NEMERREM_132W,NEMERREM_CCN3A,Zea mays (Corn),2206.309876,11933.2,2001,No Till,None,Partial,765,10.5,120,6.041580468,NA,0,5,NA,5.59,490.728,20.1307971
NEMERREM,NEMERREM_132E,NEMERREM_CCN3N,Zea mays (Corn),1906.694562,9823.9,2001,No Till,None,No,765,10.5,120,14.06303362,NA,0,5,NA,5.99,490.728,20.1307971
NEMERREM,NEMERREM_133W,NEMERREM_CCN4A,Zea mays (Corn),1876.461535,9391.2,2001,No Till,None,Partial,765,10.5,180,11.8054908,NA,0,5,NA,5.5,490.728,20.1307971
NEMERREM,NEMERREM_133E,NEMERREM_CCN4N,Zea mays (Corn),2471.778129,12713,2001,No Till,None,No,765,10.5,180,12.4602434,NA,0,5,NA,5.08,490.728,20.1307971
NEMERREM,NEMERREM_211W,NEMERREM_CCN4N,Zea mays (Corn),2783.473781,13252.8,2001,No Till,None,No,765,10.5,180,7.120868436,NA,0,5,NA,5.03,490.728,20.1307971
NEMERREM,NEMERREM_211E,NEMERREM_CCN4A,Zea mays (Corn),2742.10989,12591.8,2001,No Till,None,Partial,765,10.5,180,5.849859168,NA,0,5,NA,5.78,490.728,20.1307971
NEMERREM,NEMERREM_212W,NEMERREM_CCN3A,Zea mays (Corn),1848.031112,8158.6,2001,No Till,None,Partial,765,10.5,120,20.08114228,NA,0,5,NA,5.57,490.728,20.1307971
NEMERREM,NEMERREM_212E,NEMERREM_CCN3N,Zea mays (Corn),2197.23472,10176.3,2001,No Till,None,No,765,10.5,120,8.519364276,NA,0,5,NA,5.2,490.728,20.1307971
NEMERREM,NEMERREM_213W,NEMERREM_CCN2N,Zea mays (Corn),1387.576554,7367.4,2001,No Till,None,No,765,10.5,60,14.86799091,NA,0,5,NA,6.15,490.728,20.1307971
NEMERREM,NEMERREM_213E,NEMERREM_CCN2A,Zea mays (Corn),1243.269818,6985.7,2001,No Till,None,Partial,765,10.5,60,12.58547248,NA,0,5,NA,5.64,490.728,20.1307971
NEMERREM,NEMERREM_331W,NEMERREM_CCN4N,Zea mays (Corn),1627.683244,8277.7,2001,No Till,None,No,765,10.5,180,11.55888389,NA,0,5,NA,5.58,490.728,20.1307971
NEMERREM,NEMERREM_331E,NEMERREM_CCN4A,Zea mays (Corn),2246.144951,10981.9,2001,No Till,None,Partial,765,10.5,180,11.7832814,NA,0,5,NA,5.55,490.728,20.1307971
NEMERREM,NEMERREM_332W,NEMERREM_CCN3N,Zea mays (Corn),1447.07295,8352.6,2001,No Till,None,No,765,10.5,120,15.74522425,NA,0,5,NA,5.62,490.728,20.1307971
NEMERREM,NEMERREM_332E,NEMERREM_CCN3A,Zea mays (Corn),1475.171938,8686.8,2001,No Till,None,Partial,765,10.5,120,13.26683807,NA,0,5,NA,4.99,490.728,20.1307971
NEMERREM,NEMERREM_333W,NEMERREM_CCN2N,Zea mays (Corn),1473.136923,8725,2001,No Till,None,No,765,10.5,60,6.613570833,NA,0,5,NA,5.61,490.728,20.1307971
NEMERREM,NEMERREM_333E,NEMERREM_CCN2A,Zea mays (Corn),1619.494178,8258.4,2001,No Till,None,Partial,765,10.5,60,7.428740759,NA,0,5,NA,5.74,490.728,20.1307971
NEMERREM,NEMERREM_131W,NEMERREM_CCN2A,Zea mays (Corn),838.6391782,5233.2,2002,No Till,None,Partial,765,10.5,60,21.99270564,NA,0,5,NA,6.9,461.01,20.33893267
NEMERREM,NEMERREM_131E,NEMERREM_CCN2N,Zea mays (Corn),1733.273126,8636.6,2002,No Till,None,No,765,10.5,60,7.80957127,NA,0,5,NA,6.16,461.01,20.33893267
NEMERREM,NEMERREM_132W,NEMERREM_CCN3A,Zea mays (Corn),1738.928009,8309,2002,No Till,None,Partial,765,10.5,120,6.041580468,NA,0,5,NA,5.59,461.01,20.33893267
NEMERREM,NEMERREM_132E,NEMERREM_CCN3N,Zea mays (Corn),1422.07571,8087.3,2002,No Till,None,No,765,10.5,120,14.06303362,NA,0,5,NA,5.99,461.01,20.33893267
NEMERREM,NEMERREM_133W,NEMERREM_CCN4A,Zea mays (Corn),1562.946251,9953.9,2002,No Till,None,Partial,765,10.5,180,11.8054908,NA,0,5,NA,5.5,461.01,20.33893267
NEMERREM,NEMERREM_133E,NEMERREM_CCN4N,Zea mays (Corn),1745.167307,9791.8,2002,No Till,None,No,765,10.5,180,12.4602434,NA,0,5,NA,5.08,461.01,20.33893267
NEMERREM,NEMERREM_211W,NEMERREM_CCN4N,Zea mays (Corn),3204.654849,13785.9,2002,No Till,None,No,765,10.5,180,7.120868436,NA,0,5,NA,5.03,461.01,20.33893267
NEMERREM,NEMERREM_211E,NEMERREM_CCN4A,Zea mays (Corn),2350.930291,11132.4,2002,No Till,None,Partial,765,10.5,180,5.849859168,NA,0,5,NA,5.78,461.01,20.33893267
NEMERREM,NEMERREM_212W,NEMERREM_CCN3A,Zea mays (Corn),2683.313582,12190.8,2002,No Till,None,Partial,765,10.5,120,20.08114228,NA,0,5,NA,5.57,461.01,20.33893267
NEMERREM,NEMERREM_212E,NEMERREM_CCN3N,Zea mays (Corn),2056.235439,10301.1,2002,No Till,None,No,765,10.5,120,8.519364276,NA,0,5,NA,5.2,461.01,20.33893267
NEMERREM,NEMERREM_213W,NEMERREM_CCN2N,Zea mays (Corn),1526.843135,7217.6,2002,No Till,None,No,765,10.5,60,14.86799091,NA,0,5,NA,6.15,461.01,20.33893267
NEMERREM,NEMERREM_213E,NEMERREM_CCN2A,Zea mays (Corn),1243.520694,6292.6,2002,No Till,None,Partial,765,10.5,60,12.58547248,NA,0,5,NA,5.64,461.01,20.33893267
NEMERREM,NEMERREM_331W,NEMERREM_CCN4N,Zea mays (Corn),1561.539172,7131.8,2002,No Till,None,No,765,10.5,180,11.55888389,NA,0,5,NA,5.58,461.01,20.33893267
NEMERREM,NEMERREM_331E,NEMERREM_CCN4A,Zea mays (Corn),1584.536186,7510.7,2002,No Till,None,Partial,765,10.5,180,11.7832814,NA,0,5,NA,5.55,461.01,20.33893267
NEMERREM,NEMERREM_332W,NEMERREM_CCN3N,Zea mays (Corn),2202.147475,10766.5,2002,No Till,None,No,765,10.5,120,15.74522425,NA,0,5,NA,5.62,461.01,20.33893267
NEMERREM,NEMERREM_332E,NEMERREM_CCN3A,Zea mays (Corn),735.2242083,4724.9,2002,No Till,None,Partial,765,10.5,120,13.26683807,NA,0,5,NA,4.99,461.01,20.33893267
NEMERREM,NEMERREM_333W,NEMERREM_CCN2N,Zea mays (Corn),1825.786936,9518.6,2002,No Till,None,No,765,10.5,60,6.613570833,NA,0,5,NA,5.61,461.01,20.33893267
NEMERREM,NEMERREM_333E,NEMERREM_CCN2A,Zea mays (Corn),1431.353478,7768.6,2002,No Till,None,Partial,765,10.5,60,7.428740759,NA,0,5,NA,5.74,461.01,20.33893267
NEMERREM,NEMERREM_131W,NEMERREM_CCN2A,Zea mays (Corn),1411.172974,8509.7,2003,No Till,None,Partial,765,10.5,60,21.99270564,NA,0,5,NA,6.9,382.27,19.03214523
NEMERREM,NEMERREM_131E,NEMERREM_CCN2N,Zea mays (Corn),2261.34986,11653.6,2003,No Till,None,No,765,10.5,60,7.80957127,NA,0,5,NA,6.16,382.27,19.03214523
NEMERREM,NEMERREM_132W,NEMERREM_CCN3A,Zea mays (Corn),2269.861263,11910.2,2003,No Till,None,Partial,765,10.5,120,6.041580468,NA,0,5,NA,5.59,382.27,19.03214523
NEMERREM,NEMERREM_132E,NEMERREM_CCN3N,Zea mays (Corn),2973.565989,14785.6,2003,No Till,None,No,765,10.5,120,14.06303362,NA,0,5,NA,5.99,382.27,19.03214523
NEMERREM,NEMERREM_133W,NEMERREM_CCN4A,Zea mays (Corn),2544.443376,12765,2003,No Till,None,Partial,765,10.5,180,11.8054908,NA,0,5,NA,5.5,382.27,19.03214523
NEMERREM,NEMERREM_133E,NEMERREM_CCN4N,Zea mays (Corn),2524.475621,12677.6,2003,No Till,None,No,765,10.5,180,12.4602434,NA,0,5,NA,5.08,382.27,19.03214523
NEMERREM,NEMERREM_211W,NEMERREM_CCN4N,Zea mays (Corn),3266.956651,15868.5,2003,No Till,None,No,765,10.5,180,7.120868436,NA,0,5,NA,5.03,382.27,19.03214523
NEMERREM,NEMERREM_211E,NEMERREM_CCN4A,Zea mays (Corn),2195.03897,12558.4,2003,No Till,None,Partial,765,10.5,180,5.849859168,NA,0,5,NA,5.78,382.27,19.03214523
NEMERREM,NEMERREM_212W,NEMERREM_CCN3A,Zea mays (Corn),2648.231159,12698.2,2003,No Till,None,Partial,765,10.5,120,20.08114228,NA,0,5,NA,5.57,382.27,19.03214523
NEMERREM,NEMERREM_212E,NEMERREM_CCN3N,Zea mays (Corn),2513.196238,14286.2,2003,No Till,None,No,765,10.5,120,8.519364276,NA,0,5,NA,5.2,382.27,19.03214523
NEMERREM,NEMERREM_213W,NEMERREM_CCN2N,Zea mays (Corn),2160.708016,12439.5,2003,No Till,None,No,765,10.5,60,14.86799091,NA,0,5,NA,6.15,382.27,19.03214523
NEMERREM,NEMERREM_213E,NEMERREM_CCN2A,Zea mays (Corn),1787.255653,9352.1,2003,No Till,None,Partial,765,10.5,60,12.58547248,NA,0,5,NA,5.64,382.27,19.03214523
NEMERREM,NEMERREM_331W,NEMERREM_CCN4N,Zea mays (Corn),2473.351389,13874.2,2003,No Till,None,No,765,10.5,180,11.55888389,NA,0,5,NA,5.58,382.27,19.03214523
NEMERREM,NEMERREM_331E,NEMERREM_CCN4A,Zea mays (Corn),2559.636662,11491.3,2003,No Till,None,Partial,765,10.5,180,11.7832814,NA,0,5,NA,5.55,382.27,19.03214523
NEMERREM,NEMERREM_332W,NEMERREM_CCN3N,Zea mays (Corn),1922.030553,9148.7,2003,No Till,None,No,765,10.5,120,15.74522425,NA,0,5,NA,5.62,382.27,19.03214523
NEMERREM,NEMERREM_332E,NEMERREM_CCN3A,Zea mays (Corn),1515.921657,9088.6,2003,No Till,None,Partial,765,10.5,120,13.26683807,NA,0,5,NA,4.99,382.27,19.03214523
NEMERREM,NEMERREM_333W,NEMERREM_CCN2N,Zea mays (Corn),1494.327017,7999,2003,No Till,None,No,765,10.5,60,6.613570833,NA,0,5,NA,5.61,382.27,19.03214523
NEMERREM,NEMERREM_333E,NEMERREM_CCN2A,Zea mays (Corn),1639.689905,8901.3,2003,No Till,None,Partial,765,10.5,60,7.428740759,NA,0,5,NA,5.74,382.27,19.03214523
NEMERREM,NEMERREM_131W,NEMERREM_CCN2A,Zea mays (Corn),2759.247487,11396.5,2004,No Till,None,Partial,765,10.5,60,21.99270564,NA,0,5,NA,6.9,377.952,18.97427989
NEMERREM,NEMERREM_131E,NEMERREM_CCN2N,Zea mays (Corn),2762.814987,11749.3,2004,No Till,None,No,765,10.5,60,7.80957127,NA,0,5,NA,6.16,377.952,18.97427989
NEMERREM,NEMERREM_132W,NEMERREM_CCN3A,Zea mays (Corn),3949.327351,17507.8,2004,No Till,None,Partial,765,10.5,120,6.041580468,NA,0,5,NA,5.59,377.952,18.97427989
NEMERREM,NEMERREM_132E,NEMERREM_CCN3N,Zea mays (Corn),4302.477142,17619.6,2004,No Till,None,No,765,10.5,120,14.06303362,NA,0,5,NA,5.99,377.952,18.97427989
NEMERREM,NEMERREM_133W,NEMERREM_CCN4A,Zea mays (Corn),3296.688515,14627.4,2004,No Till,None,Partial,765,10.5,180,11.8054908,NA,0,5,NA,5.5,377.952,18.97427989
NEMERREM,NEMERREM_133E,NEMERREM_CCN4N,Zea mays (Corn),3517.253727,15634.4,2004,No Till,None,No,765,10.5,180,12.4602434,NA,0,5,NA,5.08,377.952,18.97427989
NEMERREM,NEMERREM_211W,NEMERREM_CCN4N,Zea mays (Corn),4050.625311,16869.3,2004,No Till,None,No,765,10.5,180,7.120868436,NA,0,5,NA,5.03,377.952,18.97427989
NEMERREM,NEMERREM_211E,NEMERREM_CCN4A,Zea mays (Corn),4824.444329,19361.7,2004,No Till,None,Partial,765,10.5,180,5.849859168,NA,0,5,NA,5.78,377.952,18.97427989
NEMERREM,NEMERREM_212W,NEMERREM_CCN3A,Zea mays (Corn),4024.248449,18494.5,2004,No Till,None,Partial,765,10.5,120,20.08114228,NA,0,5,NA,5.57,377.952,18.97427989
NEMERREM,NEMERREM_212E,NEMERREM_CCN3N,Zea mays (Corn),4110.05663,17438.5,2004,No Till,None,No,765,10.5,120,8.519364276,NA,0,5,NA,5.2,377.952,18.97427989
NEMERREM,NEMERREM_213W,NEMERREM_CCN2N,Zea mays (Corn),3050.734365,12692.9,2004,No Till,None,No,765,10.5,60,14.86799091,NA,0,5,NA,6.15,377.952,18.97427989
NEMERREM,NEMERREM_213E,NEMERREM_CCN2A,Zea mays (Corn),3091.716608,12358.3,2004,No Till,None,Partial,765,10.5,60,12.58547248,NA,0,5,NA,5.64,377.952,18.97427989
NEMERREM,NEMERREM_331W,NEMERREM_CCN4N,Zea mays (Corn),4030.432083,16986.2,2004,No Till,None,No,765,10.5,180,11.55888389,NA,0,5,NA,5.58,377.952,18.97427989
NEMERREM,NEMERREM_331E,NEMERREM_CCN4A,Zea mays (Corn),3784.693493,15570.9,2004,No Till,None,Partial,765,10.5,180,11.7832814,NA,0,5,NA,5.55,377.952,18.97427989
NEMERREM,NEMERREM_332W,NEMERREM_CCN3N,Zea mays (Corn),4526.928159,20295.5,2004,No Till,None,No,765,10.5,120,15.74522425,NA,0,5,NA,5.62,377.952,18.97427989
NEMERREM,NEMERREM_332E,NEMERREM_CCN3A,Zea mays (Corn),3687.37316,17055.4,2004,No Till,None,Partial,765,10.5,120,13.26683807,NA,0,5,NA,4.99,377.952,18.97427989
NEMERREM,NEMERREM_333W,NEMERREM_CCN2N,Zea mays (Corn),3878.308539,15649.2,2004,No Till,None,No,765,10.5,60,6.613570833,NA,0,5,NA,5.61,377.952,18.97427989
NEMERREM,NEMERREM_333E,NEMERREM_CCN2A,Zea mays (Corn),3216.313974,13598.6,2004,No Till,None,Partial,765,10.5,60,7.428740759,NA,0,5,NA,5.74,377.952,18.97427989
NEMERREM,NEMERREM_131W,NEMERREM_CCN2A,Zea mays (Corn),1483.248726,6354.8,2005,No Till,None,Partial,765,10.5,60,21.99270564,NA,0,5,NA,6.9,388.0612,20.43335145
NEMERREM,NEMERREM_131E,NEMERREM_CCN2N,Zea mays (Corn),1246.846944,6137.8,2005,No Till,None,No,765,10.5,60,7.80957127,NA,0,5,NA,6.16,388.0612,20.43335145
NEMERREM,NEMERREM_132W,NEMERREM_CCN3A,Zea mays (Corn),3460.54192,14768.8,2005,No Till,None,Partial,765,10.5,120,6.041580468,NA,0,5,NA,5.59,388.0612,20.43335145
NEMERREM,NEMERREM_132E,NEMERREM_CCN3N,Zea mays (Corn),2180.439992,9906.8,2005,No Till,None,No,765,10.5,120,14.06303362,NA,0,5,NA,5.99,388.0612,20.43335145
NEMERREM,NEMERREM_133W,NEMERREM_CCN4A,Zea mays (Corn),1783.17699,8673.2,2005,No Till,None,Partial,765,10.5,180,11.8054908,NA,0,5,NA,5.5,388.0612,20.43335145
NEMERREM,NEMERREM_133E,NEMERREM_CCN4N,Zea mays (Corn),1689.532607,7813.3,2005,No Till,None,No,765,10.5,180,12.4602434,NA,0,5,NA,5.08,388.0612,20.43335145
NEMERREM,NEMERREM_211W,NEMERREM_CCN4N,Zea mays (Corn),2098.210464,10498.3,2005,No Till,None,No,765,10.5,180,7.120868436,NA,0,5,NA,5.03,388.0612,20.43335145
NEMERREM,NEMERREM_211E,NEMERREM_CCN4A,Zea mays (Corn),2528.751719,10990.6,2005,No Till,None,Partial,765,10.5,180,5.849859168,NA,0,5,NA,5.78,388.0612,20.43335145
NEMERREM,NEMERREM_212W,NEMERREM_CCN3A,Zea mays (Corn),1767.380597,8413.6,2005,No Till,None,Partial,765,10.5,120,20.08114228,NA,0,5,NA,5.57,388.0612,20.43335145
NEMERREM,NEMERREM_212E,NEMERREM_CCN3N,Zea mays (Corn),2382.608448,10514.2,2005,No Till,None,No,765,10.5,120,8.519364276,NA,0,5,NA,5.2,388.0612,20.43335145
NEMERREM,NEMERREM_213W,NEMERREM_CCN2N,Zea mays (Corn),1516.177072,8252,2005,No Till,None,No,765,10.5,60,14.86799091,NA,0,5,NA,6.15,388.0612,20.43335145
NEMERREM,NEMERREM_213E,NEMERREM_CCN2A,Zea mays (Corn),1439.621035,7219.8,2005,No Till,None,Partial,765,10.5,60,12.58547248,NA,0,5,NA,5.64,388.0612,20.43335145
NEMERREM,NEMERREM_331W,NEMERREM_CCN4N,Zea mays (Corn),2286.826154,9778.3,2005,No Till,None,No,765,10.5,180,11.55888389,NA,0,5,NA,5.58,388.0612,20.43335145
NEMERREM,NEMERREM_331E,NEMERREM_CCN4A,Zea mays (Corn),3085.81773,13447.3,2005,No Till,None,Partial,765,10.5,180,11.7832814,NA,0,5,NA,5.55,388.0612,20.43335145
NEMERREM,NEMERREM_332W,NEMERREM_CCN3N,Zea mays (Corn),2524.216442,10962.7,2005,No Till,None,No,765,10.5,120,15.74522425,NA,0,5,NA,5.62,388.0612,20.43335145
NEMERREM,NEMERREM_332E,NEMERREM_CCN3A,Zea mays (Corn),2441.720901,12364.5,2005,No Till,None,Partial,765,10.5,120,13.26683807,NA,0,5,NA,4.99,388.0612,20.43335145
NEMERREM,NEMERREM_333W,NEMERREM_CCN2N,Zea mays (Corn),1621.249459,7754.6,2005,No Till,None,No,765,10.5,60,6.613570833,NA,0,5,NA,5.61,388.0612,20.43335145
NEMERREM,NEMERREM_333E,NEMERREM_CCN2A,Zea mays (Corn),2133.823641,10709.3,2005,No Till,None,Partial,765,10.5,60,7.428740759,NA,0,5,NA,5.74,388.0612,20.43335145
NEMERREM,NEMERREM_131W,NEMERREM_CCN2A,Zea mays (Corn),852.0096664,5380.8,2006,No Till,None,Partial,765,10.5,60,21.99270564,NA,0,5,NA,6.9,470.916,19.74841787
NEMERREM,NEMERREM_131E,NEMERREM_CCN2N,Zea mays (Corn),1294.918892,7520.9,2006,No Till,None,No,765,10.5,60,7.80957127,NA,0,5,NA,6.16,470.916,19.74841787
NEMERREM,NEMERREM_132W,NEMERREM_CCN3A,Zea mays (Corn),2596.647546,12461.1,2006,No Till,None,Partial,765,10.5,120,6.041580468,NA,0,5,NA,5.59,470.916,19.74841787
NEMERREM,NEMERREM_132E,NEMERREM_CCN3N,Zea mays (Corn),2460.340882,11160,2006,No Till,None,No,765,10.5,120,14.06303362,NA,0,5,NA,5.99,470.916,19.74841787
NEMERREM,NEMERREM_133W,NEMERREM_CCN4A,Zea mays (Corn),2319.734545,12182.8,2006,No Till,None,Partial,765,10.5,180,11.8054908,NA,0,5,NA,5.5,470.916,19.74841787
NEMERREM,NEMERREM_133E,NEMERREM_CCN4N,Zea mays (Corn),2920.313547,14065,2006,No Till,None,No,765,10.5,180,12.4602434,NA,0,5,NA,5.08,470.916,19.74841787
NEMERREM,NEMERREM_211W,NEMERREM_CCN4N,Zea mays (Corn),1535.191086,9837.6,2006,No Till,None,No,765,10.5,180,7.120868436,NA,0,5,NA,5.03,470.916,19.74841787
NEMERREM,NEMERREM_211E,NEMERREM_CCN4A,Zea mays (Corn),2716.738294,11802.2,2006,No Till,None,Partial,765,10.5,180,5.849859168,NA,0,5,NA,5.78,470.916,19.74841787
NEMERREM,NEMERREM_212W,NEMERREM_CCN3A,Zea mays (Corn),1374.759623,8934.9,2006,No Till,None,Partial,765,10.5,120,20.08114228,NA,0,5,NA,5.57,470.916,19.74841787
NEMERREM,NEMERREM_212E,NEMERREM_CCN3N,Zea mays (Corn),2253.730147,11053.2,2006,No Till,None,No,765,10.5,120,8.519364276,NA,0,5,NA,5.2,470.916,19.74841787
NEMERREM,NEMERREM_213W,NEMERREM_CCN2N,Zea mays (Corn),3047.322537,11899.6,2006,No Till,None,No,765,10.5,60,14.86799091,NA,0,5,NA,6.15,470.916,19.74841787
NEMERREM,NEMERREM_213E,NEMERREM_CCN2A,Zea mays (Corn),1468.959507,7935.6,2006,No Till,None,Partial,765,10.5,60,12.58547248,NA,0,5,NA,5.64,470.916,19.74841787
NEMERREM,NEMERREM_331W,NEMERREM_CCN4N,Zea mays (Corn),2987.063949,13383.2,2006,No Till,None,No,765,10.5,180,11.55888389,NA,0,5,NA,5.58,470.916,19.74841787
NEMERREM,NEMERREM_331E,NEMERREM_CCN4A,Zea mays (Corn),2797.012188,12547.8,2006,No Till,None,Partial,765,10.5,180,11.7832814,NA,0,5,NA,5.55,470.916,19.74841787
NEMERREM,NEMERREM_332W,NEMERREM_CCN3N,Zea mays (Corn),3044.767496,14560.3,2006,No Till,None,No,765,10.5,120,15.74522425,NA,0,5,NA,5.62,470.916,19.74841787
NEMERREM,NEMERREM_332E,NEMERREM_CCN3A,Zea mays (Corn),1910.478851,12117,2006,No Till,None,Partial,765,10.5,120,13.26683807,NA,0,5,NA,4.99,470.916,19.74841787
NEMERREM,NEMERREM_333W,NEMERREM_CCN2N,Zea mays (Corn),1691.28594,9111.3,2006,No Till,None,No,765,10.5,60,6.613570833,NA,0,5,NA,5.61,470.916,19.74841787
NEMERREM,NEMERREM_333E,NEMERREM_CCN2A,Zea mays (Corn),2235.302059,11586.4,2006,No Till,None,Partial,765,10.5,60,7.428740759,NA,0,5,NA,5.74,470.916,19.74841787
NEMERREM,NEMERREM_131W,NEMERREM_CCN2A,Zea mays (Corn),1193.688994,6254.18,2007,No Till,None,Partial,765,10.5,60,21.99270564,NA,0,5,NA,6.9,714.756,20.95492905
NEMERREM,NEMERREM_131E,NEMERREM_CCN2N,Zea mays (Corn),1149.342632,5656.0885,2007,No Till,None,No,765,10.5,60,7.80957127,NA,0,5,NA,6.16,714.756,20.95492905
NEMERREM,NEMERREM_132W,NEMERREM_CCN3A,Zea mays (Corn),2640.232805,12367.241,2007,No Till,None,Partial,765,10.5,120,6.041580468,NA,0,5,NA,5.59,714.756,20.95492905
NEMERREM,NEMERREM_132E,NEMERREM_CCN3N,Zea mays (Corn),2590.786291,11598.9565,2007,No Till,None,No,765,10.5,120,14.06303362,NA,0,5,NA,5.99,714.756,20.95492905
NEMERREM,NEMERREM_133W,NEMERREM_CCN4A,Zea mays (Corn),1694.496238,8634.3885,2007,No Till,None,Partial,765,10.5,180,11.8054908,NA,0,5,NA,5.5,714.756,20.95492905
NEMERREM,NEMERREM_133E,NEMERREM_CCN4N,Zea mays (Corn),2349.582736,10218.1195,2007,No Till,None,No,765,10.5,180,12.4602434,NA,0,5,NA,5.08,714.756,20.95492905
NEMERREM,NEMERREM_211W,NEMERREM_CCN4N,Zea mays (Corn),2093.611777,10013.2105,2007,No Till,None,No,765,10.5,180,7.120868436,NA,0,5,NA,5.03,714.756,20.95492905
NEMERREM,NEMERREM_211E,NEMERREM_CCN4A,Zea mays (Corn),2391.145104,11856.7605,2007,No Till,None,Partial,765,10.5,180,5.849859168,NA,0,5,NA,5.78,714.756,20.95492905
NEMERREM,NEMERREM_212W,NEMERREM_CCN3A,Zea mays (Corn),2530.293681,11977.019,2007,No Till,None,Partial,765,10.5,120,20.08114228,NA,0,5,NA,5.57,714.756,20.95492905
NEMERREM,NEMERREM_212E,NEMERREM_CCN3N,Zea mays (Corn),1943.951496,10182.449,2007,No Till,None,No,765,10.5,120,8.519364276,NA,0,5,NA,5.2,714.756,20.95492905
NEMERREM,NEMERREM_213W,NEMERREM_CCN2N,Zea mays (Corn),1640.875697,7967.3745,2007,No Till,None,No,765,10.5,60,14.86799091,NA,0,5,NA,6.15,714.756,20.95492905
NEMERREM,NEMERREM_213E,NEMERREM_CCN2A,Zea mays (Corn),1921.349283,8754.159,2007,No Till,None,Partial,765,10.5,60,12.58547248,NA,0,5,NA,5.64,714.756,20.95492905
NEMERREM,NEMERREM_331W,NEMERREM_CCN4N,Zea mays (Corn),2836.981815,13831.7705,2007,No Till,None,No,765,10.5,180,11.55888389,NA,0,5,NA,5.58,714.756,20.95492905
NEMERREM,NEMERREM_331E,NEMERREM_CCN4A,Zea mays (Corn),3659.65698,15571.515,2007,No Till,None,Partial,765,10.5,180,11.7832814,NA,0,5,NA,5.55,714.756,20.95492905
NEMERREM,NEMERREM_332W,NEMERREM_CCN3N,Zea mays (Corn),3593.469618,15587.9095,2007,No Till,None,No,765,10.5,120,15.74522425,NA,0,5,NA,5.62,714.756,20.95492905
NEMERREM,NEMERREM_332E,NEMERREM_CCN3A,Zea mays (Corn),3477.306789,16573.0905,2007,No Till,None,Partial,765,10.5,120,13.26683807,NA,0,5,NA,4.99,714.756,20.95492905
NEMERREM,NEMERREM_333W,NEMERREM_CCN2N,Zea mays (Corn),2402.864597,12750.9125,2007,No Till,None,No,765,10.5,60,6.613570833,NA,0,5,NA,5.61,714.756,20.95492905
NEMERREM,NEMERREM_333E,NEMERREM_CCN2A,Zea mays (Corn),2362.537341,12048.7785,2007,No Till,None,Partial,765,10.5,60,7.428740759,NA,0,5,NA,5.74,714.756,20.95492905
NEMERREM,NEMERREM_131W,NEMERREM_CCN2A,Zea mays (Corn),868.462272,6801.27,2008,No Till,None,Partial,765,10.5,60,21.99270564,NA,0,5,NA,6.9,757.682,19.20431008
NEMERREM,NEMERREM_131E,NEMERREM_CCN2N,Zea mays (Corn),1060.555774,6882.81,2008,No Till,None,No,765,10.5,60,7.80957127,NA,0,5,NA,6.16,757.682,19.20431008
NEMERREM,NEMERREM_132W,NEMERREM_CCN3A,Zea mays (Corn),3117.613462,13248.85,2008,No Till,None,Partial,765,10.5,120,6.041580468,NA,0,5,NA,5.59,757.682,19.20431008
NEMERREM,NEMERREM_132E,NEMERREM_CCN3N,Zea mays (Corn),2612.09982,11550.2,2008,No Till,None,No,765,10.5,120,14.06303362,NA,0,5,NA,5.99,757.682,19.20431008
NEMERREM,NEMERREM_133W,NEMERREM_CCN4A,Zea mays (Corn),1828.5867,10144.48,2008,No Till,None,Partial,765,10.5,180,11.8054908,NA,0,5,NA,5.5,757.682,19.20431008
NEMERREM,NEMERREM_133E,NEMERREM_CCN4N,Zea mays (Corn),1964.247048,9313.76,2008,No Till,None,No,765,10.5,180,12.4602434,NA,0,5,NA,5.08,757.682,19.20431008
NEMERREM,NEMERREM_211W,NEMERREM_CCN4N,Zea mays (Corn),2418.813632,11074.06,2008,No Till,None,No,765,10.5,180,7.120868436,NA,0,5,NA,5.03,757.682,19.20431008
NEMERREM,NEMERREM_211E,NEMERREM_CCN4A,Zea mays (Corn),3132.594112,14752.96,2008,No Till,None,Partial,765,10.5,180,5.849859168,NA,0,5,NA,5.78,757.682,19.20431008
NEMERREM,NEMERREM_212W,NEMERREM_CCN3A,Zea mays (Corn),2175.594007,8955.26,2008,No Till,None,Partial,765,10.5,120,20.08114228,NA,0,5,NA,5.57,757.682,19.20431008
NEMERREM,NEMERREM_212E,NEMERREM_CCN3N,Zea mays (Corn),1691.3018,8582.18,2008,No Till,None,No,765,10.5,120,8.519364276,NA,0,5,NA,5.2,757.682,19.20431008
NEMERREM,NEMERREM_213W,NEMERREM_CCN2N,Zea mays (Corn),1021.38632,6774.66,2008,No Till,None,No,765,10.5,60,14.86799091,NA,0,5,NA,6.15,757.682,19.20431008
NEMERREM,NEMERREM_213E,NEMERREM_CCN2A,Zea mays (Corn),832.897653,7394.69,2008,No Till,None,Partial,765,10.5,60,12.58547248,NA,0,5,NA,5.64,757.682,19.20431008
NEMERREM,NEMERREM_331W,NEMERREM_CCN4N,Zea mays (Corn),3481.297154,15824.67,2008,No Till,None,No,765,10.5,180,11.55888389,NA,0,5,NA,5.58,757.682,19.20431008
NEMERREM,NEMERREM_331E,NEMERREM_CCN4A,Zea mays (Corn),2636.100585,12541.08,2008,No Till,None,Partial,765,10.5,180,11.7832814,NA,0,5,NA,5.55,757.682,19.20431008
NEMERREM,NEMERREM_332W,NEMERREM_CCN3N,Zea mays (Corn),3155.48229,14106.29,2008,No Till,None,No,765,10.5,120,15.74522425,NA,0,5,NA,5.62,757.682,19.20431008
NEMERREM,NEMERREM_332E,NEMERREM_CCN3A,Zea mays (Corn),2860.016377,13285.68,2008,No Till,None,Partial,765,10.5,120,13.26683807,NA,0,5,NA,4.99,757.682,19.20431008
NEMERREM,NEMERREM_333W,NEMERREM_CCN2N,Zea mays (Corn),2159.239563,10583.91,2008,No Till,None,No,765,10.5,60,6.613570833,NA,0,5,NA,5.61,757.682,19.20431008
NEMERREM,NEMERREM_333E,NEMERREM_CCN2A,Zea mays (Corn),1898.67327,10294.29,2008,No Till,None,Partial,765,10.5,60,7.428740759,NA,0,5,NA,5.74,757.682,19.20431008
NEMERREM,NEMERREM_131W,NEMERREM_CCN2A,Zea mays (Corn),2089.451875,9250.7,2009,No Till,None,Partial,765,10.5,60,21.99270564,NA,0,5,NA,6.9,505.968,18.11327295
NEMERREM,NEMERREM_131E,NEMERREM_CCN2N,Zea mays (Corn),2182.179476,10944.37,2009,No Till,None,No,765,10.5,60,7.80957127,NA,0,5,NA,6.16,505.968,18.11327295
NEMERREM,NEMERREM_132W,NEMERREM_CCN3A,Zea mays (Corn),4067.635645,17604.4,2009,No Till,None,Partial,765,10.5,120,6.041580468,NA,0,5,NA,5.59,505.968,18.11327295
NEMERREM,NEMERREM_132E,NEMERREM_CCN3N,Zea mays (Corn),3753.560016,13910.39,2009,No Till,None,No,765,10.5,120,14.06303362,NA,0,5,NA,5.99,505.968,18.11327295
NEMERREM,NEMERREM_133W,NEMERREM_CCN4A,Zea mays (Corn),1353.147572,7083.03,2009,No Till,None,Partial,765,10.5,180,11.8054908,NA,0,5,NA,5.5,505.968,18.11327295
NEMERREM,NEMERREM_133E,NEMERREM_CCN4N,Zea mays (Corn),1457.651778,9925.35,2009,No Till,None,No,765,10.5,180,12.4602434,NA,0,5,NA,5.08,505.968,18.11327295
NEMERREM,NEMERREM_211W,NEMERREM_CCN4N,Zea mays (Corn),3788.707286,16267.19,2009,No Till,None,No,765,10.5,180,7.120868436,NA,0,5,NA,5.03,505.968,18.11327295
NEMERREM,NEMERREM_211E,NEMERREM_CCN4A,Zea mays (Corn),3800.270822,14807.38,2009,No Till,None,Partial,765,10.5,180,5.849859168,NA,0,5,NA,5.78,505.968,18.11327295
NEMERREM,NEMERREM_212W,NEMERREM_CCN3A,Zea mays (Corn),2024.369312,8825.06,2009,No Till,None,Partial,765,10.5,120,20.08114228,NA,0,5,NA,5.57,505.968,18.11327295
NEMERREM,NEMERREM_212E,NEMERREM_CCN3N,Zea mays (Corn),2364.574336,10534.48,2009,No Till,None,No,765,10.5,120,8.519364276,NA,0,5,NA,5.2,505.968,18.11327295
NEMERREM,NEMERREM_213W,NEMERREM_CCN2N,Zea mays (Corn),2107.043973,9178.72,2009,No Till,None,No,765,10.5,60,14.86799091,NA,0,5,NA,6.15,505.968,18.11327295
NEMERREM,NEMERREM_213E,NEMERREM_CCN2A,Zea mays (Corn),1601.424216,8794.16,2009,No Till,None,Partial,765,10.5,60,12.58547248,NA,0,5,NA,5.64,505.968,18.11327295
NEMERREM,NEMERREM_331W,NEMERREM_CCN4N,Zea mays (Corn),2990.575836,13322.53,2009,No Till,None,No,765,10.5,180,11.55888389,NA,0,5,NA,5.58,505.968,18.11327295
NEMERREM,NEMERREM_331E,NEMERREM_CCN4A,Zea mays (Corn),3958.340034,16275.09,2009,No Till,None,Partial,765,10.5,180,11.7832814,NA,0,5,NA,5.55,505.968,18.11327295
NEMERREM,NEMERREM_332W,NEMERREM_CCN3N,Zea mays (Corn),3479.630054,16370.4,2009,No Till,None,No,765,10.5,120,15.74522425,NA,0,5,NA,5.62,505.968,18.11327295
NEMERREM,NEMERREM_332E,NEMERREM_CCN3A,Zea mays (Corn),4393.26778,18583.59,2009,No Till,None,Partial,765,10.5,120,13.26683807,NA,0,5,NA,4.99,505.968,18.11327295
NEMERREM,NEMERREM_333W,NEMERREM_CCN2N,Zea mays (Corn),3489.975726,16358.29,2009,No Till,None,No,765,10.5,60,6.613570833,NA,0,5,NA,5.61,505.968,18.11327295
NEMERREM,NEMERREM_333E,NEMERREM_CCN2A,Zea mays (Corn),3277.161072,15359.76,2009,No Till,None,Partial,765,10.5,60,7.428740759,NA,0,5,NA,5.74,505.968,18.11327295
NEMERREM,NEMERREM_131W,NEMERREM_CCN2A,Zea mays (Corn),2284.13052,9883.83,2010,No Till,None,Partial,765,10.5,60,21.99270564,NA,0,5,NA,6.9,742.442,20.05319746
NEMERREM,NEMERREM_131E,NEMERREM_CCN2N,Zea mays (Corn),1442.580777,8702.26,2010,No Till,None,No,765,10.5,60,7.80957127,NA,0,5,NA,6.16,742.442,20.05319746
NEMERREM,NEMERREM_132W,NEMERREM_CCN3A,Zea mays (Corn),3659.994229,15569.78,2010,No Till,None,Partial,765,10.5,120,6.041580468,NA,0,5,NA,5.59,742.442,20.05319746
NEMERREM,NEMERREM_132E,NEMERREM_CCN3N,Zea mays (Corn),2338.852052,10984.71,2010,No Till,None,No,765,10.5,120,14.06303362,NA,0,5,NA,5.99,742.442,20.05319746
NEMERREM,NEMERREM_133W,NEMERREM_CCN4A,Zea mays (Corn),1391.55408,6954.7,2010,No Till,None,Partial,765,10.5,180,11.8054908,NA,0,5,NA,5.5,742.442,20.05319746
NEMERREM,NEMERREM_133E,NEMERREM_CCN4N,Zea mays (Corn),1863.60908,9740.06,2010,No Till,None,No,765,10.5,180,12.4602434,NA,0,5,NA,5.08,742.442,20.05319746
NEMERREM,NEMERREM_211W,NEMERREM_CCN4N,Zea mays (Corn),1875.344445,9232.02,2010,No Till,None,No,765,10.5,180,7.120868436,NA,0,5,NA,5.03,742.442,20.05319746
NEMERREM,NEMERREM_211E,NEMERREM_CCN4A,Zea mays (Corn),2889.418202,12686.92,2010,No Till,None,Partial,765,10.5,180,5.849859168,NA,0,5,NA,5.78,742.442,20.05319746
NEMERREM,NEMERREM_212W,NEMERREM_CCN3A,Zea mays (Corn),2528.519931,10979.15,2010,No Till,None,Partial,765,10.5,120,20.08114228,NA,0,5,NA,5.57,742.442,20.05319746
NEMERREM,NEMERREM_212E,NEMERREM_CCN3N,Zea mays (Corn),2147.337765,10140.47,2010,No Till,None,No,765,10.5,120,8.519364276,NA,0,5,NA,5.2,742.442,20.05319746
NEMERREM,NEMERREM_213W,NEMERREM_CCN2N,Zea mays (Corn),1405.97248,10554.53,2010,No Till,None,No,765,10.5,60,14.86799091,NA,0,5,NA,6.15,742.442,20.05319746
NEMERREM,NEMERREM_213E,NEMERREM_CCN2A,Zea mays (Corn),1413.099625,7133.98,2010,No Till,None,Partial,765,10.5,60,12.58547248,NA,0,5,NA,5.64,742.442,20.05319746
NEMERREM,NEMERREM_331W,NEMERREM_CCN4N,Zea mays (Corn),3265.99296,11161,2010,No Till,None,No,765,10.5,180,11.55888389,NA,0,5,NA,5.58,742.442,20.05319746
NEMERREM,NEMERREM_331E,NEMERREM_CCN4A,Zea mays (Corn),3396.491875,15325.26,2010,No Till,None,Partial,765,10.5,180,11.7832814,NA,0,5,NA,5.55,742.442,20.05319746
NEMERREM,NEMERREM_332W,NEMERREM_CCN3N,Zea mays (Corn),3023.07372,14636.39,2010,No Till,None,No,765,10.5,120,15.74522425,NA,0,5,NA,5.62,742.442,20.05319746
NEMERREM,NEMERREM_332E,NEMERREM_CCN3A,Zea mays (Corn),3056.973272,14361.84,2010,No Till,None,Partial,765,10.5,120,13.26683807,NA,0,5,NA,4.99,742.442,20.05319746
NEMERREM,NEMERREM_333W,NEMERREM_CCN2N,Zea mays (Corn),2732.97474,12714.65,2010,No Till,None,No,765,10.5,60,6.613570833,NA,0,5,NA,5.61,742.442,20.05319746
NEMERREM,NEMERREM_333E,NEMERREM_CCN2A,Zea mays (Corn),2979.505123,13081.24,2010,No Till,None,Partial,765,10.5,60,7.428740759,NA,0,5,NA,5.74,742.442,20.05319746
NEMERREM,NEMERREM_131W,NEMERREM_CCN2A,Zea mays (Corn),1558.878104,7886.34,2011,No Till,None,Partial,765,10.5,60,21.99270564,NA,0,5,NA,6.9,539.242,19.42616244
NEMERREM,NEMERREM_131E,NEMERREM_CCN2N,Zea mays (Corn),1260.569808,6772.02,2011,No Till,None,No,765,10.5,60,7.80957127,NA,0,5,NA,6.16,539.242,19.42616244
NEMERREM,NEMERREM_132W,NEMERREM_CCN3A,Zea mays (Corn),4441.63291,16280.82,2011,No Till,None,Partial,765,10.5,120,6.041580468,NA,0,5,NA,5.59,539.242,19.42616244
NEMERREM,NEMERREM_132E,NEMERREM_CCN3N,Zea mays (Corn),3496.735275,14696.14,2011,No Till,None,No,765,10.5,120,14.06303362,NA,0,5,NA,5.99,539.242,19.42616244
NEMERREM,NEMERREM_133W,NEMERREM_CCN4A,Zea mays (Corn),1299.37656,6993.98,2011,No Till,None,Partial,765,10.5,180,11.8054908,NA,0,5,NA,5.5,539.242,19.42616244
NEMERREM,NEMERREM_133E,NEMERREM_CCN4N,Zea mays (Corn),1118.307168,6167.87,2011,No Till,None,No,765,10.5,180,12.4602434,NA,0,5,NA,5.08,539.242,19.42616244
NEMERREM,NEMERREM_211W,NEMERREM_CCN4N,Zea mays (Corn),2714.3064,12699.09,2011,No Till,None,No,765,10.5,180,7.120868436,NA,0,5,NA,5.03,539.242,19.42616244
NEMERREM,NEMERREM_211E,NEMERREM_CCN4A,Zea mays (Corn),2234.76192,10555.18,2011,No Till,None,Partial,765,10.5,180,5.849859168,NA,0,5,NA,5.78,539.242,19.42616244
NEMERREM,NEMERREM_212W,NEMERREM_CCN3A,Zea mays (Corn),2841.379491,11792.12,2011,No Till,None,Partial,765,10.5,120,20.08114228,NA,0,5,NA,5.57,539.242,19.42616244
NEMERREM,NEMERREM_212E,NEMERREM_CCN3N,Zea mays (Corn),1874.61966,9210.91,2011,No Till,None,No,765,10.5,120,8.519364276,NA,0,5,NA,5.2,539.242,19.42616244
NEMERREM,NEMERREM_213W,NEMERREM_CCN2N,Zea mays (Corn),1474.172344,7573.93,2011,No Till,None,No,765,10.5,60,14.86799091,NA,0,5,NA,6.15,539.242,19.42616244
NEMERREM,NEMERREM_213E,NEMERREM_CCN2A,Zea mays (Corn),2218.04793,9233,2011,No Till,None,Partial,765,10.5,60,12.58547248,NA,0,5,NA,5.64,539.242,19.42616244
NEMERREM,NEMERREM_331W,NEMERREM_CCN4N,Zea mays (Corn),2975.99344,13380.05,2011,No Till,None,No,765,10.5,180,11.55888389,NA,0,5,NA,5.58,539.242,19.42616244
NEMERREM,NEMERREM_331E,NEMERREM_CCN4A,Zea mays (Corn),3485.208712,13531.12,2011,No Till,None,Partial,765,10.5,180,11.7832814,NA,0,5,NA,5.55,539.242,19.42616244
NEMERREM,NEMERREM_332W,NEMERREM_CCN3N,Zea mays (Corn),3288.929038,14096.64,2011,No Till,None,No,765,10.5,120,15.74522425,NA,0,5,NA,5.62,539.242,19.42616244
NEMERREM,NEMERREM_332E,NEMERREM_CCN3A,Zea mays (Corn),3426.939198,15116.66,2011,No Till,None,Partial,765,10.5,120,13.26683807,NA,0,5,NA,4.99,539.242,19.42616244
NEMERREM,NEMERREM_333W,NEMERREM_CCN2N,Zea mays (Corn),2263.37235,10684.15,2011,No Till,None,No,765,10.5,60,6.613570833,NA,0,5,NA,5.61,539.242,19.42616244
NEMERREM,NEMERREM_333E,NEMERREM_CCN2A,Zea mays (Corn),3486.775712,14113.66,2011,No Till,None,Partial,765,10.5,60,7.428740759,NA,0,5,NA,5.74,539.242,19.42616244
NEMLTCRS,NEMLTCRS_102N,NEMLTCRS_ROT42,Zea mays (Corn),2691.77,14107.6,1990,Conventional Till,None,No,74,11,179.996,NA,NA,0,7.5,NA,6.23,NA,NA
NEMLTCRS,NEMLTCRS_102M,NEMLTCRS_ROT40,Zea mays (Corn),1659.82,9753.41,1990,Conventional Till,None,No,74,11,0,NA,NA,0,7.5,NA,6.97,NA,NA
NEMLTCRS,NEMLTCRS_102S,NEMLTCRS_ROT41,Zea mays (Corn),2065.54,15052.07,1990,Conventional Till,None,No,74,11,89.998,NA,NA,0,7.5,NA,6.66,NA,NA
NEMLTCRS,NEMLTCRS_103N,NEMLTCRS_ROT70,Glycine max (Soybean),1079.99,4713.5,1990,Conventional Till,None,No,74,11,0,NA,NA,0,7.5,NA,6.49,NA,NA
NEMLTCRS,NEMLTCRS_103M,NEMLTCRS_ROT72,Glycine max (Soybean),1354.17,5698.16,1990,Conventional Till,None,No,74,11,67.184,NA,NA,0,7.5,NA,5.47,NA,NA
NEMLTCRS,NEMLTCRS_103S,NEMLTCRS_ROT71,Glycine max (Soybean),1105.14,5044.58,1990,Conventional Till,None,No,74,11,33.592,NA,NA,0,7.5,NA,6.3,NA,NA
NEMLTCRS,NEMLTCRS_104N,NEMLTCRS_ROT71,Zea mays (Corn),3459.98,16495.15,1990,Conventional Till,None,No,74,11,0,NA,NA,0,7.5,NA,6.2,NA,NA
NEMLTCRS,NEMLTCRS_104M,NEMLTCRS_ROT72,Zea mays (Corn),2639.48,14899,1990,Conventional Till,None,No,74,11,179.996,NA,NA,0,7.5,NA,5.98,NA,NA
NEMLTCRS,NEMLTCRS_104S,NEMLTCRS_ROT70,Zea mays (Corn),1354.85,9302.13,1990,Conventional Till,None,No,74,11,89.998,NA,NA,0,7.5,NA,6.79,NA,NA
NEMLTCRS,NEMLTCRS_107N,NEMLTCRS_ROT20,Glycine max (Soybean),766.39,4772.76,1990,Conventional Till,None,No,74,11,0,NA,NA,0,7.5,NA,6.51,NA,NA
NEMLTCRS,NEMLTCRS_107M,NEMLTCRS_ROT22,Glycine max (Soybean),820.62,4706.17,1990,Conventional Till,None,No,74,11,67.184,NA,NA,0,7.5,NA,6.31,NA,NA
NEMLTCRS,NEMLTCRS_107S,NEMLTCRS_ROT21,Glycine max (Soybean),809.57,4184.22,1990,Conventional Till,None,No,74,11,33.592,NA,NA,0,7.5,NA,6.46,NA,NA
NEMLTCRS,NEMLTCRS_108N,NEMLTCRS_ROT41,Glycine max (Soybean),899.38,4775,1990,Conventional Till,None,No,74,11,33.592,NA,NA,0,7.5,NA,6.04,NA,NA
NEMLTCRS,NEMLTCRS_108M,NEMLTCRS_ROT40,Glycine max (Soybean),1041.53,4666.02,1990,Conventional Till,None,No,74,11,0,NA,NA,0,7.5,NA,6.6,NA,NA
NEMLTCRS,NEMLTCRS_108S,NEMLTCRS_ROT42,Glycine max (Soybean),1030.15,4759.14,1990,Conventional Till,None,No,74,11,67.184,NA,NA,0,7.5,NA,5.62,NA,NA
NEMLTCRS,NEMLTCRS_109N,NEMLTCRS_ROT62,Zea mays (Corn),3298.99,17287.48,1990,Conventional Till,None,No,74,11,179.996,NA,NA,0,7.5,NA,5.52,NA,NA
NEMLTCRS,NEMLTCRS_109M,NEMLTCRS_ROT61,Zea mays (Corn),2744.96,14188.55,1990,Conventional Till,None,No,74,11,89.998,NA,NA,0,7.5,NA,6.41,NA,NA
NEMLTCRS,NEMLTCRS_109S,NEMLTCRS_ROT60,Zea mays (Corn),1767.13,11272.33,1990,Conventional Till,None,No,74,11,0,NA,NA,0,7.5,NA,6.83,NA,NA
NEMLTCRS,NEMLTCRS_113N,NEMLTCRS_ROT62,Glycine max (Soybean),1167.19,5301.17,1990,Conventional Till,None,No,74,11,67.184,NA,NA,0,7.5,NA,5.34,NA,NA
NEMLTCRS,NEMLTCRS_113M,NEMLTCRS_ROT60,Glycine max (Soybean),1199.01,4958.54,1990,Conventional Till,None,No,74,11,0,NA,NA,0,7.5,NA,6.99,NA,NA
NEMLTCRS,NEMLTCRS_113S,NEMLTCRS_ROT61,Glycine max (Soybean),1292.02,5526.38,1990,Conventional Till,None,No,74,11,33.592,NA,NA,0,7.5,NA,6.55,NA,NA
NEMLTCRS,NEMLTCRS_114N,NEMLTCRS_ROT52,Glycine max (Soybean),1232.29,5421.96,1990,Conventional Till,None,No,74,11,67.184,NA,NA,0,7.5,NA,5.87,NA,NA
NEMLTCRS,NEMLTCRS_114M,NEMLTCRS_ROT51,Glycine max (Soybean),1079.32,4820.88,1990,Conventional Till,None,No,74,11,33.592,NA,NA,0,7.5,NA,6.98,NA,NA
NEMLTCRS,NEMLTCRS_114S,NEMLTCRS_ROT50,Glycine max (Soybean),921.03,4103.92,1990,Conventional Till,None,No,74,11,0,NA,NA,0,7.5,NA,7.32,NA,NA
NEMLTCRS,NEMLTCRS_115N,NEMLTCRS_ROT12,Zea mays (Corn),2072.52,13909.96,1990,Conventional Till,None,No,74,11,179.996,NA,NA,0,7.5,NA,4.72,NA,NA
NEMLTCRS,NEMLTCRS_115M,NEMLTCRS_ROT11,Zea mays (Corn),2533.3,14243.01,1990,Conventional Till,None,No,74,11,0,NA,NA,0,7.5,NA,6.11,NA,NA
NEMLTCRS,NEMLTCRS_115S,NEMLTCRS_ROT10,Zea mays (Corn),1659.28,9384.34,1990,Conventional Till,None,No,74,11,89.998,NA,NA,0,7.5,NA,6.91,NA,NA
NEMLTCRS,NEMLTCRS_201N,NEMLTCRS_ROT40,Glycine max (Soybean),1267.8,5616.8,1990,Conventional Till,None,No,74,11,0,NA,NA,0,7.5,NA,7.35,NA,NA
NEMLTCRS,NEMLTCRS_201M,NEMLTCRS_ROT41,Glycine max (Soybean),933.63,4729.11,1990,Conventional Till,None,No,74,11,33.592,NA,NA,0,7.5,NA,6.87,NA,NA
NEMLTCRS,NEMLTCRS_201S,NEMLTCRS_ROT42,Glycine max (Soybean),1046.67,5077.77,1990,Conventional Till,None,No,74,11,67.184,NA,NA,0,7.5,NA,6.06,NA,NA
NEMLTCRS,NEMLTCRS_202N,NEMLTCRS_ROT62,Zea mays (Corn),2006.36,13709.27,1990,Conventional Till,None,No,74,11,179.996,NA,NA,0,7.5,NA,6.6,NA,NA
NEMLTCRS,NEMLTCRS_202M,NEMLTCRS_ROT61,Zea mays (Corn),2977.81,16732.28,1990,Conventional Till,None,No,74,11,89.998,NA,NA,0,7.5,NA,6.85,NA,NA
NEMLTCRS,NEMLTCRS_202S,NEMLTCRS_ROT60,Zea mays (Corn),1948.17,11095.8,1990,Conventional Till,None,No,74,11,0,NA,NA,0,7.5,NA,7.2,NA,NA
NEMLTCRS,NEMLTCRS_206N,NEMLTCRS_ROT61,Glycine max (Soybean),1118.36,4878.24,1990,Conventional Till,None,No,74,11,33.592,NA,NA,0,7.5,NA,6.47,NA,NA
NEMLTCRS,NEMLTCRS_206M,NEMLTCRS_ROT60,Glycine max (Soybean),1047.43,4757.79,1990,Conventional Till,None,No,74,11,0,NA,NA,0,7.5,NA,6.97,NA,NA
NEMLTCRS,NEMLTCRS_206S,NEMLTCRS_ROT62,Glycine max (Soybean),1090.66,4505.42,1990,Conventional Till,None,No,74,11,67.184,NA,NA,0,7.5,NA,5.5,NA,NA
NEMLTCRS,NEMLTCRS_207N,NEMLTCRS_ROT50,Glycine max (Soybean),1126.77,4849.56,1990,Conventional Till,None,No,74,11,0,NA,NA,0,7.5,NA,6.89,NA,NA
NEMLTCRS,NEMLTCRS_207M,NEMLTCRS_ROT51,Glycine max (Soybean),1103.65,4866.77,1990,Conventional Till,None,No,74,11,33.592,NA,NA,0,7.5,NA,6.42,NA,NA
NEMLTCRS,NEMLTCRS_207S,NEMLTCRS_ROT52,Glycine max (Soybean),1186.92,4992.95,1990,Conventional Till,None,No,74,11,67.184,NA,NA,0,7.5,NA,5.53,NA,NA
NEMLTCRS,NEMLTCRS_208N,NEMLTCRS_ROT12,Zea mays (Corn),2913.5,14927.44,1990,Conventional Till,None,No,74,11,179.996,NA,NA,0,7.5,NA,5.34,NA,NA
NEMLTCRS,NEMLTCRS_208M,NEMLTCRS_ROT10,Zea mays (Corn),1612.89,9932.1,1990,Conventional Till,None,No,74,11,0,NA,NA,0,7.5,NA,6.94,NA,NA
NEMLTCRS,NEMLTCRS_208S,NEMLTCRS_ROT11,Zea mays (Corn),2121.01,12778.61,1990,Conventional Till,None,No,74,11,89.998,NA,NA,0,7.5,NA,6.08,NA,NA
NEMLTCRS,NEMLTCRS_210N,NEMLTCRS_ROT41,Zea mays (Corn),2460.46,14987.73,1990,Conventional Till,None,No,74,11,89.998,NA,NA,0,7.5,NA,6.91,NA,NA
NEMLTCRS,NEMLTCRS_210M,NEMLTCRS_ROT40,Zea mays (Corn),1787.31,11171.13,1990,Conventional Till,None,No,74,11,0,NA,NA,0,7.5,NA,7.17,NA,NA
NEMLTCRS,NEMLTCRS_210S,NEMLTCRS_ROT42,Zea mays (Corn),2795.91,14909.63,1990,Conventional Till,None,No,74,11,179.996,NA,NA,0,7.5,NA,6.26,NA,NA
NEMLTCRS,NEMLTCRS_211N,NEMLTCRS_ROT71,Glycine max (Soybean),1303.27,5480.25,1990,Conventional Till,None,No,74,11,33.592,NA,NA,0,7.5,NA,6.65,NA,NA
NEMLTCRS,NEMLTCRS_211M,NEMLTCRS_ROT72,Glycine max (Soybean),1340.3,5595.21,1990,Conventional Till,None,No,74,11,67.184,NA,NA,0,7.5,NA,5.79,NA,NA
NEMLTCRS,NEMLTCRS_211S,NEMLTCRS_ROT70,Glycine max (Soybean),1474.77,6050.18,1990,Conventional Till,None,No,74,11,0,NA,NA,0,7.5,NA,7.11,NA,NA
NEMLTCRS,NEMLTCRS_212N,NEMLTCRS_ROT71,Zea mays (Corn),2722.47,14782.51,1990,Conventional Till,None,No,74,11,89.998,NA,NA,0,7.5,NA,6.73,NA,NA
NEMLTCRS,NEMLTCRS_212M,NEMLTCRS_ROT70,Zea mays (Corn),1866.98,11250.41,1990,Conventional Till,None,No,74,11,0,NA,NA,0,7.5,NA,7.07,NA,NA
NEMLTCRS,NEMLTCRS_212S,NEMLTCRS_ROT72,Zea mays (Corn),2643.54,14260.95,1990,Conventional Till,None,No,74,11,179.996,NA,NA,0,7.5,NA,5.73,NA,NA
NEMLTCRS,NEMLTCRS_215N,NEMLTCRS_ROT22,Glycine max (Soybean),1008.37,4694.7,1990,Conventional Till,None,No,74,11,67.184,NA,NA,0,7.5,NA,6.26,NA,NA
NEMLTCRS,NEMLTCRS_215M,NEMLTCRS_ROT21,Glycine max (Soybean),981.24,4476.74,1990,Conventional Till,None,No,74,11,33.592,NA,NA,0,7.5,NA,6.67,NA,NA
NEMLTCRS,NEMLTCRS_215S,NEMLTCRS_ROT20,Glycine max (Soybean),918.66,4006.41,1990,Conventional Till,None,No,74,11,0,NA,NA,0,7.5,NA,6.84,NA,NA
NEMLTCRS,NEMLTCRS_301N,NEMLTCRS_ROT71,Zea mays (Corn),2425.5,13164.74,1990,Conventional Till,None,No,74,11,89.998,NA,NA,0,7.5,NA,6.46,NA,NA
NEMLTCRS,NEMLTCRS_301M,NEMLTCRS_ROT72,Zea mays (Corn),2957.14,16400.67,1990,Conventional Till,None,No,74,11,179.996,NA,NA,0,7.5,NA,5.84,NA,NA
NEMLTCRS,NEMLTCRS_301S,NEMLTCRS_ROT70,Zea mays (Corn),2268.41,15973.74,1990,Conventional Till,None,No,74,11,0,NA,NA,0,7.5,NA,6.64,NA,NA
NEMLTCRS,NEMLTCRS_304N,NEMLTCRS_ROT22,Glycine max (Soybean),881.87,4740.58,1990,Conventional Till,None,No,74,11,67.184,NA,NA,0,7.5,NA,6.34,NA,NA
NEMLTCRS,NEMLTCRS_304M,NEMLTCRS_ROT21,Glycine max (Soybean),781.45,4264.52,1990,Conventional Till,None,No,74,11,33.592,NA,NA,0,7.5,NA,6.61,NA,NA
NEMLTCRS,NEMLTCRS_304S,NEMLTCRS_ROT20,Glycine max (Soybean),885.36,4396.44,1990,Conventional Till,None,No,74,11,0,NA,NA,0,7.5,NA,6.59,NA,NA
NEMLTCRS,NEMLTCRS_305N,NEMLTCRS_ROT41,Glycine max (Soybean),759.45,4402.17,1990,Conventional Till,None,No,74,11,33.592,NA,NA,0,7.5,NA,6.17,NA,NA
NEMLTCRS,NEMLTCRS_305M,NEMLTCRS_ROT40,Glycine max (Soybean),1017.55,5325.63,1990,Conventional Till,None,No,74,11,0,NA,NA,0,7.5,NA,6.67,NA,NA
NEMLTCRS,NEMLTCRS_305S,NEMLTCRS_ROT42,Glycine max (Soybean),1014.66,5446.08,1990,Conventional Till,None,No,74,11,67.184,NA,NA,0,7.5,NA,5.56,NA,NA
NEMLTCRS,NEMLTCRS_306N,NEMLTCRS_ROT60,Zea mays (Corn),1906.45,10649.54,1990,Conventional Till,None,No,74,11,0,NA,NA,0,7.5,NA,6.7,NA,NA
NEMLTCRS,NEMLTCRS_306M,NEMLTCRS_ROT61,Zea mays (Corn),3174.85,15868.94,1990,Conventional Till,None,No,74,11,89.998,NA,NA,0,7.5,NA,6.44,NA,NA
NEMLTCRS,NEMLTCRS_306S,NEMLTCRS_ROT62,Zea mays (Corn),2074.51,14589.97,1990,Conventional Till,None,No,74,11,179.996,NA,NA,0,7.5,NA,5.83,NA,NA
NEMLTCRS,NEMLTCRS_310N,NEMLTCRS_ROT62,Glycine max (Soybean),1221.94,5337.1,1990,Conventional Till,None,No,74,11,67.184,NA,NA,0,7.5,NA,5.62,NA,NA
NEMLTCRS,NEMLTCRS_310M,NEMLTCRS_ROT60,Glycine max (Soybean),1048.7,5378.69,1990,Conventional Till,None,No,74,11,0,NA,NA,0,7.5,NA,6.96,NA,NA
NEMLTCRS,NEMLTCRS_310S,NEMLTCRS_ROT61,Glycine max (Soybean),972.67,4866.77,1990,Conventional Till,None,No,74,11,33.592,NA,NA,0,7.5,NA,6.54,NA,NA
NEMLTCRS,NEMLTCRS_311N,NEMLTCRS_ROT51,Glycine max (Soybean),1262.1,5325.63,1990,Conventional Till,None,No,74,11,33.592,NA,NA,0,7.5,NA,6.61,NA,NA
NEMLTCRS,NEMLTCRS_311M,NEMLTCRS_ROT52,Glycine max (Soybean),1285.79,5514.91,1990,Conventional Till,None,No,74,11,67.184,NA,NA,0,7.5,NA,6.75,NA,NA
NEMLTCRS,NEMLTCRS_311S,NEMLTCRS_ROT50,Glycine max (Soybean),1212.74,5033.1,1990,Conventional Till,None,No,74,11,0,NA,NA,0,7.5,NA,6.86,NA,NA
NEMLTCRS,NEMLTCRS_312N,NEMLTCRS_ROT10,Zea mays (Corn),1368.55,9383.66,1990,Conventional Till,None,No,74,11,0,NA,NA,0,7.5,NA,6.72,NA,NA
NEMLTCRS,NEMLTCRS_312M,NEMLTCRS_ROT11,Zea mays (Corn),2353.39,12395.44,1990,Conventional Till,None,No,74,11,89.998,NA,NA,0,7.5,NA,6.11,NA,NA
NEMLTCRS,NEMLTCRS_312S,NEMLTCRS_ROT12,Zea mays (Corn),2186.41,13362.19,1990,Conventional Till,None,No,74,11,179.996,NA,NA,0,7.5,NA,5.17,NA,NA
NEMLTCRS,NEMLTCRS_314N,NEMLTCRS_ROT41,Zea mays (Corn),1809.92,13033.7,1990,Conventional Till,None,No,74,11,89.998,NA,NA,0,7.5,NA,6.6,NA,NA
NEMLTCRS,NEMLTCRS_314M,NEMLTCRS_ROT42,Zea mays (Corn),2354.44,13617.77,1990,Conventional Till,None,No,74,11,179.996,NA,NA,0,7.5,NA,6.21,NA,NA
NEMLTCRS,NEMLTCRS_314S,NEMLTCRS_ROT40,Zea mays (Corn),1441.85,9444.86,1990,Conventional Till,None,No,74,11,0,NA,NA,0,7.5,NA,6.92,NA,NA
NEMLTCRS,NEMLTCRS_315N,NEMLTCRS_ROT70,Glycine max (Soybean),1210.02,5279.35,1990,Conventional Till,None,No,74,11,0,NA,NA,0,7.5,NA,6.74,NA,NA
NEMLTCRS,NEMLTCRS_315M,NEMLTCRS_ROT71,Glycine max (Soybean),1194.91,5566.53,1990,Conventional Till,None,No,74,11,33.592,NA,NA,0,7.5,NA,6.26,NA,NA
NEMLTCRS,NEMLTCRS_315S,NEMLTCRS_ROT72,Glycine max (Soybean),1344.45,5933.1,1990,Conventional Till,None,No,74,11,67.184,NA,NA,0,7.5,NA,5.66,NA,NA
NEMLTCRS,NEMLTCRS_401N,NEMLTCRS_ROT41,Glycine max (Soybean),873.6,4018.09,1990,Conventional Till,None,No,74,11,33.592,NA,NA,0,7.5,NA,6.08,NA,NA
NEMLTCRS,NEMLTCRS_401M,NEMLTCRS_ROT42,Glycine max (Soybean),1257.07,6595.43,1990,Conventional Till,None,No,74,11,67.184,NA,NA,0,7.5,NA,5.49,NA,NA
NEMLTCRS,NEMLTCRS_401S,NEMLTCRS_ROT40,Glycine max (Soybean),1079.85,4832.35,1990,Conventional Till,None,No,74,11,0,NA,NA,0,7.5,NA,6.45,NA,NA
NEMLTCRS,NEMLTCRS_403N,NEMLTCRS_ROT72,Zea mays (Corn),3252.44,17886.75,1990,Conventional Till,None,No,74,11,179.996,NA,NA,0,7.5,NA,6.17,NA,NA
NEMLTCRS,NEMLTCRS_403M,NEMLTCRS_ROT70,Zea mays (Corn),1839.76,11862.56,1990,Conventional Till,None,No,74,11,0,NA,NA,0,7.5,NA,6.85,NA,NA
NEMLTCRS,NEMLTCRS_403S,NEMLTCRS_ROT71,Zea mays (Corn),2791.4,15796.82,1990,Conventional Till,None,No,74,11,89.998,NA,NA,0,7.5,NA,6.57,NA,NA
NEMLTCRS,NEMLTCRS_405N,NEMLTCRS_ROT70,Glycine max (Soybean),1328.21,5503.43,1990,Conventional Till,None,No,74,11,0,NA,NA,0,7.5,NA,6.62,NA,NA
NEMLTCRS,NEMLTCRS_405M,NEMLTCRS_ROT71,Glycine max (Soybean),1249.66,5446.08,1990,Conventional Till,None,No,74,11,33.592,NA,NA,0,7.5,NA,6.2,NA,NA
NEMLTCRS,NEMLTCRS_405S,NEMLTCRS_ROT72,Glycine max (Soybean),1356.58,5826.47,1990,Conventional Till,None,No,74,11,67.184,NA,NA,0,7.5,NA,5.83,NA,NA
NEMLTCRS,NEMLTCRS_407N,NEMLTCRS_ROT10,Zea mays (Corn),1360.1,8334.58,1990,Conventional Till,None,No,74,11,0,NA,NA,0,7.5,NA,6.61,NA,NA
NEMLTCRS,NEMLTCRS_407M,NEMLTCRS_ROT12,Zea mays (Corn),2351.8,12739.69,1990,Conventional Till,None,No,74,11,179.996,NA,NA,0,7.5,NA,4.86,NA,NA
NEMLTCRS,NEMLTCRS_407S,NEMLTCRS_ROT11,Zea mays (Corn),2433.96,14085.84,1990,Conventional Till,None,No,74,11,89.998,NA,NA,0,7.5,NA,5.95,NA,NA
NEMLTCRS,NEMLTCRS_408N,NEMLTCRS_ROT62,Glycine max (Soybean),1040.51,5130.61,1990,Conventional Till,None,No,74,11,67.184,NA,NA,0,7.5,NA,5.44,NA,NA
NEMLTCRS,NEMLTCRS_408M,NEMLTCRS_ROT60,Glycine max (Soybean),980.45,4740.58,1990,Conventional Till,None,No,74,11,0,NA,NA,0,7.5,NA,6.71,NA,NA
NEMLTCRS,NEMLTCRS_408S,NEMLTCRS_ROT61,Glycine max (Soybean),1272.88,5474.76,1990,Conventional Till,None,No,74,11,33.592,NA,NA,0,7.5,NA,6.2,NA,NA
NEMLTCRS,NEMLTCRS_410N,NEMLTCRS_ROT60,Zea mays (Corn),1333.57,8724.88,1990,Conventional Till,None,No,74,11,0,NA,NA,0,7.5,NA,6.86,NA,NA
NEMLTCRS,NEMLTCRS_410M,NEMLTCRS_ROT62,Zea mays (Corn),2559.8,16845.54,1990,Conventional Till,None,No,74,11,179.996,NA,NA,0,7.5,NA,6.13,NA,NA
NEMLTCRS,NEMLTCRS_410S,NEMLTCRS_ROT61,Zea mays (Corn),2726,15543.54,1990,Conventional Till,None,No,74,11,89.998,NA,NA,0,7.5,NA,6.48,NA,NA
NEMLTCRS,NEMLTCRS_411N,NEMLTCRS_ROT22,Glycine max (Soybean),792.03,4080.97,1990,Conventional Till,None,No,74,11,67.184,NA,NA,0,7.5,NA,6.7,NA,NA
NEMLTCRS,NEMLTCRS_411M,NEMLTCRS_ROT20,Glycine max (Soybean),983.7,4442.32,1990,Conventional Till,None,No,74,11,0,NA,NA,0,7.5,NA,7.08,NA,NA
NEMLTCRS,NEMLTCRS_411S,NEMLTCRS_ROT21,Glycine max (Soybean),1005.71,4597.19,1990,Conventional Till,None,No,74,11,33.592,NA,NA,0,7.5,NA,6.95,NA,NA
NEMLTCRS,NEMLTCRS_413N,NEMLTCRS_ROT51,Glycine max (Soybean),1147.61,4998.69,1990,Conventional Till,None,No,74,11,33.592,NA,NA,0,7.5,NA,6.49,NA,NA
NEMLTCRS,NEMLTCRS_413M,NEMLTCRS_ROT52,Glycine max (Soybean),1208.49,5142.08,1990,Conventional Till,None,No,74,11,67.184,NA,NA,0,7.5,NA,5.84,NA,NA
NEMLTCRS,NEMLTCRS_413S,NEMLTCRS_ROT50,Glycine max (Soybean),900.64,3874.49,1990,Conventional Till,None,No,74,11,0,NA,NA,0,7.5,NA,6.75,NA,NA
NEMLTCRS,NEMLTCRS_414N,NEMLTCRS_ROT41,Zea mays (Corn),2229.99,12486.15,1990,Conventional Till,None,No,74,11,89.998,NA,NA,0,7.5,NA,6.64,NA,NA
NEMLTCRS,NEMLTCRS_414M,NEMLTCRS_ROT42,Zea mays (Corn),2573.11,13787.71,1990,Conventional Till,None,No,74,11,179.996,NA,NA,0,7.5,NA,6.24,NA,NA
NEMLTCRS,NEMLTCRS_414S,NEMLTCRS_ROT40,Zea mays (Corn),1761.04,11219.7,1990,Conventional Till,None,No,74,11,0,NA,NA,0,7.5,NA,6.83,NA,NA
NEMLTCRS,NEMLTCRS_501N,NEMLTCRS_ROT71,Zea mays (Corn),2594.07,16512.58,1990,Conventional Till,None,No,74,11,89.998,NA,NA,0,7.5,NA,6.15,NA,NA
NEMLTCRS,NEMLTCRS_501M,NEMLTCRS_ROT72,Zea mays (Corn),2577.92,16346.32,1990,Conventional Till,None,No,74,11,179.996,NA,NA,0,7.5,NA,5.51,NA,NA
NEMLTCRS,NEMLTCRS_501S,NEMLTCRS_ROT70,Zea mays (Corn),2616.62,13454.76,1990,Conventional Till,None,No,74,11,0,NA,NA,0,7.5,NA,6.33,NA,NA
NEMLTCRS,NEMLTCRS_503N,NEMLTCRS_ROT40,Zea mays (Corn),2049.4,12384.59,1990,Conventional Till,None,No,74,11,0,NA,NA,0,7.5,NA,7.05,NA,NA
NEMLTCRS,NEMLTCRS_503M,NEMLTCRS_ROT42,Zea mays (Corn),3021.8,16456.46,1990,Conventional Till,None,No,74,11,179.996,NA,NA,0,7.5,NA,6.24,NA,NA
NEMLTCRS,NEMLTCRS_503S,NEMLTCRS_ROT41,Zea mays (Corn),2679.83,14814.32,1990,Conventional Till,None,No,74,11,89.998,NA,NA,0,7.5,NA,6.42,NA,NA
NEMLTCRS,NEMLTCRS_504N,NEMLTCRS_ROT72,Glycine max (Soybean),1137.88,5360.04,1990,Conventional Till,None,No,74,11,67.184,NA,NA,0,7.5,NA,5.63,NA,NA
NEMLTCRS,NEMLTCRS_504M,NEMLTCRS_ROT71,Glycine max (Soybean),1247.34,5526.38,1990,Conventional Till,None,No,74,11,33.592,NA,NA,0,7.5,NA,6.24,NA,NA
NEMLTCRS,NEMLTCRS_504S,NEMLTCRS_ROT70,Glycine max (Soybean),1131.46,5331.36,1990,Conventional Till,None,No,74,11,0,NA,NA,0,7.5,NA,6.55,NA,NA
NEMLTCRS,NEMLTCRS_506N,NEMLTCRS_ROT60,Zea mays (Corn),1091.86,8106.24,1990,Conventional Till,None,No,74,11,0,NA,NA,0,7.5,NA,6.81,NA,NA
NEMLTCRS,NEMLTCRS_506M,NEMLTCRS_ROT62,Zea mays (Corn),2018.56,11473.03,1990,Conventional Till,None,No,74,11,179.996,NA,NA,0,7.5,NA,6.14,NA,NA
NEMLTCRS,NEMLTCRS_506S,NEMLTCRS_ROT61,Zea mays (Corn),1892.36,13703.52,1990,Conventional Till,None,No,74,11,89.998,NA,NA,0,7.5,NA,6.28,NA,NA
NEMLTCRS,NEMLTCRS_507N,NEMLTCRS_ROT12,Zea mays (Corn),2795.96,13412.1,1990,Conventional Till,None,No,74,11,179.996,NA,NA,0,7.5,NA,5.19,NA,NA
NEMLTCRS,NEMLTCRS_507M,NEMLTCRS_ROT11,Zea mays (Corn),2441.41,13904.89,1990,Conventional Till,None,No,74,11,89.998,NA,NA,0,7.5,NA,6.24,NA,NA
NEMLTCRS,NEMLTCRS_507S,NEMLTCRS_ROT10,Zea mays (Corn),1515,10401.29,1990,Conventional Till,None,No,74,11,0,NA,NA,0,7.5,NA,6.68,NA,NA
NEMLTCRS,NEMLTCRS_510N,NEMLTCRS_ROT21,Glycine max (Soybean),975.18,4218.63,1990,Conventional Till,None,No,74,11,33.592,NA,NA,0,7.5,NA,6.84,NA,NA
NEMLTCRS,NEMLTCRS_510M,NEMLTCRS_ROT20,Glycine max (Soybean),1068.11,4683.23,1990,Conventional Till,None,No,74,11,0,NA,NA,0,7.5,NA,6.92,NA,NA
NEMLTCRS,NEMLTCRS_510S,NEMLTCRS_ROT22,Glycine max (Soybean),1102.86,4717.64,1990,Conventional Till,None,No,74,11,67.184,NA,NA,0,7.5,NA,6.82,NA,NA
NEMLTCRS,NEMLTCRS_512N,NEMLTCRS_ROT40,Glycine max (Soybean),1250.03,5073.25,1990,Conventional Till,None,No,74,11,0,NA,NA,0,7.5,NA,6.71,NA,NA
NEMLTCRS,NEMLTCRS_512M,NEMLTCRS_ROT41,Glycine max (Soybean),1273.79,5405.93,1990,Conventional Till,None,No,74,11,33.592,NA,NA,0,7.5,NA,6.41,NA,NA
NEMLTCRS,NEMLTCRS_512S,NEMLTCRS_ROT42,Glycine max (Soybean),1071.71,4467.84,1990,Conventional Till,None,No,74,11,67.184,NA,NA,0,7.5,NA,5.77,NA,NA
NEMLTCRS,NEMLTCRS_514N,NEMLTCRS_ROT52,Glycine max (Soybean),1055.22,4746.32,1990,Conventional Till,None,No,74,11,67.184,NA,NA,0,7.5,NA,6.28,NA,NA
NEMLTCRS,NEMLTCRS_514M,NEMLTCRS_ROT50,Glycine max (Soybean),890.66,4430.85,1990,Conventional Till,None,No,74,11,0,NA,NA,0,7.5,NA,6.94,NA,NA
NEMLTCRS,NEMLTCRS_514S,NEMLTCRS_ROT51,Glycine max (Soybean),896.09,4809.41,1990,Conventional Till,None,No,74,11,33.592,NA,NA,0,7.5,NA,6.52,NA,NA
NEMLTCRS,NEMLTCRS_515N,NEMLTCRS_ROT60,Glycine max (Soybean),981.89,5319.89,1990,Conventional Till,None,No,74,11,0,NA,NA,0,7.5,NA,6.51,NA,NA
NEMLTCRS,NEMLTCRS_515M,NEMLTCRS_ROT62,Glycine max (Soybean),1209.2,6206.06,1990,Conventional Till,None,No,74,11,67.184,NA,NA,0,7.5,NA,5.86,NA,NA
NEMLTCRS,NEMLTCRS_515S,NEMLTCRS_ROT61,Glycine max (Soybean),1069.51,5193.71,1990,Conventional Till,None,No,74,11,33.592,NA,NA,0,7.5,NA,6.02,NA,NA
NEMLTCRS,NEMLTCRS_101N,NEMLTCRS_ROT52,Glycine max (Soybean),1045.02,5078.99,1991,Conventional Till,None,No,74,11,67.184,NA,NA,0,7.5,NA,5.98,NA,NA
NEMLTCRS,NEMLTCRS_101M,NEMLTCRS_ROT51,Glycine max (Soybean),1466.23,6685,1991,Conventional Till,None,No,74,11,33.592,NA,NA,0,7.5,NA,6.39,NA,NA
NEMLTCRS,NEMLTCRS_101S,NEMLTCRS_ROT50,Glycine max (Soybean),1023.88,4924.13,1991,Conventional Till,None,No,74,11,0,NA,NA,0,7.5,NA,6.8,NA,NA
NEMLTCRS,NEMLTCRS_102N,NEMLTCRS_ROT42,Glycine max (Soybean),1431.43,5836.11,1991,Conventional Till,None,No,74,11,67.184,NA,NA,0,7.5,NA,6.23,NA,NA
NEMLTCRS,NEMLTCRS_102M,NEMLTCRS_ROT40,Glycine max (Soybean),1294.67,6111.42,1991,Conventional Till,None,No,74,11,0,NA,NA,0,7.5,NA,6.97,NA,NA
NEMLTCRS,NEMLTCRS_102S,NEMLTCRS_ROT41,Glycine max (Soybean),874.55,4218.63,1991,Conventional Till,None,No,74,11,33.592,NA,NA,0,7.5,NA,6.66,NA,NA
NEMLTCRS,NEMLTCRS_104N,NEMLTCRS_ROT71,Glycine max (Soybean),1100.27,5503.43,1991,Conventional Till,None,No,74,11,0,NA,NA,0,7.5,NA,6.2,NA,NA
NEMLTCRS,NEMLTCRS_104M,NEMLTCRS_ROT72,Glycine max (Soybean),1381.73,7258.57,1991,Conventional Till,None,No,74,11,67.184,NA,NA,0,7.5,NA,5.98,NA,NA
NEMLTCRS,NEMLTCRS_104S,NEMLTCRS_ROT70,Glycine max (Soybean),1177.71,6719.41,1991,Conventional Till,None,No,74,11,33.592,NA,NA,0,7.5,NA,6.79,NA,NA
NEMLTCRS,NEMLTCRS_105N,NEMLTCRS_ROT72,Zea mays (Corn),2657.15,12544.19,1991,Conventional Till,None,No,74,11,179.996,NA,NA,0,7.5,NA,5.71,NA,NA
NEMLTCRS,NEMLTCRS_105M,NEMLTCRS_ROT70,Zea mays (Corn),2034.05,10410.37,1991,Conventional Till,None,No,74,11,0,NA,NA,0,7.5,NA,6.83,NA,NA
NEMLTCRS,NEMLTCRS_105S,NEMLTCRS_ROT71,Zea mays (Corn),2660.2,11366.14,1991,Conventional Till,None,No,74,11,89.998,NA,NA,0,7.5,NA,6.37,NA,NA
NEMLTCRS,NEMLTCRS_107N,NEMLTCRS_ROT20,Glycine max (Soybean),613.85,3220.61,1991,Conventional Till,None,No,74,11,0,NA,NA,0,7.5,NA,6.51,NA,NA
NEMLTCRS,NEMLTCRS_107M,NEMLTCRS_ROT22,Glycine max (Soybean),1002.8,4287.46,1991,Conventional Till,None,No,74,11,67.184,NA,NA,0,7.5,NA,6.31,NA,NA
NEMLTCRS,NEMLTCRS_107S,NEMLTCRS_ROT21,Glycine max (Soybean),782.28,4321.87,1991,Conventional Till,None,No,74,11,33.592,NA,NA,0,7.5,NA,6.46,NA,NA
NEMLTCRS,NEMLTCRS_108N,NEMLTCRS_ROT41,Zea mays (Corn),3563.9,18413.96,1991,Conventional Till,None,No,74,11,89.998,NA,NA,0,7.5,NA,6.04,NA,NA
NEMLTCRS,NEMLTCRS_108M,NEMLTCRS_ROT40,Zea mays (Corn),1972.56,10965.51,1991,Conventional Till,None,No,74,11,0,NA,NA,0,7.5,NA,6.6,NA,NA
NEMLTCRS,NEMLTCRS_108S,NEMLTCRS_ROT42,Zea mays (Corn),2741.28,13575.7,1991,Conventional Till,None,No,74,11,179.996,NA,NA,0,7.5,NA,5.62,NA,NA
NEMLTCRS,NEMLTCRS_112N,NEMLTCRS_ROT60,Glycine max (Soybean),1186.94,6690.73,1991,Conventional Till,None,No,74,11,0,NA,NA,0,7.5,NA,6.67,NA,NA
NEMLTCRS,NEMLTCRS_112M,NEMLTCRS_ROT62,Glycine max (Soybean),1622.54,7746.11,1991,Conventional Till,None,No,74,11,67.184,NA,NA,0,7.5,NA,6.01,NA,NA
NEMLTCRS,NEMLTCRS_112S,NEMLTCRS_ROT61,Glycine max (Soybean),559.7,3748.3,1991,Conventional Till,None,No,74,11,33.592,NA,NA,0,7.5,NA,6.53,NA,NA
NEMLTCRS,NEMLTCRS_113N,NEMLTCRS_ROT62,Zea mays (Corn),3008.5,13744.58,1991,Conventional Till,None,No,74,11,179.996,NA,NA,0,7.5,NA,5.34,NA,NA
NEMLTCRS,NEMLTCRS_113M,NEMLTCRS_ROT60,Zea mays (Corn),3546.1,18232.37,1991,Conventional Till,None,No,74,11,0,NA,NA,0,7.5,NA,6.99,NA,NA
NEMLTCRS,NEMLTCRS_113S,NEMLTCRS_ROT61,Zea mays (Corn),2569.8,14871.3,1991,Conventional Till,None,No,74,11,89.998,NA,NA,0,7.5,NA,6.55,NA,NA
NEMLTCRS,NEMLTCRS_115N,NEMLTCRS_ROT12,Zea mays (Corn),2470.38,11478.58,1991,Conventional Till,None,No,74,11,179.996,NA,NA,0,7.5,NA,4.72,NA,NA
NEMLTCRS,NEMLTCRS_115M,NEMLTCRS_ROT11,Zea mays (Corn),2957.59,13145.11,1991,Conventional Till,None,No,74,11,0,NA,NA,0,7.5,NA,6.11,NA,NA
NEMLTCRS,NEMLTCRS_115S,NEMLTCRS_ROT10,Zea mays (Corn),1715.94,9169.27,1991,Conventional Till,None,No,74,11,89.998,NA,NA,0,7.5,NA,6.91,NA,NA
NEMLTCRS,NEMLTCRS_201N,NEMLTCRS_ROT40,Zea mays (Corn),2322.27,11529.48,1991,Conventional Till,None,No,74,11,0,NA,NA,0,7.5,NA,7.35,NA,NA
NEMLTCRS,NEMLTCRS_201M,NEMLTCRS_ROT41,Zea mays (Corn),3257.85,14650.43,1991,Conventional Till,None,No,74,11,89.998,NA,NA,0,7.5,NA,6.87,NA,NA
NEMLTCRS,NEMLTCRS_201S,NEMLTCRS_ROT42,Zea mays (Corn),3403.47,15896.97,1991,Conventional Till,None,No,74,11,179.996,NA,NA,0,7.5,NA,6.06,NA,NA
NEMLTCRS,NEMLTCRS_205N,NEMLTCRS_ROT62,Glycine max (Soybean),1430.41,6535.87,1991,Conventional Till,None,No,74,11,67.184,NA,NA,0,7.5,NA,5.92,NA,NA
NEMLTCRS,NEMLTCRS_205M,NEMLTCRS_ROT61,Glycine max (Soybean),627.51,5526.38,1991,Conventional Till,None,No,74,11,33.592,NA,NA,0,7.5,NA,6.45,NA,NA
NEMLTCRS,NEMLTCRS_205S,NEMLTCRS_ROT60,Glycine max (Soybean),1188.46,5405.93,1991,Conventional Till,None,No,74,11,0,NA,NA,0,7.5,NA,6.78,NA,NA
NEMLTCRS,NEMLTCRS_206N,NEMLTCRS_ROT61,Zea mays (Corn),3297.93,16365.97,1991,Conventional Till,None,No,74,11,89.998,NA,NA,0,7.5,NA,6.47,NA,NA
NEMLTCRS,NEMLTCRS_206M,NEMLTCRS_ROT60,Zea mays (Corn),3091.96,15057.66,1991,Conventional Till,None,No,74,11,0,NA,NA,0,7.5,NA,6.97,NA,NA
NEMLTCRS,NEMLTCRS_206S,NEMLTCRS_ROT62,Zea mays (Corn),2936.3,14783.51,1991,Conventional Till,None,No,74,11,179.996,NA,NA,0,7.5,NA,5.5,NA,NA
NEMLTCRS,NEMLTCRS_208N,NEMLTCRS_ROT12,Zea mays (Corn),2532.7,11727.61,1991,Conventional Till,None,No,74,11,179.996,NA,NA,0,7.5,NA,5.34,NA,NA
NEMLTCRS,NEMLTCRS_208M,NEMLTCRS_ROT10,Zea mays (Corn),1286.45,7628.59,1991,Conventional Till,None,No,74,11,0,NA,NA,0,7.5,NA,6.94,NA,NA
NEMLTCRS,NEMLTCRS_208S,NEMLTCRS_ROT11,Zea mays (Corn),2983.33,13867.06,1991,Conventional Till,None,No,74,11,89.998,NA,NA,0,7.5,NA,6.08,NA,NA
NEMLTCRS,NEMLTCRS_209N,NEMLTCRS_ROT50,Glycine max (Soybean),1275.03,5514.91,1991,Conventional Till,None,No,74,11,0,NA,NA,0,7.5,NA,7.02,NA,NA
NEMLTCRS,NEMLTCRS_209M,NEMLTCRS_ROT52,Glycine max (Soybean),1484.96,7591.24,1991,Conventional Till,None,No,74,11,67.184,NA,NA,0,7.5,NA,6.45,NA,NA
NEMLTCRS,NEMLTCRS_209S,NEMLTCRS_ROT51,Glycine max (Soybean),1100.4,5514.91,1991,Conventional Till,None,No,74,11,33.592,NA,NA,0,7.5,NA,6.69,NA,NA
NEMLTCRS,NEMLTCRS_210N,NEMLTCRS_ROT41,Glycine max (Soybean),1030.39,6048.33,1991,Conventional Till,None,No,74,11,33.592,NA,NA,0,7.5,NA,6.91,NA,NA
NEMLTCRS,NEMLTCRS_210M,NEMLTCRS_ROT40,Glycine max (Soybean),1460.14,5377.25,1991,Conventional Till,None,No,74,11,0,NA,NA,0,7.5,NA,7.17,NA,NA
NEMLTCRS,NEMLTCRS_210S,NEMLTCRS_ROT42,Glycine max (Soybean),1402.29,6604.7,1991,Conventional Till,None,No,74,11,67.184,NA,NA,0,7.5,NA,6.26,NA,NA
NEMLTCRS,NEMLTCRS_212N,NEMLTCRS_ROT71,Glycine max (Soybean),876.69,4350.55,1991,Conventional Till,None,No,74,11,33.592,NA,NA,0,7.5,NA,6.73,NA,NA
NEMLTCRS,NEMLTCRS_212M,NEMLTCRS_ROT70,Glycine max (Soybean),1049.17,6593.22,1991,Conventional Till,None,No,74,11,0,NA,NA,0,7.5,NA,7.07,NA,NA
NEMLTCRS,NEMLTCRS_212S,NEMLTCRS_ROT72,Glycine max (Soybean),1126.72,6467.04,1991,Conventional Till,None,No,74,11,67.184,NA,NA,0,7.5,NA,5.73,NA,NA
NEMLTCRS,NEMLTCRS_213N,NEMLTCRS_ROT70,Zea mays (Corn),2085.22,9801.68,1991,Conventional Till,None,No,74,11,0,NA,NA,0,7.5,NA,6.82,NA,NA
NEMLTCRS,NEMLTCRS_213M,NEMLTCRS_ROT71,Zea mays (Corn),3114.59,14854.46,1991,Conventional Till,None,No,74,11,89.998,NA,NA,0,7.5,NA,6.56,NA,NA
NEMLTCRS,NEMLTCRS_213S,NEMLTCRS_ROT72,Zea mays (Corn),2757.01,13035.89,1991,Conventional Till,None,No,74,11,179.996,NA,NA,0,7.5,NA,5.9,NA,NA
NEMLTCRS,NEMLTCRS_215N,NEMLTCRS_ROT22,Glycine max (Soybean),1118.46,4729.11,1991,Conventional Till,None,No,74,11,67.184,NA,NA,0,7.5,NA,6.26,NA,NA
NEMLTCRS,NEMLTCRS_215M,NEMLTCRS_ROT21,Glycine max (Soybean),1005.78,4247.31,1991,Conventional Till,None,No,74,11,33.592,NA,NA,0,7.5,NA,6.67,NA,NA
NEMLTCRS,NEMLTCRS_215S,NEMLTCRS_ROT20,Glycine max (Soybean),982.89,4224.37,1991,Conventional Till,None,No,74,11,0,NA,NA,0,7.5,NA,6.84,NA,NA
NEMLTCRS,NEMLTCRS_301N,NEMLTCRS_ROT71,Glycine max (Soybean),1098.05,7287.25,1991,Conventional Till,None,No,74,11,33.592,NA,NA,0,7.5,NA,6.46,NA,NA
NEMLTCRS,NEMLTCRS_301M,NEMLTCRS_ROT72,Glycine max (Soybean),1122.46,5176.5,1991,Conventional Till,None,No,74,11,67.184,NA,NA,0,7.5,NA,5.84,NA,NA
NEMLTCRS,NEMLTCRS_301S,NEMLTCRS_ROT70,Glycine max (Soybean),929.07,4694.7,1991,Conventional Till,None,No,74,11,0,NA,NA,0,7.5,NA,6.64,NA,NA
NEMLTCRS,NEMLTCRS_302N,NEMLTCRS_ROT72,Zea mays (Corn),2224.9,11197.39,1991,Conventional Till,None,No,74,11,179.996,NA,NA,0,7.5,NA,6.27,NA,NA
NEMLTCRS,NEMLTCRS_302M,NEMLTCRS_ROT70,Zea mays (Corn),1909.75,9514.82,1991,Conventional Till,None,No,74,11,0,NA,NA,0,7.5,NA,7.02,NA,NA
NEMLTCRS,NEMLTCRS_302S,NEMLTCRS_ROT71,Zea mays (Corn),3234.4,14987.28,1991,Conventional Till,None,No,74,11,89.998,NA,NA,0,7.5,NA,6.68,NA,NA
NEMLTCRS,NEMLTCRS_304N,NEMLTCRS_ROT22,Glycine max (Soybean),807.66,3977.73,1991,Conventional Till,None,No,74,11,67.184,NA,NA,0,7.5,NA,6.34,NA,NA
NEMLTCRS,NEMLTCRS_304M,NEMLTCRS_ROT21,Glycine max (Soybean),735.87,4298.93,1991,Conventional Till,None,No,74,11,33.592,NA,NA,0,7.5,NA,6.61,NA,NA
NEMLTCRS,NEMLTCRS_304S,NEMLTCRS_ROT20,Glycine max (Soybean),818.03,3673.74,1991,Conventional Till,None,No,74,11,0,NA,NA,0,7.5,NA,6.59,NA,NA
NEMLTCRS,NEMLTCRS_305N,NEMLTCRS_ROT41,Zea mays (Corn),3237.03,14816.11,1991,Conventional Till,None,No,74,11,89.998,NA,NA,0,7.5,NA,6.17,NA,NA
NEMLTCRS,NEMLTCRS_305M,NEMLTCRS_ROT40,Zea mays (Corn),2510.49,10600.21,1991,Conventional Till,None,No,74,11,0,NA,NA,0,7.5,NA,6.67,NA,NA
NEMLTCRS,NEMLTCRS_305S,NEMLTCRS_ROT42,Zea mays (Corn),3486.78,16031.66,1991,Conventional Till,None,No,74,11,179.996,NA,NA,0,7.5,NA,5.56,NA,NA
NEMLTCRS,NEMLTCRS_309N,NEMLTCRS_ROT62,Glycine max (Soybean),1322.88,6507.19,1991,Conventional Till,None,No,74,11,67.184,NA,NA,0,7.5,NA,6.12,NA,NA
NEMLTCRS,NEMLTCRS_309M,NEMLTCRS_ROT60,Glycine max (Soybean),1191.84,6002.44,1991,Conventional Till,None,No,74,11,0,NA,NA,0,7.5,NA,6.9,NA,NA
NEMLTCRS,NEMLTCRS_309S,NEMLTCRS_ROT61,Glycine max (Soybean),1195.34,4253.05,1991,Conventional Till,None,No,74,11,33.592,NA,NA,0,7.5,NA,6.69,NA,NA
NEMLTCRS,NEMLTCRS_310N,NEMLTCRS_ROT62,Zea mays (Corn),1946.41,10934.48,1991,Conventional Till,None,No,74,11,179.996,NA,NA,0,7.5,NA,5.62,NA,NA
NEMLTCRS,NEMLTCRS_310M,NEMLTCRS_ROT60,Zea mays (Corn),2499.43,11549.3,1991,Conventional Till,None,No,74,11,0,NA,NA,0,7.5,NA,6.96,NA,NA
NEMLTCRS,NEMLTCRS_310S,NEMLTCRS_ROT61,Zea mays (Corn),3163.78,14837.58,1991,Conventional Till,None,No,74,11,89.998,NA,NA,0,7.5,NA,6.54,NA,NA
NEMLTCRS,NEMLTCRS_312N,NEMLTCRS_ROT10,Zea mays (Corn),1698.77,8043.47,1991,Conventional Till,None,No,74,11,0,NA,NA,0,7.5,NA,6.72,NA,NA
NEMLTCRS,NEMLTCRS_312M,NEMLTCRS_ROT11,Zea mays (Corn),3041.29,13301.68,1991,Conventional Till,None,No,74,11,89.998,NA,NA,0,7.5,NA,6.11,NA,NA
NEMLTCRS,NEMLTCRS_312S,NEMLTCRS_ROT12,Zea mays (Corn),1766.7,8333.75,1991,Conventional Till,None,No,74,11,179.996,NA,NA,0,7.5,NA,5.17,NA,NA
NEMLTCRS,NEMLTCRS_313N,NEMLTCRS_ROT51,Glycine max (Soybean),1156.51,6289.23,1991,Conventional Till,None,No,74,11,33.592,NA,NA,0,7.5,NA,6.39,NA,NA
NEMLTCRS,NEMLTCRS_313M,NEMLTCRS_ROT52,Glycine max (Soybean),1467.94,8124.66,1991,Conventional Till,None,No,74,11,67.184,NA,NA,0,7.5,NA,5.76,NA,NA
NEMLTCRS,NEMLTCRS_313S,NEMLTCRS_ROT50,Glycine max (Soybean),1131.26,6197.46,1991,Conventional Till,None,No,74,11,0,NA,NA,0,7.5,NA,6.75,NA,NA
NEMLTCRS,NEMLTCRS_314N,NEMLTCRS_ROT41,Glycine max (Soybean),1262.79,5956.56,1991,Conventional Till,None,No,74,11,33.592,NA,NA,0,7.5,NA,6.6,NA,NA
NEMLTCRS,NEMLTCRS_314M,NEMLTCRS_ROT42,Glycine max (Soybean),1146.04,5520.64,1991,Conventional Till,None,No,74,11,67.184,NA,NA,0,7.5,NA,6.21,NA,NA
NEMLTCRS,NEMLTCRS_314S,NEMLTCRS_ROT40,Glycine max (Soybean),1045.44,5738.6,1991,Conventional Till,None,No,74,11,0,NA,NA,0,7.5,NA,6.92,NA,NA
NEMLTCRS,NEMLTCRS_401N,NEMLTCRS_ROT41,Zea mays (Corn),3218.26,14292.27,1991,Conventional Till,None,No,74,11,89.998,NA,NA,0,7.5,NA,6.08,NA,NA
NEMLTCRS,NEMLTCRS_401M,NEMLTCRS_ROT42,Zea mays (Corn),2678.26,12848.95,1991,Conventional Till,None,No,74,11,179.996,NA,NA,0,7.5,NA,5.49,NA,NA
NEMLTCRS,NEMLTCRS_401S,NEMLTCRS_ROT40,Zea mays (Corn),3378.23,17310.39,1991,Conventional Till,None,No,74,11,0,NA,NA,0,7.5,NA,6.45,NA,NA
NEMLTCRS,NEMLTCRS_402N,NEMLTCRS_ROT61,Glycine max (Soybean),1056.19,4947.07,1991,Conventional Till,None,No,74,11,33.592,NA,NA,0,7.5,NA,6.59,NA,NA
NEMLTCRS,NEMLTCRS_402M,NEMLTCRS_ROT60,Glycine max (Soybean),1281.68,6013.92,1991,Conventional Till,None,No,74,11,0,NA,NA,0,7.5,NA,6.76,NA,NA
NEMLTCRS,NEMLTCRS_402S,NEMLTCRS_ROT62,Glycine max (Soybean),1123.19,6059.8,1991,Conventional Till,None,No,74,11,67.184,NA,NA,0,7.5,NA,6.12,NA,NA
NEMLTCRS,NEMLTCRS_403N,NEMLTCRS_ROT72,Glycine max (Soybean),1182.51,5744.34,1991,Conventional Till,None,No,74,11,67.184,NA,NA,0,7.5,NA,6.17,NA,NA
NEMLTCRS,NEMLTCRS_403M,NEMLTCRS_ROT70,Glycine max (Soybean),962.91,5090.46,1991,Conventional Till,None,No,74,11,0,NA,NA,0,7.5,NA,6.85,NA,NA
NEMLTCRS,NEMLTCRS_403S,NEMLTCRS_ROT71,Glycine max (Soybean),1173.49,5744.34,1991,Conventional Till,None,No,74,11,33.592,NA,NA,0,7.5,NA,6.57,NA,NA
NEMLTCRS,NEMLTCRS_407N,NEMLTCRS_ROT10,Zea mays (Corn),1183.66,6203.89,1991,Conventional Till,None,No,74,11,0,NA,NA,0,7.5,NA,6.61,NA,NA
NEMLTCRS,NEMLTCRS_407M,NEMLTCRS_ROT12,Zea mays (Corn),4018.65,17589.39,1991,Conventional Till,None,No,74,11,179.996,NA,NA,0,7.5,NA,4.86,NA,NA
NEMLTCRS,NEMLTCRS_407S,NEMLTCRS_ROT11,Zea mays (Corn),2538.49,11760,1991,Conventional Till,None,No,74,11,89.998,NA,NA,0,7.5,NA,5.95,NA,NA
NEMLTCRS,NEMLTCRS_408N,NEMLTCRS_ROT62,Zea mays (Corn),3195.92,14781.01,1991,Conventional Till,None,No,74,11,179.996,NA,NA,0,7.5,NA,5.44,NA,NA
NEMLTCRS,NEMLTCRS_408M,NEMLTCRS_ROT60,Zea mays (Corn),2684.82,13736.95,1991,Conventional Till,None,No,74,11,0,NA,NA,0,7.5,NA,6.71,NA,NA
NEMLTCRS,NEMLTCRS_408S,NEMLTCRS_ROT61,Zea mays (Corn),3109.99,16541.97,1991,Conventional Till,None,No,74,11,89.998,NA,NA,0,7.5,NA,6.2,NA,NA
NEMLTCRS,NEMLTCRS_409N,NEMLTCRS_ROT51,Glycine max (Soybean),384.65,2761.75,1991,Conventional Till,None,No,74,11,33.592,NA,NA,0,7.5,NA,6.6,NA,NA
NEMLTCRS,NEMLTCRS_409M,NEMLTCRS_ROT52,Glycine max (Soybean),1094.5,6868.54,1991,Conventional Till,None,No,74,11,67.184,NA,NA,0,7.5,NA,6.05,NA,NA
NEMLTCRS,NEMLTCRS_409S,NEMLTCRS_ROT50,Glycine max (Soybean),941.86,7212.68,1991,Conventional Till,None,No,74,11,0,NA,NA,0,7.5,NA,6.86,NA,NA
NEMLTCRS,NEMLTCRS_411N,NEMLTCRS_ROT22,Glycine max (Soybean),740.6,3174.73,1991,Conventional Till,None,No,74,11,67.184,NA,NA,0,7.5,NA,6.7,NA,NA
NEMLTCRS,NEMLTCRS_411M,NEMLTCRS_ROT20,Glycine max (Soybean),839.82,4384.97,1991,Conventional Till,None,No,74,11,0,NA,NA,0,7.5,NA,7.08,NA,NA
NEMLTCRS,NEMLTCRS_411S,NEMLTCRS_ROT21,Glycine max (Soybean),1024.91,5165.03,1991,Conventional Till,None,No,74,11,33.592,NA,NA,0,7.5,NA,6.95,NA,NA
NEMLTCRS,NEMLTCRS_412N,NEMLTCRS_ROT70,Zea mays (Corn),2493.68,12031.56,1991,Conventional Till,None,No,74,11,0,NA,NA,0,7.5,NA,6.86,NA,NA
NEMLTCRS,NEMLTCRS_412M,NEMLTCRS_ROT71,Zea mays (Corn),3197.43,14461,1991,Conventional Till,None,No,74,11,89.998,NA,NA,0,7.5,NA,6.55,NA,NA
NEMLTCRS,NEMLTCRS_412S,NEMLTCRS_ROT72,Zea mays (Corn),3276.36,14960.06,1991,Conventional Till,None,No,74,11,179.996,NA,NA,0,7.5,NA,6.04,NA,NA
NEMLTCRS,NEMLTCRS_414N,NEMLTCRS_ROT41,Glycine max (Soybean),929.4,4551.3,1991,Conventional Till,None,No,74,11,33.592,NA,NA,0,7.5,NA,6.64,NA,NA
NEMLTCRS,NEMLTCRS_414M,NEMLTCRS_ROT42,Glycine max (Soybean),1247.54,5532.11,1991,Conventional Till,None,No,74,11,67.184,NA,NA,0,7.5,NA,6.24,NA,NA
NEMLTCRS,NEMLTCRS_414S,NEMLTCRS_ROT40,Glycine max (Soybean),1455.48,6788.24,1991,Conventional Till,None,No,74,11,0,NA,NA,0,7.5,NA,6.83,NA,NA
NEMLTCRS,NEMLTCRS_501N,NEMLTCRS_ROT71,Glycine max (Soybean),972.46,5159.29,1991,Conventional Till,None,No,74,11,33.592,NA,NA,0,7.5,NA,6.15,NA,NA
NEMLTCRS,NEMLTCRS_501M,NEMLTCRS_ROT72,Glycine max (Soybean),1270.13,6587.49,1991,Conventional Till,None,No,74,11,67.184,NA,NA,0,7.5,NA,5.51,NA,NA
NEMLTCRS,NEMLTCRS_501S,NEMLTCRS_ROT70,Glycine max (Soybean),1233.09,6237.61,1991,Conventional Till,None,No,74,11,0,NA,NA,0,7.5,NA,6.33,NA,NA
NEMLTCRS,NEMLTCRS_502N,NEMLTCRS_ROT62,Glycine max (Soybean),1126.2,5142.08,1991,Conventional Till,None,No,74,11,67.184,NA,NA,0,7.5,NA,6.66,NA,NA
NEMLTCRS,NEMLTCRS_502M,NEMLTCRS_ROT61,Glycine max (Soybean),1273.77,5836.11,1991,Conventional Till,None,No,74,11,33.592,NA,NA,0,7.5,NA,6.7,NA,NA
NEMLTCRS,NEMLTCRS_502S,NEMLTCRS_ROT60,Glycine max (Soybean),999.78,4883.98,1991,Conventional Till,None,No,74,11,0,NA,NA,0,7.5,NA,6.18,NA,NA
NEMLTCRS,NEMLTCRS_503N,NEMLTCRS_ROT40,Glycine max (Soybean),1013.34,4941.33,1991,Conventional Till,None,No,74,11,0,NA,NA,0,7.5,NA,7.05,NA,NA
NEMLTCRS,NEMLTCRS_503M,NEMLTCRS_ROT42,Glycine max (Soybean),1039.45,5566.53,1991,Conventional Till,None,No,74,11,67.184,NA,NA,0,7.5,NA,6.24,NA,NA
NEMLTCRS,NEMLTCRS_503S,NEMLTCRS_ROT41,Glycine max (Soybean),1080.67,5096.2,1991,Conventional Till,None,No,74,11,33.592,NA,NA,0,7.5,NA,6.42,NA,NA
NEMLTCRS,NEMLTCRS_505N,NEMLTCRS_ROT71,Zea mays (Corn),2211.96,10605.51,1991,Conventional Till,None,No,74,11,89.998,NA,NA,0,7.5,NA,6.62,NA,NA
NEMLTCRS,NEMLTCRS_505M,NEMLTCRS_ROT70,Zea mays (Corn),2150.41,11617.8,1991,Conventional Till,None,No,74,11,0,NA,NA,0,7.5,NA,6.94,NA,NA
NEMLTCRS,NEMLTCRS_505S,NEMLTCRS_ROT72,Zea mays (Corn),2436.48,12664.07,1991,Conventional Till,None,No,74,11,179.996,NA,NA,0,7.5,NA,5.89,NA,NA
NEMLTCRS,NEMLTCRS_507N,NEMLTCRS_ROT12,Zea mays (Corn),2623.18,12399.69,1991,Conventional Till,None,No,74,11,179.996,NA,NA,0,7.5,NA,5.19,NA,NA
NEMLTCRS,NEMLTCRS_507M,NEMLTCRS_ROT11,Zea mays (Corn),2334.86,10904.82,1991,Conventional Till,None,No,74,11,89.998,NA,NA,0,7.5,NA,6.24,NA,NA
NEMLTCRS,NEMLTCRS_507S,NEMLTCRS_ROT10,Zea mays (Corn),1526.13,8551.06,1991,Conventional Till,None,No,74,11,0,NA,NA,0,7.5,NA,6.68,NA,NA
NEMLTCRS,NEMLTCRS_510N,NEMLTCRS_ROT21,Glycine max (Soybean),959.83,4602.92,1991,Conventional Till,None,No,74,11,33.592,NA,NA,0,7.5,NA,6.84,NA,NA
NEMLTCRS,NEMLTCRS_510M,NEMLTCRS_ROT20,Glycine max (Soybean),1069.77,4293.2,1991,Conventional Till,None,No,74,11,0,NA,NA,0,7.5,NA,6.92,NA,NA
NEMLTCRS,NEMLTCRS_510S,NEMLTCRS_ROT22,Glycine max (Soybean),1338.73,6381,1991,Conventional Till,None,No,74,11,67.184,NA,NA,0,7.5,NA,6.82,NA,NA
NEMLTCRS,NEMLTCRS_511N,NEMLTCRS_ROT52,Glycine max (Soybean),995.16,5859.05,1991,Conventional Till,None,No,74,11,67.184,NA,NA,0,7.5,NA,6.26,NA,NA
NEMLTCRS,NEMLTCRS_511M,NEMLTCRS_ROT51,Glycine max (Soybean),958.63,5870.52,1991,Conventional Till,None,No,74,11,33.592,NA,NA,0,7.5,NA,6.61,NA,NA
NEMLTCRS,NEMLTCRS_511S,NEMLTCRS_ROT50,Glycine max (Soybean),1340.38,6541.6,1991,Conventional Till,None,No,74,11,0,NA,NA,0,7.5,NA,6.83,NA,NA
NEMLTCRS,NEMLTCRS_512N,NEMLTCRS_ROT40,Zea mays (Corn),2081.23,10735.83,1991,Conventional Till,None,No,74,11,0,NA,NA,0,7.5,NA,6.71,NA,NA
NEMLTCRS,NEMLTCRS_512M,NEMLTCRS_ROT41,Zea mays (Corn),3257.19,15101.66,1991,Conventional Till,None,No,74,11,89.998,NA,NA,0,7.5,NA,6.41,NA,NA
NEMLTCRS,NEMLTCRS_512S,NEMLTCRS_ROT42,Zea mays (Corn),3220.77,15088.88,1991,Conventional Till,None,No,74,11,179.996,NA,NA,0,7.5,NA,5.77,NA,NA
NEMLTCRS,NEMLTCRS_515N,NEMLTCRS_ROT60,Zea mays (Corn),2947.62,12956.75,1991,Conventional Till,None,No,74,11,0,NA,NA,0,7.5,NA,6.51,NA,NA
NEMLTCRS,NEMLTCRS_515M,NEMLTCRS_ROT62,Zea mays (Corn),2344.83,11211.84,1991,Conventional Till,None,No,74,11,179.996,NA,NA,0,7.5,NA,5.86,NA,NA
NEMLTCRS,NEMLTCRS_515S,NEMLTCRS_ROT61,Zea mays (Corn),3177.8,15383.28,1991,Conventional Till,None,No,74,11,89.998,NA,NA,0,7.5,NA,6.02,NA,NA
NEMLTCRS,NEMLTCRS_102N,NEMLTCRS_ROT42,Zea mays (Corn),4444.99,18493.07,1992,Conventional Till,None,No,74,11,179.996,NA,NA,0,7.5,NA,6.23,NA,NA
NEMLTCRS,NEMLTCRS_102M,NEMLTCRS_ROT40,Zea mays (Corn),3525.37,15244.76,1992,Conventional Till,None,No,74,11,0,NA,NA,0,7.5,NA,6.97,NA,NA
NEMLTCRS,NEMLTCRS_102S,NEMLTCRS_ROT41,Zea mays (Corn),4307.8,17690.6,1992,Conventional Till,None,No,74,11,89.998,NA,NA,0,7.5,NA,6.66,NA,NA
NEMLTCRS,NEMLTCRS_105N,NEMLTCRS_ROT72,Glycine max (Soybean),1007.29,4944.2,1992,Conventional Till,None,No,74,11,67.184,NA,NA,0,7.5,NA,5.71,NA,NA
NEMLTCRS,NEMLTCRS_105M,NEMLTCRS_ROT70,Glycine max (Soybean),1120.41,5076.12,1992,Conventional Till,None,No,74,11,0,NA,NA,0,7.5,NA,6.83,NA,NA
NEMLTCRS,NEMLTCRS_105S,NEMLTCRS_ROT71,Glycine max (Soybean),1078.8,4772.13,1992,Conventional Till,None,No,74,11,33.592,NA,NA,0,7.5,NA,6.37,NA,NA
NEMLTCRS,NEMLTCRS_106N,NEMLTCRS_ROT70,Zea mays (Corn),3028.12,15151.77,1992,Conventional Till,None,No,74,11,0,NA,NA,0,7.5,NA,6.28,NA,NA
NEMLTCRS,NEMLTCRS_106M,NEMLTCRS_ROT72,Zea mays (Corn),3264.98,15733.91,1992,Conventional Till,None,No,74,11,179.996,NA,NA,0,7.5,NA,5.57,NA,NA
NEMLTCRS,NEMLTCRS_106S,NEMLTCRS_ROT71,Zea mays (Corn),2840.78,13672.97,1992,Conventional Till,None,No,74,11,89.998,NA,NA,0,7.5,NA,6.29,NA,NA
NEMLTCRS,NEMLTCRS_107N,NEMLTCRS_ROT20,Glycine max (Soybean),1447.84,6234.74,1992,Conventional Till,None,No,74,11,0,NA,NA,0,7.5,NA,6.51,NA,NA
NEMLTCRS,NEMLTCRS_107M,NEMLTCRS_ROT22,Glycine max (Soybean),1256.51,6102.82,1992,Conventional Till,None,No,74,11,67.184,NA,NA,0,7.5,NA,6.31,NA,NA
NEMLTCRS,NEMLTCRS_107S,NEMLTCRS_ROT21,Glycine max (Soybean),1333.75,6309.31,1992,Conventional Till,None,No,74,11,33.592,NA,NA,0,7.5,NA,6.46,NA,NA
NEMLTCRS,NEMLTCRS_108N,NEMLTCRS_ROT41,Glycine max (Soybean),841.97,4364.89,1992,Conventional Till,None,No,74,11,33.592,NA,NA,0,7.5,NA,6.04,NA,NA
NEMLTCRS,NEMLTCRS_108M,NEMLTCRS_ROT40,Glycine max (Soybean),790.09,3584.83,1992,Conventional Till,None,No,74,11,0,NA,NA,0,7.5,NA,6.6,NA,NA
NEMLTCRS,NEMLTCRS_108S,NEMLTCRS_ROT42,Glycine max (Soybean),1077.63,5265.4,1992,Conventional Till,None,No,74,11,67.184,NA,NA,0,7.5,NA,5.62,NA,NA
NEMLTCRS,NEMLTCRS_110N,NEMLTCRS_ROT60,Glycine max (Soybean),1044.26,5351.44,1992,Conventional Till,None,No,74,11,0,NA,NA,0,7.5,NA,6.44,NA,NA
NEMLTCRS,NEMLTCRS_110M,NEMLTCRS_ROT62,Glycine max (Soybean),1071.79,5873.39,1992,Conventional Till,None,No,74,11,67.184,NA,NA,0,7.5,NA,6.2,NA,NA
NEMLTCRS,NEMLTCRS_110S,NEMLTCRS_ROT61,Glycine max (Soybean),1091.05,5311.29,1992,Conventional Till,None,No,74,11,33.592,NA,NA,0,7.5,NA,6.57,NA,NA
NEMLTCRS,NEMLTCRS_112N,NEMLTCRS_ROT60,Zea mays (Corn),3791.11,17391.25,1992,Conventional Till,None,No,74,11,0,NA,NA,0,7.5,NA,6.67,NA,NA
NEMLTCRS,NEMLTCRS_112M,NEMLTCRS_ROT62,Zea mays (Corn),3948.66,17597.97,1992,Conventional Till,None,No,74,11,179.996,NA,NA,0,7.5,NA,6.01,NA,NA
NEMLTCRS,NEMLTCRS_112S,NEMLTCRS_ROT61,Zea mays (Corn),4380.22,18548.63,1992,Conventional Till,None,No,74,11,89.998,NA,NA,0,7.5,NA,6.53,NA,NA
NEMLTCRS,NEMLTCRS_114N,NEMLTCRS_ROT52,Glycine max (Soybean),1134.73,5850.45,1992,Conventional Till,None,No,74,11,67.184,NA,NA,0,7.5,NA,5.87,NA,NA
NEMLTCRS,NEMLTCRS_114M,NEMLTCRS_ROT51,Glycine max (Soybean),1157.37,5305.55,1992,Conventional Till,None,No,74,11,33.592,NA,NA,0,7.5,NA,6.98,NA,NA
NEMLTCRS,NEMLTCRS_114S,NEMLTCRS_ROT50,Glycine max (Soybean),1097.46,4955.67,1992,Conventional Till,None,No,74,11,0,NA,NA,0,7.5,NA,7.32,NA,NA
NEMLTCRS,NEMLTCRS_115N,NEMLTCRS_ROT12,Zea mays (Corn),3968.48,15148.64,1992,Conventional Till,None,No,74,11,179.996,NA,NA,0,7.5,NA,4.72,NA,NA
NEMLTCRS,NEMLTCRS_115M,NEMLTCRS_ROT11,Zea mays (Corn),4370.82,15940.56,1992,Conventional Till,None,No,74,11,0,NA,NA,0,7.5,NA,6.11,NA,NA
NEMLTCRS,NEMLTCRS_115S,NEMLTCRS_ROT10,Zea mays (Corn),1521.57,7700.47,1992,Conventional Till,None,No,74,11,89.998,NA,NA,0,7.5,NA,6.91,NA,NA
NEMLTCRS,NEMLTCRS_201N,NEMLTCRS_ROT40,Glycine max (Soybean),1476.64,6200.33,1992,Conventional Till,None,No,74,11,0,NA,NA,0,7.5,NA,7.35,NA,NA
NEMLTCRS,NEMLTCRS_201M,NEMLTCRS_ROT41,Glycine max (Soybean),1305.09,5569.4,1992,Conventional Till,None,No,74,11,33.592,NA,NA,0,7.5,NA,6.87,NA,NA
NEMLTCRS,NEMLTCRS_201S,NEMLTCRS_ROT42,Glycine max (Soybean),1312.13,5420.27,1992,Conventional Till,None,No,74,11,67.184,NA,NA,0,7.5,NA,6.06,NA,NA
NEMLTCRS,NEMLTCRS_203N,NEMLTCRS_ROT62,Glycine max (Soybean),1599.61,7502.34,1992,Conventional Till,None,No,74,11,67.184,NA,NA,0,7.5,NA,6.35,NA,NA
NEMLTCRS,NEMLTCRS_203M,NEMLTCRS_ROT61,Glycine max (Soybean),886.6,4060.9,1992,Conventional Till,None,No,74,11,33.592,NA,NA,0,7.5,NA,6.83,NA,NA
NEMLTCRS,NEMLTCRS_203S,NEMLTCRS_ROT60,Glycine max (Soybean),1266.25,5466.15,1992,Conventional Till,None,No,74,11,0,NA,NA,0,7.5,NA,7.21,NA,NA
NEMLTCRS,NEMLTCRS_205N,NEMLTCRS_ROT62,Zea mays (Corn),4071.6,18969.06,1992,Conventional Till,None,No,74,11,179.996,NA,NA,0,7.5,NA,5.92,NA,NA
NEMLTCRS,NEMLTCRS_205M,NEMLTCRS_ROT61,Zea mays (Corn),4350.33,18479.69,1992,Conventional Till,None,No,74,11,89.998,NA,NA,0,7.5,NA,6.45,NA,NA
NEMLTCRS,NEMLTCRS_205S,NEMLTCRS_ROT60,Zea mays (Corn),3207.15,15828.72,1992,Conventional Till,None,No,74,11,0,NA,NA,0,7.5,NA,6.78,NA,NA
NEMLTCRS,NEMLTCRS_207N,NEMLTCRS_ROT50,Glycine max (Soybean),1191.36,5248.19,1992,Conventional Till,None,No,74,11,0,NA,NA,0,7.5,NA,6.89,NA,NA
NEMLTCRS,NEMLTCRS_207M,NEMLTCRS_ROT51,Glycine max (Soybean),1215.22,5546.45,1992,Conventional Till,None,No,74,11,33.592,NA,NA,0,7.5,NA,6.42,NA,NA
NEMLTCRS,NEMLTCRS_207S,NEMLTCRS_ROT52,Glycine max (Soybean),1078.24,5437.47,1992,Conventional Till,None,No,74,11,67.184,NA,NA,0,7.5,NA,5.53,NA,NA
NEMLTCRS,NEMLTCRS_208N,NEMLTCRS_ROT12,Zea mays (Corn),3374.86,14679.48,1992,Conventional Till,None,No,74,11,179.996,NA,NA,0,7.5,NA,5.34,NA,NA
NEMLTCRS,NEMLTCRS_208M,NEMLTCRS_ROT10,Zea mays (Corn),1989,7748.56,1992,Conventional Till,None,No,74,11,0,NA,NA,0,7.5,NA,6.94,NA,NA
NEMLTCRS,NEMLTCRS_208S,NEMLTCRS_ROT11,Zea mays (Corn),2949.67,11246.36,1992,Conventional Till,None,No,74,11,89.998,NA,NA,0,7.5,NA,6.08,NA,NA
NEMLTCRS,NEMLTCRS_210N,NEMLTCRS_ROT41,Zea mays (Corn),3519.67,13968.36,1992,Conventional Till,None,No,74,11,89.998,NA,NA,0,7.5,NA,6.91,NA,NA
NEMLTCRS,NEMLTCRS_210M,NEMLTCRS_ROT40,Zea mays (Corn),3007.79,13137.48,1992,Conventional Till,None,No,74,11,0,NA,NA,0,7.5,NA,7.17,NA,NA
NEMLTCRS,NEMLTCRS_210S,NEMLTCRS_ROT42,Zea mays (Corn),4016.62,16923.53,1992,Conventional Till,None,No,74,11,179.996,NA,NA,0,7.5,NA,6.26,NA,NA
NEMLTCRS,NEMLTCRS_213N,NEMLTCRS_ROT70,Glycine max (Soybean),1166.11,5655.43,1992,Conventional Till,None,No,74,11,0,NA,NA,0,7.5,NA,6.82,NA,NA
NEMLTCRS,NEMLTCRS_213M,NEMLTCRS_ROT71,Glycine max (Soybean),760.45,3590.57,1992,Conventional Till,None,No,74,11,33.592,NA,NA,0,7.5,NA,6.56,NA,NA
NEMLTCRS,NEMLTCRS_213S,NEMLTCRS_ROT72,Glycine max (Soybean),665.31,3688.08,1992,Conventional Till,None,No,74,11,67.184,NA,NA,0,7.5,NA,5.9,NA,NA
NEMLTCRS,NEMLTCRS_214N,NEMLTCRS_ROT72,Zea mays (Corn),4675.2,18629.97,1992,Conventional Till,None,No,74,11,179.996,NA,NA,0,7.5,NA,6.13,NA,NA
NEMLTCRS,NEMLTCRS_214M,NEMLTCRS_ROT70,Zea mays (Corn),3460.3,14842.05,1992,Conventional Till,None,No,74,11,0,NA,NA,0,7.5,NA,6.87,NA,NA
NEMLTCRS,NEMLTCRS_214S,NEMLTCRS_ROT71,Zea mays (Corn),4205.73,17260.75,1992,Conventional Till,None,No,74,11,89.998,NA,NA,0,7.5,NA,6.62,NA,NA
NEMLTCRS,NEMLTCRS_215N,NEMLTCRS_ROT22,Glycine max (Soybean),1298.62,6094.22,1992,Conventional Till,None,No,74,11,67.184,NA,NA,0,7.5,NA,6.26,NA,NA
NEMLTCRS,NEMLTCRS_215M,NEMLTCRS_ROT21,Glycine max (Soybean),1321.75,5775.88,1992,Conventional Till,None,No,74,11,33.592,NA,NA,0,7.5,NA,6.67,NA,NA
NEMLTCRS,NEMLTCRS_215S,NEMLTCRS_ROT20,Glycine max (Soybean),1243.91,5471.89,1992,Conventional Till,None,No,74,11,0,NA,NA,0,7.5,NA,6.84,NA,NA
NEMLTCRS,NEMLTCRS_302N,NEMLTCRS_ROT72,Glycine max (Soybean),1459.85,6154.44,1992,Conventional Till,None,No,74,11,67.184,NA,NA,0,7.5,NA,6.27,NA,NA
NEMLTCRS,NEMLTCRS_302M,NEMLTCRS_ROT70,Glycine max (Soybean),1125.78,4674.62,1992,Conventional Till,None,No,74,11,0,NA,NA,0,7.5,NA,7.02,NA,NA
NEMLTCRS,NEMLTCRS_302S,NEMLTCRS_ROT71,Glycine max (Soybean),1068.72,5156.42,1992,Conventional Till,None,No,74,11,33.592,NA,NA,0,7.5,NA,6.68,NA,NA
NEMLTCRS,NEMLTCRS_303N,NEMLTCRS_ROT71,Zea mays (Corn),4367.69,18486.98,1992,Conventional Till,None,No,74,11,89.998,NA,NA,0,7.5,NA,6.7,NA,NA
NEMLTCRS,NEMLTCRS_303M,NEMLTCRS_ROT70,Zea mays (Corn),3890.51,18228.33,1992,Conventional Till,None,No,74,11,0,NA,NA,0,7.5,NA,6.8,NA,NA
NEMLTCRS,NEMLTCRS_303S,NEMLTCRS_ROT72,Zea mays (Corn),5274.47,21584.15,1992,Conventional Till,None,No,74,11,179.996,NA,NA,0,7.5,NA,6.07,NA,NA
NEMLTCRS,NEMLTCRS_304N,NEMLTCRS_ROT22,Glycine max (Soybean),1641.15,6934.5,1992,Conventional Till,None,No,74,11,67.184,NA,NA,0,7.5,NA,6.34,NA,NA
NEMLTCRS,NEMLTCRS_304M,NEMLTCRS_ROT21,Glycine max (Soybean),1497.08,6768.16,1992,Conventional Till,None,No,74,11,33.592,NA,NA,0,7.5,NA,6.61,NA,NA
NEMLTCRS,NEMLTCRS_304S,NEMLTCRS_ROT20,Glycine max (Soybean),1355.69,6051.2,1992,Conventional Till,None,No,74,11,0,NA,NA,0,7.5,NA,6.59,NA,NA
NEMLTCRS,NEMLTCRS_305N,NEMLTCRS_ROT41,Glycine max (Soybean),1482.77,6498.58,1992,Conventional Till,None,No,74,11,33.592,NA,NA,0,7.5,NA,6.17,NA,NA
NEMLTCRS,NEMLTCRS_305M,NEMLTCRS_ROT40,Glycine max (Soybean),1451.74,5752.94,1992,Conventional Till,None,No,74,11,0,NA,NA,0,7.5,NA,6.67,NA,NA
NEMLTCRS,NEMLTCRS_305S,NEMLTCRS_ROT42,Glycine max (Soybean),1261.24,5695.58,1992,Conventional Till,None,No,74,11,67.184,NA,NA,0,7.5,NA,5.56,NA,NA
NEMLTCRS,NEMLTCRS_307N,NEMLTCRS_ROT60,Glycine max (Soybean),1143.1,5219.52,1992,Conventional Till,None,No,74,11,0,NA,NA,0,7.5,NA,6.61,NA,NA
NEMLTCRS,NEMLTCRS_307M,NEMLTCRS_ROT62,Glycine max (Soybean),1165.29,6326.51,1992,Conventional Till,None,No,74,11,67.184,NA,NA,0,7.5,NA,5.54,NA,NA
NEMLTCRS,NEMLTCRS_307S,NEMLTCRS_ROT61,Glycine max (Soybean),1248.64,5684.11,1992,Conventional Till,None,No,74,11,33.592,NA,NA,0,7.5,NA,6.24,NA,NA
NEMLTCRS,NEMLTCRS_309N,NEMLTCRS_ROT62,Zea mays (Corn),4965.13,19900.78,1992,Conventional Till,None,No,74,11,179.996,NA,NA,0,7.5,NA,6.12,NA,NA
NEMLTCRS,NEMLTCRS_309M,NEMLTCRS_ROT60,Zea mays (Corn),2790.46,12082.15,1992,Conventional Till,None,No,74,11,0,NA,NA,0,7.5,NA,6.9,NA,NA
NEMLTCRS,NEMLTCRS_309S,NEMLTCRS_ROT61,Zea mays (Corn),4070.25,17205.65,1992,Conventional Till,None,No,74,11,89.998,NA,NA,0,7.5,NA,6.69,NA,NA
NEMLTCRS,NEMLTCRS_311N,NEMLTCRS_ROT51,Glycine max (Soybean),1032.64,5133.48,1992,Conventional Till,None,No,74,11,33.592,NA,NA,0,7.5,NA,6.61,NA,NA
NEMLTCRS,NEMLTCRS_311M,NEMLTCRS_ROT52,Glycine max (Soybean),1367.71,6613.3,1992,Conventional Till,None,No,74,11,67.184,NA,NA,0,7.5,NA,6.75,NA,NA
NEMLTCRS,NEMLTCRS_311S,NEMLTCRS_ROT50,Glycine max (Soybean),859.68,3762.64,1992,Conventional Till,None,No,74,11,0,NA,NA,0,7.5,NA,6.86,NA,NA
NEMLTCRS,NEMLTCRS_312N,NEMLTCRS_ROT10,Zea mays (Corn),1971.82,8263.23,1992,Conventional Till,None,No,74,11,0,NA,NA,0,7.5,NA,6.72,NA,NA
NEMLTCRS,NEMLTCRS_312M,NEMLTCRS_ROT11,Zea mays (Corn),3170.7,13244.98,1992,Conventional Till,None,No,74,11,89.998,NA,NA,0,7.5,NA,6.11,NA,NA
NEMLTCRS,NEMLTCRS_312S,NEMLTCRS_ROT12,Zea mays (Corn),3892.68,16048.58,1992,Conventional Till,None,No,74,11,179.996,NA,NA,0,7.5,NA,5.17,NA,NA
NEMLTCRS,NEMLTCRS_314N,NEMLTCRS_ROT41,Zea mays (Corn),5358.02,22387.58,1992,Conventional Till,None,No,74,11,89.998,NA,NA,0,7.5,NA,6.6,NA,NA
NEMLTCRS,NEMLTCRS_314M,NEMLTCRS_ROT42,Zea mays (Corn),5505.89,21535.37,1992,Conventional Till,None,No,74,11,179.996,NA,NA,0,7.5,NA,6.21,NA,NA
NEMLTCRS,NEMLTCRS_314S,NEMLTCRS_ROT40,Zea mays (Corn),2755.24,12506.72,1992,Conventional Till,None,No,74,11,0,NA,NA,0,7.5,NA,6.92,NA,NA
NEMLTCRS,NEMLTCRS_401N,NEMLTCRS_ROT41,Glycine max (Soybean),1356.87,5821.77,1992,Conventional Till,None,No,74,11,33.592,NA,NA,0,7.5,NA,6.08,NA,NA
NEMLTCRS,NEMLTCRS_401M,NEMLTCRS_ROT42,Glycine max (Soybean),896.2,4112.52,1992,Conventional Till,None,No,74,11,67.184,NA,NA,0,7.5,NA,5.49,NA,NA
NEMLTCRS,NEMLTCRS_401S,NEMLTCRS_ROT40,Glycine max (Soybean),1230.75,5575.13,1992,Conventional Till,None,No,74,11,0,NA,NA,0,7.5,NA,6.45,NA,NA
NEMLTCRS,NEMLTCRS_402N,NEMLTCRS_ROT61,Zea mays (Corn),5101.16,21483.41,1992,Conventional Till,None,No,74,11,89.998,NA,NA,0,7.5,NA,6.59,NA,NA
NEMLTCRS,NEMLTCRS_402M,NEMLTCRS_ROT60,Zea mays (Corn),3087.64,12944.6,1992,Conventional Till,None,No,74,11,0,NA,NA,0,7.5,NA,6.76,NA,NA
NEMLTCRS,NEMLTCRS_402S,NEMLTCRS_ROT62,Zea mays (Corn),3719.83,17235.87,1992,Conventional Till,None,No,74,11,179.996,NA,NA,0,7.5,NA,6.12,NA,NA
NEMLTCRS,NEMLTCRS_404N,NEMLTCRS_ROT60,Glycine max (Soybean),1346.37,6011.05,1992,Conventional Till,None,No,74,11,0,NA,NA,0,7.5,NA,6.54,NA,NA
NEMLTCRS,NEMLTCRS_404M,NEMLTCRS_ROT61,Glycine max (Soybean),1300.29,5833.24,1992,Conventional Till,None,No,74,11,33.592,NA,NA,0,7.5,NA,6.21,NA,NA
NEMLTCRS,NEMLTCRS_404S,NEMLTCRS_ROT62,Glycine max (Soybean),1373.19,6475.64,1992,Conventional Till,None,No,74,11,67.184,NA,NA,0,7.5,NA,5.61,NA,NA
NEMLTCRS,NEMLTCRS_406N,NEMLTCRS_ROT72,Zea mays (Corn),4596.49,20743.5,1992,Conventional Till,None,No,74,11,179.996,NA,NA,0,7.5,NA,6.05,NA,NA
NEMLTCRS,NEMLTCRS_406M,NEMLTCRS_ROT71,Zea mays (Corn),3820.46,17417.77,1992,Conventional Till,None,No,74,11,89.998,NA,NA,0,7.5,NA,6.45,NA,NA
NEMLTCRS,NEMLTCRS_406S,NEMLTCRS_ROT70,Zea mays (Corn),4383.69,18243.55,1992,Conventional Till,None,No,74,11,0,NA,NA,0,7.5,NA,6.78,NA,NA
NEMLTCRS,NEMLTCRS_407N,NEMLTCRS_ROT10,Zea mays (Corn),1810.42,8449.83,1992,Conventional Till,None,No,74,11,0,NA,NA,0,7.5,NA,6.61,NA,NA
NEMLTCRS,NEMLTCRS_407M,NEMLTCRS_ROT12,Zea mays (Corn),4756.07,20708.71,1992,Conventional Till,None,No,74,11,179.996,NA,NA,0,7.5,NA,4.86,NA,NA
NEMLTCRS,NEMLTCRS_407S,NEMLTCRS_ROT11,Zea mays (Corn),3887.34,17447.69,1992,Conventional Till,None,No,74,11,89.998,NA,NA,0,7.5,NA,5.95,NA,NA
NEMLTCRS,NEMLTCRS_411N,NEMLTCRS_ROT22,Glycine max (Soybean),1346.26,5534.98,1992,Conventional Till,None,No,74,11,67.184,NA,NA,0,7.5,NA,6.7,NA,NA
NEMLTCRS,NEMLTCRS_411M,NEMLTCRS_ROT20,Glycine max (Soybean),1332.76,5534.98,1992,Conventional Till,None,No,74,11,0,NA,NA,0,7.5,NA,7.08,NA,NA
NEMLTCRS,NEMLTCRS_411S,NEMLTCRS_ROT21,Glycine max (Soybean),1324.22,5483.36,1992,Conventional Till,None,No,74,11,33.592,NA,NA,0,7.5,NA,6.95,NA,NA
NEMLTCRS,NEMLTCRS_412N,NEMLTCRS_ROT70,Glycine max (Soybean),1455.79,6360.93,1992,Conventional Till,None,No,74,11,0,NA,NA,0,7.5,NA,6.86,NA,NA
NEMLTCRS,NEMLTCRS_412M,NEMLTCRS_ROT71,Glycine max (Soybean),1486.22,6596.09,1992,Conventional Till,None,No,74,11,33.592,NA,NA,0,7.5,NA,6.55,NA,NA
NEMLTCRS,NEMLTCRS_412S,NEMLTCRS_ROT72,Glycine max (Soybean),1184.21,6435.49,1992,Conventional Till,None,No,74,11,67.184,NA,NA,0,7.5,NA,6.04,NA,NA
NEMLTCRS,NEMLTCRS_413N,NEMLTCRS_ROT51,Glycine max (Soybean),1017.76,5190.84,1992,Conventional Till,None,No,74,11,33.592,NA,NA,0,7.5,NA,6.49,NA,NA
NEMLTCRS,NEMLTCRS_413M,NEMLTCRS_ROT52,Glycine max (Soybean),1058.78,4450.93,1992,Conventional Till,None,No,74,11,67.184,NA,NA,0,7.5,NA,5.84,NA,NA
NEMLTCRS,NEMLTCRS_413S,NEMLTCRS_ROT50,Glycine max (Soybean),1171.89,6246.21,1992,Conventional Till,None,No,74,11,0,NA,NA,0,7.5,NA,6.75,NA,NA
NEMLTCRS,NEMLTCRS_414N,NEMLTCRS_ROT41,Zea mays (Corn),3488.86,14791.37,1992,Conventional Till,None,No,74,11,89.998,NA,NA,0,7.5,NA,6.64,NA,NA
NEMLTCRS,NEMLTCRS_414M,NEMLTCRS_ROT42,Zea mays (Corn),4384.92,18601.46,1992,Conventional Till,None,No,74,11,179.996,NA,NA,0,7.5,NA,6.24,NA,NA
NEMLTCRS,NEMLTCRS_414S,NEMLTCRS_ROT40,Zea mays (Corn),2251.53,13353.31,1992,Conventional Till,None,No,74,11,0,NA,NA,0,7.5,NA,6.83,NA,NA
NEMLTCRS,NEMLTCRS_502N,NEMLTCRS_ROT62,Zea mays (Corn),4086.64,18733.33,1992,Conventional Till,None,No,74,11,179.996,NA,NA,0,7.5,NA,6.66,NA,NA
NEMLTCRS,NEMLTCRS_502M,NEMLTCRS_ROT61,Zea mays (Corn),4886.38,19667.14,1992,Conventional Till,None,No,74,11,89.998,NA,NA,0,7.5,NA,6.7,NA,NA
NEMLTCRS,NEMLTCRS_502S,NEMLTCRS_ROT60,Zea mays (Corn),4065.83,16725.17,1992,Conventional Till,None,No,74,11,0,NA,NA,0,7.5,NA,6.18,NA,NA
NEMLTCRS,NEMLTCRS_503N,NEMLTCRS_ROT40,Zea mays (Corn),2367.34,10675.29,1992,Conventional Till,None,No,74,11,0,NA,NA,0,7.5,NA,7.05,NA,NA
NEMLTCRS,NEMLTCRS_503M,NEMLTCRS_ROT42,Zea mays (Corn),4483.19,20328.07,1992,Conventional Till,None,No,74,11,179.996,NA,NA,0,7.5,NA,6.24,NA,NA
NEMLTCRS,NEMLTCRS_503S,NEMLTCRS_ROT41,Zea mays (Corn),4592.38,19693.25,1992,Conventional Till,None,No,74,11,89.998,NA,NA,0,7.5,NA,6.42,NA,NA
NEMLTCRS,NEMLTCRS_505N,NEMLTCRS_ROT71,Glycine max (Soybean),1365.24,6217.53,1992,Conventional Till,None,No,74,11,33.592,NA,NA,0,7.5,NA,6.62,NA,NA
NEMLTCRS,NEMLTCRS_505M,NEMLTCRS_ROT70,Glycine max (Soybean),1337.38,6223.27,1992,Conventional Till,None,No,74,11,0,NA,NA,0,7.5,NA,6.94,NA,NA
NEMLTCRS,NEMLTCRS_505S,NEMLTCRS_ROT72,Glycine max (Soybean),1373.19,6613.3,1992,Conventional Till,None,No,74,11,67.184,NA,NA,0,7.5,NA,5.89,NA,NA
NEMLTCRS,NEMLTCRS_507N,NEMLTCRS_ROT12,Zea mays (Corn),3809.95,17954.53,1992,Conventional Till,None,No,74,11,179.996,NA,NA,0,7.5,NA,5.19,NA,NA
NEMLTCRS,NEMLTCRS_507M,NEMLTCRS_ROT11,Zea mays (Corn),3245.89,13805.72,1992,Conventional Till,None,No,74,11,89.998,NA,NA,0,7.5,NA,6.24,NA,NA
NEMLTCRS,NEMLTCRS_507S,NEMLTCRS_ROT10,Zea mays (Corn),1739.46,7872.31,1992,Conventional Till,None,No,74,11,0,NA,NA,0,7.5,NA,6.68,NA,NA
NEMLTCRS,NEMLTCRS_508N,NEMLTCRS_ROT60,Glycine max (Soybean),1262.03,5397.32,1992,Conventional Till,None,No,74,11,0,NA,NA,0,7.5,NA,6.77,NA,NA
NEMLTCRS,NEMLTCRS_508M,NEMLTCRS_ROT62,Glycine max (Soybean),1625.1,7393.36,1992,Conventional Till,None,No,74,11,67.184,NA,NA,0,7.5,NA,6.01,NA,NA
NEMLTCRS,NEMLTCRS_508S,NEMLTCRS_ROT61,Glycine max (Soybean),1443.96,6888.61,1992,Conventional Till,None,No,74,11,33.592,NA,NA,0,7.5,NA,6.41,NA,NA
NEMLTCRS,NEMLTCRS_510N,NEMLTCRS_ROT21,Glycine max (Soybean),1261.51,5265.4,1992,Conventional Till,None,No,74,11,33.592,NA,NA,0,7.5,NA,6.84,NA,NA
NEMLTCRS,NEMLTCRS_510M,NEMLTCRS_ROT20,Glycine max (Soybean),1230.88,5127.74,1992,Conventional Till,None,No,74,11,0,NA,NA,0,7.5,NA,6.92,NA,NA
NEMLTCRS,NEMLTCRS_510S,NEMLTCRS_ROT22,Glycine max (Soybean),1220.39,5836.11,1992,Conventional Till,None,No,74,11,67.184,NA,NA,0,7.5,NA,6.82,NA,NA
NEMLTCRS,NEMLTCRS_512N,NEMLTCRS_ROT40,Glycine max (Soybean),1329.48,5265.4,1992,Conventional Till,None,No,74,11,0,NA,NA,0,7.5,NA,6.71,NA,NA
NEMLTCRS,NEMLTCRS_512M,NEMLTCRS_ROT41,Glycine max (Soybean),1217.07,5598.07,1992,Conventional Till,None,No,74,11,33.592,NA,NA,0,7.5,NA,6.41,NA,NA
NEMLTCRS,NEMLTCRS_512S,NEMLTCRS_ROT42,Glycine max (Soybean),1083.77,5144.95,1992,Conventional Till,None,No,74,11,67.184,NA,NA,0,7.5,NA,5.77,NA,NA
NEMLTCRS,NEMLTCRS_513N,NEMLTCRS_ROT70,Zea mays (Corn),4145.04,18488.08,1992,Conventional Till,None,No,74,11,0,NA,NA,0,7.5,NA,6.8,NA,NA
NEMLTCRS,NEMLTCRS_513M,NEMLTCRS_ROT71,Zea mays (Corn),4534.52,20542.37,1992,Conventional Till,None,No,74,11,89.998,NA,NA,0,7.5,NA,6.52,NA,NA
NEMLTCRS,NEMLTCRS_513S,NEMLTCRS_ROT72,Zea mays (Corn),4356.39,18592.38,1992,Conventional Till,None,No,74,11,179.996,NA,NA,0,7.5,NA,5.92,NA,NA
NEMLTCRS,NEMLTCRS_514N,NEMLTCRS_ROT52,Glycine max (Soybean),1337.29,6297.83,1992,Conventional Till,None,No,74,11,67.184,NA,NA,0,7.5,NA,6.28,NA,NA
NEMLTCRS,NEMLTCRS_514M,NEMLTCRS_ROT50,Glycine max (Soybean),1098.83,4855.3,1992,Conventional Till,None,No,74,11,0,NA,NA,0,7.5,NA,6.94,NA,NA
NEMLTCRS,NEMLTCRS_514S,NEMLTCRS_ROT51,Glycine max (Soybean),1124.06,5076.12,1992,Conventional Till,None,No,74,11,33.592,NA,NA,0,7.5,NA,6.52,NA,NA
NEMLTCRS,NEMLTCRS_101N,NEMLTCRS_ROT52,Glycine max (Soybean),1311.8,6223.27,1993,Conventional Till,None,No,74,11,67.184,NA,NA,0,7.5,NA,5.98,NA,NA
NEMLTCRS,NEMLTCRS_101M,NEMLTCRS_ROT51,Glycine max (Soybean),1251.35,5695.58,1993,Conventional Till,None,No,74,11,33.592,NA,NA,0,7.5,NA,6.39,NA,NA
NEMLTCRS,NEMLTCRS_101S,NEMLTCRS_ROT50,Glycine max (Soybean),1311.52,5489.1,1993,Conventional Till,None,No,74,11,0,NA,NA,0,7.5,NA,6.8,NA,NA
NEMLTCRS,NEMLTCRS_102N,NEMLTCRS_ROT42,Glycine max (Soybean),909.4,6521.53,1993,Conventional Till,None,No,74,11,67.184,NA,NA,0,7.5,NA,6.23,NA,NA
NEMLTCRS,NEMLTCRS_102M,NEMLTCRS_ROT40,Glycine max (Soybean),1393.95,5879.13,1993,Conventional Till,None,No,74,11,0,NA,NA,0,7.5,NA,6.97,NA,NA
NEMLTCRS,NEMLTCRS_102S,NEMLTCRS_ROT41,Glycine max (Soybean),842.03,6125.76,1993,Conventional Till,None,No,74,11,33.592,NA,NA,0,7.5,NA,6.66,NA,NA
NEMLTCRS,NEMLTCRS_103N,NEMLTCRS_ROT70,Zea mays (Corn),3008.21,13872.05,1993,Conventional Till,None,No,74,11,0,NA,NA,0,7.5,NA,6.49,NA,NA
NEMLTCRS,NEMLTCRS_103M,NEMLTCRS_ROT72,Zea mays (Corn),3377.78,15882.19,1993,Conventional Till,None,No,74,11,179.996,NA,NA,0,7.5,NA,5.47,NA,NA
NEMLTCRS,NEMLTCRS_103S,NEMLTCRS_ROT71,Zea mays (Corn),3134.17,15142.71,1993,Conventional Till,None,No,74,11,89.998,NA,NA,0,7.5,NA,6.3,NA,NA
NEMLTCRS,NEMLTCRS_106N,NEMLTCRS_ROT70,Glycine max (Soybean),1267.07,6142.97,1993,Conventional Till,None,No,74,11,0,NA,NA,0,7.5,NA,6.28,NA,NA
NEMLTCRS,NEMLTCRS_106M,NEMLTCRS_ROT72,Glycine max (Soybean),1265.99,6745.22,1993,Conventional Till,None,No,74,11,67.184,NA,NA,0,7.5,NA,5.57,NA,NA
NEMLTCRS,NEMLTCRS_106S,NEMLTCRS_ROT71,Glycine max (Soybean),1235.6,6424.02,1993,Conventional Till,None,No,74,11,33.592,NA,NA,0,7.5,NA,6.29,NA,NA
NEMLTCRS,NEMLTCRS_107N,NEMLTCRS_ROT20,Glycine max (Soybean),1298.09,6251.95,1993,Conventional Till,None,No,74,11,0,NA,NA,0,7.5,NA,6.51,NA,NA
NEMLTCRS,NEMLTCRS_107M,NEMLTCRS_ROT22,Glycine max (Soybean),1310.93,6607.56,1993,Conventional Till,None,No,74,11,67.184,NA,NA,0,7.5,NA,6.31,NA,NA
NEMLTCRS,NEMLTCRS_107S,NEMLTCRS_ROT21,Glycine max (Soybean),1119.23,5127.74,1993,Conventional Till,None,No,74,11,33.592,NA,NA,0,7.5,NA,6.46,NA,NA
NEMLTCRS,NEMLTCRS_108N,NEMLTCRS_ROT41,Zea mays (Corn),3419.31,15057.82,1993,Conventional Till,None,No,74,11,89.998,NA,NA,0,7.5,NA,6.04,NA,NA
NEMLTCRS,NEMLTCRS_108M,NEMLTCRS_ROT40,Zea mays (Corn),2874.3,12711.35,1993,Conventional Till,None,No,74,11,0,NA,NA,0,7.5,NA,6.6,NA,NA
NEMLTCRS,NEMLTCRS_108S,NEMLTCRS_ROT42,Zea mays (Corn),2945.65,14676.1,1993,Conventional Till,None,No,74,11,179.996,NA,NA,0,7.5,NA,5.62,NA,NA
NEMLTCRS,NEMLTCRS_109N,NEMLTCRS_ROT62,Glycine max (Soybean),1302.64,7525.28,1993,Conventional Till,None,No,74,11,67.184,NA,NA,0,7.5,NA,5.52,NA,NA
NEMLTCRS,NEMLTCRS_109M,NEMLTCRS_ROT61,Glycine max (Soybean),1451.76,6911.56,1993,Conventional Till,None,No,74,11,33.592,NA,NA,0,7.5,NA,6.41,NA,NA
NEMLTCRS,NEMLTCRS_109S,NEMLTCRS_ROT60,Glycine max (Soybean),1260.77,6280.63,1993,Conventional Till,None,No,74,11,0,NA,NA,0,7.5,NA,6.83,NA,NA
NEMLTCRS,NEMLTCRS_110N,NEMLTCRS_ROT60,Zea mays (Corn),3318.27,14413.29,1993,Conventional Till,None,No,74,11,0,NA,NA,0,7.5,NA,6.44,NA,NA
NEMLTCRS,NEMLTCRS_110M,NEMLTCRS_ROT62,Zea mays (Corn),3464.33,17006.4,1993,Conventional Till,None,No,74,11,179.996,NA,NA,0,7.5,NA,6.2,NA,NA
NEMLTCRS,NEMLTCRS_110S,NEMLTCRS_ROT61,Zea mays (Corn),3380.55,15993.28,1993,Conventional Till,None,No,74,11,89.998,NA,NA,0,7.5,NA,6.57,NA,NA
NEMLTCRS,NEMLTCRS_115N,NEMLTCRS_ROT12,Zea mays (Corn),3619.95,16152.26,1993,Conventional Till,None,No,74,11,179.996,NA,NA,0,7.5,NA,4.72,NA,NA
NEMLTCRS,NEMLTCRS_115M,NEMLTCRS_ROT11,Zea mays (Corn),2550.7,11229.57,1993,Conventional Till,None,No,74,11,0,NA,NA,0,7.5,NA,6.11,NA,NA
NEMLTCRS,NEMLTCRS_115S,NEMLTCRS_ROT10,Zea mays (Corn),1090.17,5100.66,1993,Conventional Till,None,No,74,11,89.998,NA,NA,0,7.5,NA,6.91,NA,NA
NEMLTCRS,NEMLTCRS_201N,NEMLTCRS_ROT40,Zea mays (Corn),2154.3,9498.88,1993,Conventional Till,None,No,74,11,0,NA,NA,0,7.5,NA,7.35,NA,NA
NEMLTCRS,NEMLTCRS_201M,NEMLTCRS_ROT41,Zea mays (Corn),3766,16453,1993,Conventional Till,None,No,74,11,89.998,NA,NA,0,7.5,NA,6.87,NA,NA
NEMLTCRS,NEMLTCRS_201S,NEMLTCRS_ROT42,Zea mays (Corn),2905.91,14484.09,1993,Conventional Till,None,No,74,11,179.996,NA,NA,0,7.5,NA,6.06,NA,NA
NEMLTCRS,NEMLTCRS_202N,NEMLTCRS_ROT62,Glycine max (Soybean),1092.78,5580.87,1993,Conventional Till,None,No,74,11,67.184,NA,NA,0,7.5,NA,6.6,NA,NA
NEMLTCRS,NEMLTCRS_202M,NEMLTCRS_ROT61,Glycine max (Soybean),1243.33,5557.92,1993,Conventional Till,None,No,74,11,33.592,NA,NA,0,7.5,NA,6.85,NA,NA
NEMLTCRS,NEMLTCRS_202S,NEMLTCRS_ROT60,Glycine max (Soybean),1289.66,5575.13,1993,Conventional Till,None,No,74,11,0,NA,NA,0,7.5,NA,7.2,NA,NA
NEMLTCRS,NEMLTCRS_203N,NEMLTCRS_ROT62,Zea mays (Corn),3786.85,17586.4,1993,Conventional Till,None,No,74,11,179.996,NA,NA,0,7.5,NA,6.35,NA,NA
NEMLTCRS,NEMLTCRS_203M,NEMLTCRS_ROT61,Zea mays (Corn),3203.69,14660.26,1993,Conventional Till,None,No,74,11,89.998,NA,NA,0,7.5,NA,6.83,NA,NA
NEMLTCRS,NEMLTCRS_203S,NEMLTCRS_ROT60,Zea mays (Corn),2819.18,12709.22,1993,Conventional Till,None,No,74,11,0,NA,NA,0,7.5,NA,7.21,NA,NA
NEMLTCRS,NEMLTCRS_208N,NEMLTCRS_ROT12,Zea mays (Corn),3526.08,16230.07,1993,Conventional Till,None,No,74,11,179.996,NA,NA,0,7.5,NA,5.34,NA,NA
NEMLTCRS,NEMLTCRS_208M,NEMLTCRS_ROT10,Zea mays (Corn),1910.97,8818.58,1993,Conventional Till,None,No,74,11,0,NA,NA,0,7.5,NA,6.94,NA,NA
NEMLTCRS,NEMLTCRS_208S,NEMLTCRS_ROT11,Zea mays (Corn),2877.76,12917.23,1993,Conventional Till,None,No,74,11,89.998,NA,NA,0,7.5,NA,6.08,NA,NA
NEMLTCRS,NEMLTCRS_209N,NEMLTCRS_ROT50,Glycine max (Soybean),1323.07,5976.63,1993,Conventional Till,None,No,74,11,0,NA,NA,0,7.5,NA,7.02,NA,NA
NEMLTCRS,NEMLTCRS_209M,NEMLTCRS_ROT52,Glycine max (Soybean),1314.32,6877.14,1993,Conventional Till,None,No,74,11,67.184,NA,NA,0,7.5,NA,6.45,NA,NA
NEMLTCRS,NEMLTCRS_209S,NEMLTCRS_ROT51,Glycine max (Soybean),1543.64,6974.65,1993,Conventional Till,None,No,74,11,33.592,NA,NA,0,7.5,NA,6.69,NA,NA
NEMLTCRS,NEMLTCRS_210N,NEMLTCRS_ROT41,Glycine max (Soybean),1314.67,6223.27,1993,Conventional Till,None,No,74,11,33.592,NA,NA,0,7.5,NA,6.91,NA,NA
NEMLTCRS,NEMLTCRS_210M,NEMLTCRS_ROT40,Glycine max (Soybean),1249.92,5701.32,1993,Conventional Till,None,No,74,11,0,NA,NA,0,7.5,NA,7.17,NA,NA
NEMLTCRS,NEMLTCRS_210S,NEMLTCRS_ROT42,Glycine max (Soybean),1081.95,6596.09,1993,Conventional Till,None,No,74,11,67.184,NA,NA,0,7.5,NA,6.26,NA,NA
NEMLTCRS,NEMLTCRS_211N,NEMLTCRS_ROT71,Zea mays (Corn),3507.22,16310.92,1993,Conventional Till,None,No,74,11,89.998,NA,NA,0,7.5,NA,6.65,NA,NA
NEMLTCRS,NEMLTCRS_211M,NEMLTCRS_ROT72,Zea mays (Corn),3639.93,17494.86,1993,Conventional Till,None,No,74,11,179.996,NA,NA,0,7.5,NA,5.79,NA,NA
NEMLTCRS,NEMLTCRS_211S,NEMLTCRS_ROT70,Zea mays (Corn),3959.57,18677.03,1993,Conventional Till,None,No,74,11,0,NA,NA,0,7.5,NA,7.11,NA,NA
NEMLTCRS,NEMLTCRS_214N,NEMLTCRS_ROT72,Glycine max (Soybean),1346.89,6796.84,1993,Conventional Till,None,No,74,11,67.184,NA,NA,0,7.5,NA,6.13,NA,NA
NEMLTCRS,NEMLTCRS_214M,NEMLTCRS_ROT70,Glycine max (Soybean),1312.54,6475.64,1993,Conventional Till,None,No,74,11,0,NA,NA,0,7.5,NA,6.87,NA,NA
NEMLTCRS,NEMLTCRS_214S,NEMLTCRS_ROT71,Glycine max (Soybean),1264.52,6188.85,1993,Conventional Till,None,No,74,11,33.592,NA,NA,0,7.5,NA,6.62,NA,NA
NEMLTCRS,NEMLTCRS_215N,NEMLTCRS_ROT22,Glycine max (Soybean),1041.5,6378.13,1993,Conventional Till,None,No,74,11,67.184,NA,NA,0,7.5,NA,6.26,NA,NA
NEMLTCRS,NEMLTCRS_215M,NEMLTCRS_ROT21,Glycine max (Soybean),1082.19,5575.13,1993,Conventional Till,None,No,74,11,33.592,NA,NA,0,7.5,NA,6.67,NA,NA
NEMLTCRS,NEMLTCRS_215S,NEMLTCRS_ROT20,Glycine max (Soybean),1353.41,6452.7,1993,Conventional Till,None,No,74,11,0,NA,NA,0,7.5,NA,6.84,NA,NA
NEMLTCRS,NEMLTCRS_303N,NEMLTCRS_ROT71,Glycine max (Soybean),1194.89,5489.1,1993,Conventional Till,None,No,74,11,33.592,NA,NA,0,7.5,NA,6.7,NA,NA
NEMLTCRS,NEMLTCRS_303M,NEMLTCRS_ROT70,Glycine max (Soybean),1410.17,6056.93,1993,Conventional Till,None,No,74,11,0,NA,NA,0,7.5,NA,6.8,NA,NA
NEMLTCRS,NEMLTCRS_303S,NEMLTCRS_ROT72,Glycine max (Soybean),1493.67,6641.98,1993,Conventional Till,None,No,74,11,67.184,NA,NA,0,7.5,NA,6.07,NA,NA
NEMLTCRS,NEMLTCRS_304N,NEMLTCRS_ROT22,Glycine max (Soybean),1219.34,5443.21,1993,Conventional Till,None,No,74,11,67.184,NA,NA,0,7.5,NA,6.34,NA,NA
NEMLTCRS,NEMLTCRS_304M,NEMLTCRS_ROT21,Glycine max (Soybean),1107.52,5466.15,1993,Conventional Till,None,No,74,11,33.592,NA,NA,0,7.5,NA,6.61,NA,NA
NEMLTCRS,NEMLTCRS_304S,NEMLTCRS_ROT20,Glycine max (Soybean),1288.88,5930.75,1993,Conventional Till,None,No,74,11,0,NA,NA,0,7.5,NA,6.59,NA,NA
NEMLTCRS,NEMLTCRS_305N,NEMLTCRS_ROT41,Zea mays (Corn),3257.05,14637.86,1993,Conventional Till,None,No,74,11,89.998,NA,NA,0,7.5,NA,6.17,NA,NA
NEMLTCRS,NEMLTCRS_305M,NEMLTCRS_ROT40,Zea mays (Corn),2758.73,11872.09,1993,Conventional Till,None,No,74,11,0,NA,NA,0,7.5,NA,6.67,NA,NA
NEMLTCRS,NEMLTCRS_305S,NEMLTCRS_ROT42,Zea mays (Corn),2983.07,14003.17,1993,Conventional Till,None,No,74,11,179.996,NA,NA,0,7.5,NA,5.56,NA,NA
NEMLTCRS,NEMLTCRS_306N,NEMLTCRS_ROT60,Glycine max (Soybean),1366.4,6464.17,1993,Conventional Till,None,No,74,11,0,NA,NA,0,7.5,NA,6.7,NA,NA
NEMLTCRS,NEMLTCRS_306M,NEMLTCRS_ROT61,Glycine max (Soybean),1249.42,6274.89,1993,Conventional Till,None,No,74,11,33.592,NA,NA,0,7.5,NA,6.44,NA,NA
NEMLTCRS,NEMLTCRS_306S,NEMLTCRS_ROT62,Glycine max (Soybean),1215.79,5804.56,1993,Conventional Till,None,No,74,11,67.184,NA,NA,0,7.5,NA,5.83,NA,NA
NEMLTCRS,NEMLTCRS_307N,NEMLTCRS_ROT60,Zea mays (Corn),2573.61,11677.04,1993,Conventional Till,None,No,74,11,0,NA,NA,0,7.5,NA,6.61,NA,NA
NEMLTCRS,NEMLTCRS_307M,NEMLTCRS_ROT62,Zea mays (Corn),3508.44,16114.14,1993,Conventional Till,None,No,74,11,179.996,NA,NA,0,7.5,NA,5.54,NA,NA
NEMLTCRS,NEMLTCRS_307S,NEMLTCRS_ROT61,Zea mays (Corn),3655.07,16700.63,1993,Conventional Till,None,No,74,11,89.998,NA,NA,0,7.5,NA,6.24,NA,NA
NEMLTCRS,NEMLTCRS_312N,NEMLTCRS_ROT10,Zea mays (Corn),1219.75,5292.54,1993,Conventional Till,None,No,74,11,0,NA,NA,0,7.5,NA,6.72,NA,NA
NEMLTCRS,NEMLTCRS_312M,NEMLTCRS_ROT11,Zea mays (Corn),3106.54,13048.67,1993,Conventional Till,None,No,74,11,89.998,NA,NA,0,7.5,NA,6.11,NA,NA
NEMLTCRS,NEMLTCRS_312S,NEMLTCRS_ROT12,Zea mays (Corn),2935.65,12612.16,1993,Conventional Till,None,No,74,11,179.996,NA,NA,0,7.5,NA,5.17,NA,NA
NEMLTCRS,NEMLTCRS_313N,NEMLTCRS_ROT51,Glycine max (Soybean),1206.85,6206.06,1993,Conventional Till,None,No,74,11,33.592,NA,NA,0,7.5,NA,6.39,NA,NA
NEMLTCRS,NEMLTCRS_313M,NEMLTCRS_ROT52,Glycine max (Soybean),1354.31,6515.79,1993,Conventional Till,None,No,74,11,67.184,NA,NA,0,7.5,NA,5.76,NA,NA
NEMLTCRS,NEMLTCRS_313S,NEMLTCRS_ROT50,Glycine max (Soybean),1118.43,5758.67,1993,Conventional Till,None,No,74,11,0,NA,NA,0,7.5,NA,6.75,NA,NA
NEMLTCRS,NEMLTCRS_314N,NEMLTCRS_ROT41,Glycine max (Soybean),1391.37,6469.91,1993,Conventional Till,None,No,74,11,33.592,NA,NA,0,7.5,NA,6.6,NA,NA
NEMLTCRS,NEMLTCRS_314M,NEMLTCRS_ROT42,Glycine max (Soybean),1304.48,7095.1,1993,Conventional Till,None,No,74,11,67.184,NA,NA,0,7.5,NA,6.21,NA,NA
NEMLTCRS,NEMLTCRS_314S,NEMLTCRS_ROT40,Glycine max (Soybean),1171.14,5403.06,1993,Conventional Till,None,No,74,11,0,NA,NA,0,7.5,NA,6.92,NA,NA
NEMLTCRS,NEMLTCRS_315N,NEMLTCRS_ROT70,Zea mays (Corn),3375.02,14161.79,1993,Conventional Till,None,No,74,11,0,NA,NA,0,7.5,NA,6.74,NA,NA
NEMLTCRS,NEMLTCRS_315M,NEMLTCRS_ROT71,Zea mays (Corn),3222.62,14240.37,1993,Conventional Till,None,No,74,11,89.998,NA,NA,0,7.5,NA,6.26,NA,NA
NEMLTCRS,NEMLTCRS_315S,NEMLTCRS_ROT72,Zea mays (Corn),3100.45,14238.4,1993,Conventional Till,None,No,74,11,179.996,NA,NA,0,7.5,NA,5.66,NA,NA
NEMLTCRS,NEMLTCRS_401N,NEMLTCRS_ROT41,Zea mays (Corn),3530.49,16030.13,1993,Conventional Till,None,No,74,11,89.998,NA,NA,0,7.5,NA,6.08,NA,NA
NEMLTCRS,NEMLTCRS_401M,NEMLTCRS_ROT42,Zea mays (Corn),3768,18363.61,1993,Conventional Till,None,No,74,11,179.996,NA,NA,0,7.5,NA,5.49,NA,NA
NEMLTCRS,NEMLTCRS_401S,NEMLTCRS_ROT40,Zea mays (Corn),3353.57,15836.41,1993,Conventional Till,None,No,74,11,0,NA,NA,0,7.5,NA,6.45,NA,NA
NEMLTCRS,NEMLTCRS_404N,NEMLTCRS_ROT60,Zea mays (Corn),3571.39,16395.34,1993,Conventional Till,None,No,74,11,0,NA,NA,0,7.5,NA,6.54,NA,NA
NEMLTCRS,NEMLTCRS_404M,NEMLTCRS_ROT61,Zea mays (Corn),2957.93,13548.35,1993,Conventional Till,None,No,74,11,89.998,NA,NA,0,7.5,NA,6.21,NA,NA
NEMLTCRS,NEMLTCRS_404S,NEMLTCRS_ROT62,Zea mays (Corn),3475.62,16288.14,1993,Conventional Till,None,No,74,11,179.996,NA,NA,0,7.5,NA,5.61,NA,NA
NEMLTCRS,NEMLTCRS_405N,NEMLTCRS_ROT70,Zea mays (Corn),3433.08,15865.83,1993,Conventional Till,None,No,74,11,0,NA,NA,0,7.5,NA,6.62,NA,NA
NEMLTCRS,NEMLTCRS_405M,NEMLTCRS_ROT71,Zea mays (Corn),3265.18,14821.81,1993,Conventional Till,None,No,74,11,89.998,NA,NA,0,7.5,NA,6.2,NA,NA
NEMLTCRS,NEMLTCRS_405S,NEMLTCRS_ROT72,Zea mays (Corn),2686.58,14425.68,1993,Conventional Till,None,No,74,11,179.996,NA,NA,0,7.5,NA,5.83,NA,NA
NEMLTCRS,NEMLTCRS_406N,NEMLTCRS_ROT72,Glycine max (Soybean),1297.97,7032.01,1993,Conventional Till,None,No,74,11,67.184,NA,NA,0,7.5,NA,6.05,NA,NA
NEMLTCRS,NEMLTCRS_406M,NEMLTCRS_ROT71,Glycine max (Soybean),1391.15,6521.53,1993,Conventional Till,None,No,74,11,33.592,NA,NA,0,7.5,NA,6.45,NA,NA
NEMLTCRS,NEMLTCRS_406S,NEMLTCRS_ROT70,Glycine max (Soybean),1241.56,6527.26,1993,Conventional Till,None,No,74,11,0,NA,NA,0,7.5,NA,6.78,NA,NA
NEMLTCRS,NEMLTCRS_407N,NEMLTCRS_ROT10,Zea mays (Corn),1166.61,5690.45,1993,Conventional Till,None,No,74,11,0,NA,NA,0,7.5,NA,6.61,NA,NA
NEMLTCRS,NEMLTCRS_407M,NEMLTCRS_ROT12,Zea mays (Corn),3391.28,16112.89,1993,Conventional Till,None,No,74,11,179.996,NA,NA,0,7.5,NA,4.86,NA,NA
NEMLTCRS,NEMLTCRS_407S,NEMLTCRS_ROT11,Zea mays (Corn),2892.51,12843.8,1993,Conventional Till,None,No,74,11,89.998,NA,NA,0,7.5,NA,5.95,NA,NA
NEMLTCRS,NEMLTCRS_409N,NEMLTCRS_ROT51,Glycine max (Soybean),1139.98,5827.5,1993,Conventional Till,None,No,74,11,33.592,NA,NA,0,7.5,NA,6.6,NA,NA
NEMLTCRS,NEMLTCRS_409M,NEMLTCRS_ROT52,Glycine max (Soybean),1533.72,7720.3,1993,Conventional Till,None,No,74,11,67.184,NA,NA,0,7.5,NA,6.05,NA,NA
NEMLTCRS,NEMLTCRS_409S,NEMLTCRS_ROT50,Glycine max (Soybean),1293.03,6194.59,1993,Conventional Till,None,No,74,11,0,NA,NA,0,7.5,NA,6.86,NA,NA
NEMLTCRS,NEMLTCRS_410N,NEMLTCRS_ROT60,Glycine max (Soybean),1164,5225.25,1993,Conventional Till,None,No,74,11,0,NA,NA,0,7.5,NA,6.86,NA,NA
NEMLTCRS,NEMLTCRS_410M,NEMLTCRS_ROT62,Glycine max (Soybean),1534.51,7146.72,1993,Conventional Till,None,No,74,11,67.184,NA,NA,0,7.5,NA,6.13,NA,NA
NEMLTCRS,NEMLTCRS_410S,NEMLTCRS_ROT61,Glycine max (Soybean),1228.69,6211.8,1993,Conventional Till,None,No,74,11,33.592,NA,NA,0,7.5,NA,6.48,NA,NA
NEMLTCRS,NEMLTCRS_411N,NEMLTCRS_ROT22,Glycine max (Soybean),1403.96,6481.38,1993,Conventional Till,None,No,74,11,67.184,NA,NA,0,7.5,NA,6.7,NA,NA
NEMLTCRS,NEMLTCRS_411M,NEMLTCRS_ROT20,Glycine max (Soybean),1175.64,5632.49,1993,Conventional Till,None,No,74,11,0,NA,NA,0,7.5,NA,7.08,NA,NA
NEMLTCRS,NEMLTCRS_411S,NEMLTCRS_ROT21,Glycine max (Soybean),1132.5,5689.85,1993,Conventional Till,None,No,74,11,33.592,NA,NA,0,7.5,NA,6.95,NA,NA
NEMLTCRS,NEMLTCRS_414N,NEMLTCRS_ROT41,Glycine max (Soybean),676.19,5374.38,1993,Conventional Till,None,No,74,11,33.592,NA,NA,0,7.5,NA,6.64,NA,NA
NEMLTCRS,NEMLTCRS_414M,NEMLTCRS_ROT42,Glycine max (Soybean),1184.45,6601.83,1993,Conventional Till,None,No,74,11,67.184,NA,NA,0,7.5,NA,6.24,NA,NA
NEMLTCRS,NEMLTCRS_414S,NEMLTCRS_ROT40,Glycine max (Soybean),1186.4,5850.45,1993,Conventional Till,None,No,74,11,0,NA,NA,0,7.5,NA,6.83,NA,NA
NEMLTCRS,NEMLTCRS_503N,NEMLTCRS_ROT40,Glycine max (Soybean),1289.37,5770.15,1993,Conventional Till,None,No,74,11,0,NA,NA,0,7.5,NA,7.05,NA,NA
NEMLTCRS,NEMLTCRS_503M,NEMLTCRS_ROT42,Glycine max (Soybean),970.85,5477.62,1993,Conventional Till,None,No,74,11,67.184,NA,NA,0,7.5,NA,6.24,NA,NA
NEMLTCRS,NEMLTCRS_503S,NEMLTCRS_ROT41,Glycine max (Soybean),1339.89,6131.5,1993,Conventional Till,None,No,74,11,33.592,NA,NA,0,7.5,NA,6.42,NA,NA
NEMLTCRS,NEMLTCRS_504N,NEMLTCRS_ROT72,Zea mays (Corn),3606.93,16990.96,1993,Conventional Till,None,No,74,11,179.996,NA,NA,0,7.5,NA,5.63,NA,NA
NEMLTCRS,NEMLTCRS_504M,NEMLTCRS_ROT71,Zea mays (Corn),3613.17,15766.11,1993,Conventional Till,None,No,74,11,89.998,NA,NA,0,7.5,NA,6.24,NA,NA
NEMLTCRS,NEMLTCRS_504S,NEMLTCRS_ROT70,Zea mays (Corn),3213.96,15010.85,1993,Conventional Till,None,No,74,11,0,NA,NA,0,7.5,NA,6.55,NA,NA
NEMLTCRS,NEMLTCRS_506N,NEMLTCRS_ROT60,Glycine max (Soybean),981.5,5557.92,1993,Conventional Till,None,No,74,11,0,NA,NA,0,7.5,NA,6.81,NA,NA
NEMLTCRS,NEMLTCRS_506M,NEMLTCRS_ROT62,Glycine max (Soybean),1178.42,5902.07,1993,Conventional Till,None,No,74,11,67.184,NA,NA,0,7.5,NA,6.14,NA,NA
NEMLTCRS,NEMLTCRS_506S,NEMLTCRS_ROT61,Glycine max (Soybean),1257.1,5988.1,1993,Conventional Till,None,No,74,11,33.592,NA,NA,0,7.5,NA,6.28,NA,NA
NEMLTCRS,NEMLTCRS_507N,NEMLTCRS_ROT12,Zea mays (Corn),3529.91,18513.4,1993,Conventional Till,None,No,74,11,179.996,NA,NA,0,7.5,NA,5.19,NA,NA
NEMLTCRS,NEMLTCRS_507M,NEMLTCRS_ROT11,Zea mays (Corn),2205.74,9421.65,1993,Conventional Till,None,No,74,11,89.998,NA,NA,0,7.5,NA,6.24,NA,NA
NEMLTCRS,NEMLTCRS_507S,NEMLTCRS_ROT10,Zea mays (Corn),1291.58,5758.44,1993,Conventional Till,None,No,74,11,0,NA,NA,0,7.5,NA,6.68,NA,NA
NEMLTCRS,NEMLTCRS_508N,NEMLTCRS_ROT60,Zea mays (Corn),2667.83,12352.18,1993,Conventional Till,None,No,74,11,0,NA,NA,0,7.5,NA,6.77,NA,NA
NEMLTCRS,NEMLTCRS_508M,NEMLTCRS_ROT62,Zea mays (Corn),3118.78,14256.3,1993,Conventional Till,None,No,74,11,179.996,NA,NA,0,7.5,NA,6.01,NA,NA
NEMLTCRS,NEMLTCRS_508S,NEMLTCRS_ROT61,Zea mays (Corn),3456.42,16361.38,1993,Conventional Till,None,No,74,11,89.998,NA,NA,0,7.5,NA,6.41,NA,NA
NEMLTCRS,NEMLTCRS_510N,NEMLTCRS_ROT21,Glycine max (Soybean),1272.33,6033.99,1993,Conventional Till,None,No,74,11,33.592,NA,NA,0,7.5,NA,6.84,NA,NA
NEMLTCRS,NEMLTCRS_510M,NEMLTCRS_ROT20,Glycine max (Soybean),1133.38,5569.4,1993,Conventional Till,None,No,74,11,0,NA,NA,0,7.5,NA,6.92,NA,NA
NEMLTCRS,NEMLTCRS_510S,NEMLTCRS_ROT22,Glycine max (Soybean),1337.94,6510.06,1993,Conventional Till,None,No,74,11,67.184,NA,NA,0,7.5,NA,6.82,NA,NA
NEMLTCRS,NEMLTCRS_511N,NEMLTCRS_ROT52,Glycine max (Soybean),1347.77,6871.41,1993,Conventional Till,None,No,74,11,67.184,NA,NA,0,7.5,NA,6.26,NA,NA
NEMLTCRS,NEMLTCRS_511M,NEMLTCRS_ROT51,Glycine max (Soybean),1311.28,6378.13,1993,Conventional Till,None,No,74,11,33.592,NA,NA,0,7.5,NA,6.61,NA,NA
NEMLTCRS,NEMLTCRS_511S,NEMLTCRS_ROT50,Glycine max (Soybean),1337.45,5838.98,1993,Conventional Till,None,No,74,11,0,NA,NA,0,7.5,NA,6.83,NA,NA
NEMLTCRS,NEMLTCRS_512N,NEMLTCRS_ROT40,Zea mays (Corn),2018.71,9517.76,1993,Conventional Till,None,No,74,11,0,NA,NA,0,7.5,NA,6.71,NA,NA
NEMLTCRS,NEMLTCRS_512M,NEMLTCRS_ROT41,Zea mays (Corn),3204.39,14694.31,1993,Conventional Till,None,No,74,11,89.998,NA,NA,0,7.5,NA,6.41,NA,NA
NEMLTCRS,NEMLTCRS_512S,NEMLTCRS_ROT42,Zea mays (Corn),3591.86,17265.05,1993,Conventional Till,None,No,74,11,179.996,NA,NA,0,7.5,NA,5.77,NA,NA
NEMLTCRS,NEMLTCRS_513N,NEMLTCRS_ROT70,Glycine max (Soybean),1238.21,6257.68,1993,Conventional Till,None,No,74,11,0,NA,NA,0,7.5,NA,6.8,NA,NA
NEMLTCRS,NEMLTCRS_513M,NEMLTCRS_ROT71,Glycine max (Soybean),1272.68,6498.58,1993,Conventional Till,None,No,74,11,33.592,NA,NA,0,7.5,NA,6.52,NA,NA
NEMLTCRS,NEMLTCRS_513S,NEMLTCRS_ROT72,Glycine max (Soybean),1284.5,6355.19,1993,Conventional Till,None,No,74,11,67.184,NA,NA,0,7.5,NA,5.92,NA,NA
NEMLTCRS,NEMLTCRS_102N,NEMLTCRS_ROT42,Zea mays (Corn),3952.37,17945.54,1994,Conventional Till,None,No,74,11,179.996,NA,NA,0,7.5,NA,6.23,717.5246,19.43065972
NEMLTCRS,NEMLTCRS_102M,NEMLTCRS_ROT40,Zea mays (Corn),2334.45,13018.35,1994,Conventional Till,None,No,74,11,0,NA,NA,0,7.5,NA,6.97,717.5246,19.43065972
NEMLTCRS,NEMLTCRS_102S,NEMLTCRS_ROT41,Zea mays (Corn),3607.01,16229.81,1994,Conventional Till,None,No,74,11,89.998,NA,NA,0,7.5,NA,6.66,717.5246,19.43065972
NEMLTCRS,NEMLTCRS_103N,NEMLTCRS_ROT70,Glycine max (Soybean),1606.01,5942.22,1994,Conventional Till,None,No,74,11,0,NA,NA,0,7.5,NA,6.49,717.5246,19.43065972
NEMLTCRS,NEMLTCRS_103M,NEMLTCRS_ROT72,Glycine max (Soybean),1599.23,6590.36,1994,Conventional Till,None,No,74,11,67.184,NA,NA,0,7.5,NA,5.47,717.5246,19.43065972
NEMLTCRS,NEMLTCRS_103S,NEMLTCRS_ROT71,Glycine max (Soybean),1618.38,6533,1994,Conventional Till,None,No,74,11,33.592,NA,NA,0,7.5,NA,6.3,717.5246,19.43065972
NEMLTCRS,NEMLTCRS_104N,NEMLTCRS_ROT71,Zea mays (Corn),3848.92,18123.07,1994,Conventional Till,None,No,74,11,0,NA,NA,0,7.5,NA,6.2,717.5246,19.43065972
NEMLTCRS,NEMLTCRS_104M,NEMLTCRS_ROT72,Zea mays (Corn),4368.88,20871.44,1994,Conventional Till,None,No,74,11,179.996,NA,NA,0,7.5,NA,5.98,717.5246,19.43065972
NEMLTCRS,NEMLTCRS_104S,NEMLTCRS_ROT70,Zea mays (Corn),3971.01,18731.47,1994,Conventional Till,None,No,74,11,89.998,NA,NA,0,7.5,NA,6.79,717.5246,19.43065972
NEMLTCRS,NEMLTCRS_107N,NEMLTCRS_ROT20,Glycine max (Soybean),1049.94,4135.46,1994,Conventional Till,None,No,74,11,0,NA,NA,0,7.5,NA,6.51,717.5246,19.43065972
NEMLTCRS,NEMLTCRS_107M,NEMLTCRS_ROT22,Glycine max (Soybean),1421.16,5322.76,1994,Conventional Till,None,No,74,11,67.184,NA,NA,0,7.5,NA,6.31,717.5246,19.43065972
NEMLTCRS,NEMLTCRS_107S,NEMLTCRS_ROT21,Glycine max (Soybean),1239.75,4967.14,1994,Conventional Till,None,No,74,11,33.592,NA,NA,0,7.5,NA,6.46,717.5246,19.43065972
NEMLTCRS,NEMLTCRS_108N,NEMLTCRS_ROT41,Glycine max (Soybean),1497.65,6033.99,1994,Conventional Till,None,No,74,11,33.592,NA,NA,0,7.5,NA,6.04,717.5246,19.43065972
NEMLTCRS,NEMLTCRS_108M,NEMLTCRS_ROT40,Glycine max (Soybean),1604.82,5993.84,1994,Conventional Till,None,No,74,11,0,NA,NA,0,7.5,NA,6.6,717.5246,19.43065972
NEMLTCRS,NEMLTCRS_108S,NEMLTCRS_ROT42,Glycine max (Soybean),1515.24,5816.03,1994,Conventional Till,None,No,74,11,67.184,NA,NA,0,7.5,NA,5.62,717.5246,19.43065972
NEMLTCRS,NEMLTCRS_109N,NEMLTCRS_ROT62,Zea mays (Corn),4548.3,21412.26,1994,Conventional Till,None,No,74,11,179.996,NA,NA,0,7.5,NA,5.52,717.5246,19.43065972
NEMLTCRS,NEMLTCRS_109M,NEMLTCRS_ROT61,Zea mays (Corn),4583.57,23727.21,1994,Conventional Till,None,No,74,11,89.998,NA,NA,0,7.5,NA,6.41,717.5246,19.43065972
NEMLTCRS,NEMLTCRS_109S,NEMLTCRS_ROT60,Zea mays (Corn),2996.26,15294.58,1994,Conventional Till,None,No,74,11,0,NA,NA,0,7.5,NA,6.83,717.5246,19.43065972
NEMLTCRS,NEMLTCRS_113N,NEMLTCRS_ROT62,Glycine max (Soybean),1513.25,6131.5,1994,Conventional Till,None,No,74,11,67.184,NA,NA,0,7.5,NA,5.34,717.5246,19.43065972
NEMLTCRS,NEMLTCRS_113M,NEMLTCRS_ROT60,Glycine max (Soybean),1877.28,7347.47,1994,Conventional Till,None,No,74,11,0,NA,NA,0,7.5,NA,6.99,717.5246,19.43065972
NEMLTCRS,NEMLTCRS_113S,NEMLTCRS_ROT61,Glycine max (Soybean),1531.26,7003.33,1994,Conventional Till,None,No,74,11,33.592,NA,NA,0,7.5,NA,6.55,717.5246,19.43065972
NEMLTCRS,NEMLTCRS_114N,NEMLTCRS_ROT52,Glycine max (Soybean),1738.71,6429.76,1994,Conventional Till,None,No,74,11,67.184,NA,NA,0,7.5,NA,5.87,717.5246,19.43065972
NEMLTCRS,NEMLTCRS_114M,NEMLTCRS_ROT51,Glycine max (Soybean),1672.93,6521.53,1994,Conventional Till,None,No,74,11,33.592,NA,NA,0,7.5,NA,6.98,717.5246,19.43065972
NEMLTCRS,NEMLTCRS_114S,NEMLTCRS_ROT50,Glycine max (Soybean),1490.59,5540.72,1994,Conventional Till,None,No,74,11,0,NA,NA,0,7.5,NA,7.32,717.5246,19.43065972
NEMLTCRS,NEMLTCRS_115N,NEMLTCRS_ROT12,Zea mays (Corn),3023.38,15964.59,1994,Conventional Till,None,No,74,11,179.996,NA,NA,0,7.5,NA,4.72,717.5246,19.43065972
NEMLTCRS,NEMLTCRS_115M,NEMLTCRS_ROT11,Zea mays (Corn),3004.64,15879.37,1994,Conventional Till,None,No,74,11,0,NA,NA,0,7.5,NA,6.11,717.5246,19.43065972
NEMLTCRS,NEMLTCRS_115S,NEMLTCRS_ROT10,Zea mays (Corn),1873.58,10210.69,1994,Conventional Till,None,No,74,11,89.998,NA,NA,0,7.5,NA,6.91,717.5246,19.43065972
NEMLTCRS,NEMLTCRS_201N,NEMLTCRS_ROT40,Glycine max (Soybean),1736.05,6194.59,1994,Conventional Till,None,No,74,11,0,NA,NA,0,7.5,NA,7.35,717.5246,19.43065972
NEMLTCRS,NEMLTCRS_201M,NEMLTCRS_ROT41,Glycine max (Soybean),1354.28,5104.8,1994,Conventional Till,None,No,74,11,33.592,NA,NA,0,7.5,NA,6.87,717.5246,19.43065972
NEMLTCRS,NEMLTCRS_201S,NEMLTCRS_ROT42,Glycine max (Soybean),1434.3,5282.61,1994,Conventional Till,None,No,74,11,67.184,NA,NA,0,7.5,NA,6.06,717.5246,19.43065972
NEMLTCRS,NEMLTCRS_202N,NEMLTCRS_ROT62,Zea mays (Corn),3922.16,18212.1,1994,Conventional Till,None,No,74,11,179.996,NA,NA,0,7.5,NA,6.6,717.5246,19.43065972
NEMLTCRS,NEMLTCRS_202M,NEMLTCRS_ROT61,Zea mays (Corn),4233.6,20689.69,1994,Conventional Till,None,No,74,11,89.998,NA,NA,0,7.5,NA,6.85,717.5246,19.43065972
NEMLTCRS,NEMLTCRS_202S,NEMLTCRS_ROT60,Zea mays (Corn),3589.22,17703.27,1994,Conventional Till,None,No,74,11,0,NA,NA,0,7.5,NA,7.2,717.5246,19.43065972
NEMLTCRS,NEMLTCRS_206N,NEMLTCRS_ROT61,Glycine max (Soybean),2046.98,8144.74,1994,Conventional Till,None,No,74,11,33.592,NA,NA,0,7.5,NA,6.47,717.5246,19.43065972
NEMLTCRS,NEMLTCRS_206M,NEMLTCRS_ROT60,Glycine max (Soybean),1863.52,7009.06,1994,Conventional Till,None,No,74,11,0,NA,NA,0,7.5,NA,6.97,717.5246,19.43065972
NEMLTCRS,NEMLTCRS_206S,NEMLTCRS_ROT62,Glycine max (Soybean),1696.62,6487.11,1994,Conventional Till,None,No,74,11,67.184,NA,NA,0,7.5,NA,5.5,717.5246,19.43065972
NEMLTCRS,NEMLTCRS_207N,NEMLTCRS_ROT50,Glycine max (Soybean),1691.91,6492.85,1994,Conventional Till,None,No,74,11,0,NA,NA,0,7.5,NA,6.89,717.5246,19.43065972
NEMLTCRS,NEMLTCRS_207M,NEMLTCRS_ROT51,Glycine max (Soybean),1714.63,6716.54,1994,Conventional Till,None,No,74,11,33.592,NA,NA,0,7.5,NA,6.42,717.5246,19.43065972
NEMLTCRS,NEMLTCRS_207S,NEMLTCRS_ROT52,Glycine max (Soybean),1635.43,6315.04,1994,Conventional Till,None,No,74,11,67.184,NA,NA,0,7.5,NA,5.53,717.5246,19.43065972
NEMLTCRS,NEMLTCRS_208N,NEMLTCRS_ROT12,Zea mays (Corn),3800.64,17811.91,1994,Conventional Till,None,No,74,11,179.996,NA,NA,0,7.5,NA,5.34,717.5246,19.43065972
NEMLTCRS,NEMLTCRS_208M,NEMLTCRS_ROT10,Zea mays (Corn),1536.77,9016.97,1994,Conventional Till,None,No,74,11,0,NA,NA,0,7.5,NA,6.94,717.5246,19.43065972
NEMLTCRS,NEMLTCRS_208S,NEMLTCRS_ROT11,Zea mays (Corn),3332.78,15399.12,1994,Conventional Till,None,No,74,11,89.998,NA,NA,0,7.5,NA,6.08,717.5246,19.43065972
NEMLTCRS,NEMLTCRS_210N,NEMLTCRS_ROT41,Zea mays (Corn),4287.91,20862.74,1994,Conventional Till,None,No,74,11,89.998,NA,NA,0,7.5,NA,6.91,717.5246,19.43065972
NEMLTCRS,NEMLTCRS_210M,NEMLTCRS_ROT40,Zea mays (Corn),3176.26,14826.3,1994,Conventional Till,None,No,74,11,0,NA,NA,0,7.5,NA,7.17,717.5246,19.43065972
NEMLTCRS,NEMLTCRS_210S,NEMLTCRS_ROT42,Zea mays (Corn),3909.8,18415.09,1994,Conventional Till,None,No,74,11,179.996,NA,NA,0,7.5,NA,6.26,717.5246,19.43065972
NEMLTCRS,NEMLTCRS_211N,NEMLTCRS_ROT71,Glycine max (Soybean),1635.71,6619.03,1994,Conventional Till,None,No,74,11,33.592,NA,NA,0,7.5,NA,6.65,717.5246,19.43065972
NEMLTCRS,NEMLTCRS_211M,NEMLTCRS_ROT72,Glycine max (Soybean),1572.95,6206.06,1994,Conventional Till,None,No,74,11,67.184,NA,NA,0,7.5,NA,5.79,717.5246,19.43065972
NEMLTCRS,NEMLTCRS_211S,NEMLTCRS_ROT70,Glycine max (Soybean),1743.31,6934.5,1994,Conventional Till,None,No,74,11,0,NA,NA,0,7.5,NA,7.11,717.5246,19.43065972
NEMLTCRS,NEMLTCRS_212N,NEMLTCRS_ROT71,Zea mays (Corn),3258.43,15417.21,1994,Conventional Till,None,No,74,11,89.998,NA,NA,0,7.5,NA,6.73,717.5246,19.43065972
NEMLTCRS,NEMLTCRS_212M,NEMLTCRS_ROT70,Zea mays (Corn),3410.51,17622.61,1994,Conventional Till,None,No,74,11,0,NA,NA,0,7.5,NA,7.07,717.5246,19.43065972
NEMLTCRS,NEMLTCRS_212S,NEMLTCRS_ROT72,Zea mays (Corn),5245.83,24199.56,1994,Conventional Till,None,No,74,11,179.996,NA,NA,0,7.5,NA,5.73,717.5246,19.43065972
NEMLTCRS,NEMLTCRS_215N,NEMLTCRS_ROT22,Glycine max (Soybean),1357.66,5024.5,1994,Conventional Till,None,No,74,11,67.184,NA,NA,0,7.5,NA,6.26,717.5246,19.43065972
NEMLTCRS,NEMLTCRS_215M,NEMLTCRS_ROT21,Glycine max (Soybean),1485.26,5173.63,1994,Conventional Till,None,No,74,11,33.592,NA,NA,0,7.5,NA,6.67,717.5246,19.43065972
NEMLTCRS,NEMLTCRS_215S,NEMLTCRS_ROT20,Glycine max (Soybean),1345.83,5030.24,1994,Conventional Till,None,No,74,11,0,NA,NA,0,7.5,NA,6.84,717.5246,19.43065972
NEMLTCRS,NEMLTCRS_301N,NEMLTCRS_ROT71,Zea mays (Corn),3932.99,18527.41,1994,Conventional Till,None,No,74,11,89.998,NA,NA,0,7.5,NA,6.46,717.5246,19.43065972
NEMLTCRS,NEMLTCRS_301M,NEMLTCRS_ROT72,Zea mays (Corn),4319.87,19226.08,1994,Conventional Till,None,No,74,11,179.996,NA,NA,0,7.5,NA,5.84,717.5246,19.43065972
NEMLTCRS,NEMLTCRS_301S,NEMLTCRS_ROT70,Zea mays (Corn),4360.31,20316.07,1994,Conventional Till,None,No,74,11,0,NA,NA,0,7.5,NA,6.64,717.5246,19.43065972
NEMLTCRS,NEMLTCRS_304N,NEMLTCRS_ROT22,Glycine max (Soybean),1267.74,4731.98,1994,Conventional Till,None,No,74,11,67.184,NA,NA,0,7.5,NA,6.34,717.5246,19.43065972
NEMLTCRS,NEMLTCRS_304M,NEMLTCRS_ROT21,Glycine max (Soybean),1269.61,4591.45,1994,Conventional Till,None,No,74,11,33.592,NA,NA,0,7.5,NA,6.61,717.5246,19.43065972
NEMLTCRS,NEMLTCRS_304S,NEMLTCRS_ROT20,Glycine max (Soybean),1406.81,5236.72,1994,Conventional Till,None,No,74,11,0,NA,NA,0,7.5,NA,6.59,717.5246,19.43065972
NEMLTCRS,NEMLTCRS_305N,NEMLTCRS_ROT41,Glycine max (Soybean),1198.39,4468.14,1994,Conventional Till,None,No,74,11,33.592,NA,NA,0,7.5,NA,6.17,717.5246,19.43065972
NEMLTCRS,NEMLTCRS_305M,NEMLTCRS_ROT40,Glycine max (Soybean),1564.66,5609.55,1994,Conventional Till,None,No,74,11,0,NA,NA,0,7.5,NA,6.67,717.5246,19.43065972
NEMLTCRS,NEMLTCRS_305S,NEMLTCRS_ROT42,Glycine max (Soybean),1481.85,5784.49,1994,Conventional Till,None,No,74,11,67.184,NA,NA,0,7.5,NA,5.56,717.5246,19.43065972
NEMLTCRS,NEMLTCRS_306N,NEMLTCRS_ROT60,Zea mays (Corn),2469.72,12900.97,1994,Conventional Till,None,No,74,11,0,NA,NA,0,7.5,NA,6.7,717.5246,19.43065972
NEMLTCRS,NEMLTCRS_306M,NEMLTCRS_ROT61,Zea mays (Corn),4280.21,20340.16,1994,Conventional Till,None,No,74,11,89.998,NA,NA,0,7.5,NA,6.44,717.5246,19.43065972
NEMLTCRS,NEMLTCRS_306S,NEMLTCRS_ROT62,Zea mays (Corn),4173.67,20286.37,1994,Conventional Till,None,No,74,11,179.996,NA,NA,0,7.5,NA,5.83,717.5246,19.43065972
NEMLTCRS,NEMLTCRS_310N,NEMLTCRS_ROT62,Glycine max (Soybean),1857.3,7043.48,1994,Conventional Till,None,No,74,11,67.184,NA,NA,0,7.5,NA,5.62,717.5246,19.43065972
NEMLTCRS,NEMLTCRS_310M,NEMLTCRS_ROT60,Glycine max (Soybean),1988.08,7330.27,1994,Conventional Till,None,No,74,11,0,NA,NA,0,7.5,NA,6.96,717.5246,19.43065972
NEMLTCRS,NEMLTCRS_310S,NEMLTCRS_ROT61,Glycine max (Soybean),1894.46,7037.74,1994,Conventional Till,None,No,74,11,33.592,NA,NA,0,7.5,NA,6.54,717.5246,19.43065972
NEMLTCRS,NEMLTCRS_311N,NEMLTCRS_ROT51,Glycine max (Soybean),1773.78,7083.63,1994,Conventional Till,None,No,74,11,33.592,NA,NA,0,7.5,NA,6.61,717.5246,19.43065972
NEMLTCRS,NEMLTCRS_311M,NEMLTCRS_ROT52,Glycine max (Soybean),1839.98,6154.44,1994,Conventional Till,None,No,74,11,67.184,NA,NA,0,7.5,NA,6.75,717.5246,19.43065972
NEMLTCRS,NEMLTCRS_311S,NEMLTCRS_ROT50,Glycine max (Soybean),1249.49,5517.77,1994,Conventional Till,None,No,74,11,0,NA,NA,0,7.5,NA,6.86,717.5246,19.43065972
NEMLTCRS,NEMLTCRS_312N,NEMLTCRS_ROT10,Zea mays (Corn),1447.79,7494.25,1994,Conventional Till,None,No,74,11,0,NA,NA,0,7.5,NA,6.72,717.5246,19.43065972
NEMLTCRS,NEMLTCRS_312M,NEMLTCRS_ROT11,Zea mays (Corn),2093.94,11311.53,1994,Conventional Till,None,No,74,11,89.998,NA,NA,0,7.5,NA,6.11,717.5246,19.43065972
NEMLTCRS,NEMLTCRS_312S,NEMLTCRS_ROT12,Zea mays (Corn),4799.1,21290.4,1994,Conventional Till,None,No,74,11,179.996,NA,NA,0,7.5,NA,5.17,717.5246,19.43065972
NEMLTCRS,NEMLTCRS_314N,NEMLTCRS_ROT41,Zea mays (Corn),3905.45,18204.83,1994,Conventional Till,None,No,74,11,89.998,NA,NA,0,7.5,NA,6.6,717.5246,19.43065972
NEMLTCRS,NEMLTCRS_314M,NEMLTCRS_ROT42,Zea mays (Corn),4068.93,18363.81,1994,Conventional Till,None,No,74,11,179.996,NA,NA,0,7.5,NA,6.21,717.5246,19.43065972
NEMLTCRS,NEMLTCRS_314S,NEMLTCRS_ROT40,Zea mays (Corn),2791.02,13345.61,1994,Conventional Till,None,No,74,11,0,NA,NA,0,7.5,NA,6.92,717.5246,19.43065972
NEMLTCRS,NEMLTCRS_315N,NEMLTCRS_ROT70,Glycine max (Soybean),1763.97,6544.47,1994,Conventional Till,None,No,74,11,0,NA,NA,0,7.5,NA,6.74,717.5246,19.43065972
NEMLTCRS,NEMLTCRS_315M,NEMLTCRS_ROT71,Glycine max (Soybean),1942.24,6613.3,1994,Conventional Till,None,No,74,11,33.592,NA,NA,0,7.5,NA,6.26,717.5246,19.43065972
NEMLTCRS,NEMLTCRS_315S,NEMLTCRS_ROT72,Glycine max (Soybean),1339.27,5047.44,1994,Conventional Till,None,No,74,11,67.184,NA,NA,0,7.5,NA,5.66,717.5246,19.43065972
NEMLTCRS,NEMLTCRS_401N,NEMLTCRS_ROT41,Glycine max (Soybean),1458.12,5523.51,1994,Conventional Till,None,No,74,11,33.592,NA,NA,0,7.5,NA,6.08,717.5246,19.43065972
NEMLTCRS,NEMLTCRS_401M,NEMLTCRS_ROT42,Glycine max (Soybean),1469.15,5770.15,1994,Conventional Till,None,No,74,11,67.184,NA,NA,0,7.5,NA,5.49,717.5246,19.43065972
NEMLTCRS,NEMLTCRS_401S,NEMLTCRS_ROT40,Glycine max (Soybean),1579.97,6005.31,1994,Conventional Till,None,No,74,11,0,NA,NA,0,7.5,NA,6.45,717.5246,19.43065972
NEMLTCRS,NEMLTCRS_403N,NEMLTCRS_ROT72,Zea mays (Corn),3930.64,18660.91,1994,Conventional Till,None,No,74,11,179.996,NA,NA,0,7.5,NA,6.17,717.5246,19.43065972
NEMLTCRS,NEMLTCRS_403M,NEMLTCRS_ROT70,Zea mays (Corn),3888.35,20342.48,1994,Conventional Till,None,No,74,11,0,NA,NA,0,7.5,NA,6.85,717.5246,19.43065972
NEMLTCRS,NEMLTCRS_403S,NEMLTCRS_ROT71,Zea mays (Corn),4831.61,23183.72,1994,Conventional Till,None,No,74,11,89.998,NA,NA,0,7.5,NA,6.57,717.5246,19.43065972
NEMLTCRS,NEMLTCRS_405N,NEMLTCRS_ROT70,Glycine max (Soybean),1673.4,6033.99,1994,Conventional Till,None,No,74,11,0,NA,NA,0,7.5,NA,6.62,717.5246,19.43065972
NEMLTCRS,NEMLTCRS_405M,NEMLTCRS_ROT71,Glycine max (Soybean),1770.48,6667.79,1994,Conventional Till,None,No,74,11,33.592,NA,NA,0,7.5,NA,6.2,717.5246,19.43065972
NEMLTCRS,NEMLTCRS_405S,NEMLTCRS_ROT72,Glycine max (Soybean),1663.2,6343.72,1994,Conventional Till,None,No,74,11,67.184,NA,NA,0,7.5,NA,5.83,717.5246,19.43065972
NEMLTCRS,NEMLTCRS_407N,NEMLTCRS_ROT10,Zea mays (Corn),1228.18,7832.77,1994,Conventional Till,None,No,74,11,0,NA,NA,0,7.5,NA,6.61,717.5246,19.43065972
NEMLTCRS,NEMLTCRS_407M,NEMLTCRS_ROT12,Zea mays (Corn),3850.72,18756.89,1994,Conventional Till,None,No,74,11,179.996,NA,NA,0,7.5,NA,4.86,717.5246,19.43065972
NEMLTCRS,NEMLTCRS_407S,NEMLTCRS_ROT11,Zea mays (Corn),3365.71,16302.04,1994,Conventional Till,None,No,74,11,89.998,NA,NA,0,7.5,NA,5.95,717.5246,19.43065972
NEMLTCRS,NEMLTCRS_408N,NEMLTCRS_ROT62,Glycine max (Soybean),1609.2,6687.86,1994,Conventional Till,None,No,74,11,67.184,NA,NA,0,7.5,NA,5.44,717.5246,19.43065972
NEMLTCRS,NEMLTCRS_408M,NEMLTCRS_ROT60,Glycine max (Soybean),1586.09,6923.03,1994,Conventional Till,None,No,74,11,0,NA,NA,0,7.5,NA,6.71,717.5246,19.43065972
NEMLTCRS,NEMLTCRS_408S,NEMLTCRS_ROT61,Glycine max (Soybean),1875.29,7588.37,1994,Conventional Till,None,No,74,11,33.592,NA,NA,0,7.5,NA,6.2,717.5246,19.43065972
NEMLTCRS,NEMLTCRS_410N,NEMLTCRS_ROT60,Zea mays (Corn),3113.51,14987.75,1994,Conventional Till,None,No,74,11,0,NA,NA,0,7.5,NA,6.86,717.5246,19.43065972
NEMLTCRS,NEMLTCRS_410M,NEMLTCRS_ROT62,Zea mays (Corn),3989.61,18270.88,1994,Conventional Till,None,No,74,11,179.996,NA,NA,0,7.5,NA,6.13,717.5246,19.43065972
NEMLTCRS,NEMLTCRS_410S,NEMLTCRS_ROT61,Zea mays (Corn),4385.79,19989.67,1994,Conventional Till,None,No,74,11,89.998,NA,NA,0,7.5,NA,6.48,717.5246,19.43065972
NEMLTCRS,NEMLTCRS_411N,NEMLTCRS_ROT22,Glycine max (Soybean),1321.61,5159.29,1994,Conventional Till,None,No,74,11,67.184,NA,NA,0,7.5,NA,6.7,717.5246,19.43065972
NEMLTCRS,NEMLTCRS_411M,NEMLTCRS_ROT20,Glycine max (Soybean),1274.87,4823.75,1994,Conventional Till,None,No,74,11,0,NA,NA,0,7.5,NA,7.08,717.5246,19.43065972
NEMLTCRS,NEMLTCRS_411S,NEMLTCRS_ROT21,Glycine max (Soybean),1769.41,5007.29,1994,Conventional Till,None,No,74,11,33.592,NA,NA,0,7.5,NA,6.95,717.5246,19.43065972
NEMLTCRS,NEMLTCRS_413N,NEMLTCRS_ROT51,Glycine max (Soybean),1604.28,6378.13,1994,Conventional Till,None,No,74,11,33.592,NA,NA,0,7.5,NA,6.49,717.5246,19.43065972
NEMLTCRS,NEMLTCRS_413M,NEMLTCRS_ROT52,Glycine max (Soybean),1577.21,6332.25,1994,Conventional Till,None,No,74,11,67.184,NA,NA,0,7.5,NA,5.84,717.5246,19.43065972
NEMLTCRS,NEMLTCRS_413S,NEMLTCRS_ROT50,Glycine max (Soybean),1467.04,5557.92,1994,Conventional Till,None,No,74,11,0,NA,NA,0,7.5,NA,6.75,717.5246,19.43065972
NEMLTCRS,NEMLTCRS_414N,NEMLTCRS_ROT41,Zea mays (Corn),4074.91,19408.42,1994,Conventional Till,None,No,74,11,89.998,NA,NA,0,7.5,NA,6.64,717.5246,19.43065972
NEMLTCRS,NEMLTCRS_414M,NEMLTCRS_ROT42,Zea mays (Corn),3862.1,17782.52,1994,Conventional Till,None,No,74,11,179.996,NA,NA,0,7.5,NA,6.24,717.5246,19.43065972
NEMLTCRS,NEMLTCRS_414S,NEMLTCRS_ROT40,Zea mays (Corn),3189.01,17310.96,1994,Conventional Till,None,No,74,11,0,NA,NA,0,7.5,NA,6.83,717.5246,19.43065972
NEMLTCRS,NEMLTCRS_501N,NEMLTCRS_ROT71,Zea mays (Corn),3950.42,19565.32,1994,Conventional Till,None,No,74,11,89.998,NA,NA,0,7.5,NA,6.15,717.5246,19.43065972
NEMLTCRS,NEMLTCRS_501M,NEMLTCRS_ROT72,Zea mays (Corn),4755.39,22724.18,1994,Conventional Till,None,No,74,11,179.996,NA,NA,0,7.5,NA,5.51,717.5246,19.43065972
NEMLTCRS,NEMLTCRS_501S,NEMLTCRS_ROT70,Zea mays (Corn),4169.78,19257.58,1994,Conventional Till,None,No,74,11,0,NA,NA,0,7.5,NA,6.33,717.5246,19.43065972
NEMLTCRS,NEMLTCRS_503N,NEMLTCRS_ROT40,Zea mays (Corn),3488.31,18263.87,1994,Conventional Till,None,No,74,11,0,NA,NA,0,7.5,NA,7.05,717.5246,19.43065972
NEMLTCRS,NEMLTCRS_503M,NEMLTCRS_ROT42,Zea mays (Corn),4538.89,21294.66,1994,Conventional Till,None,No,74,11,179.996,NA,NA,0,7.5,NA,6.24,717.5246,19.43065972
NEMLTCRS,NEMLTCRS_503S,NEMLTCRS_ROT41,Zea mays (Corn),4076.98,19242.15,1994,Conventional Till,None,No,74,11,89.998,NA,NA,0,7.5,NA,6.42,717.5246,19.43065972
NEMLTCRS,NEMLTCRS_504N,NEMLTCRS_ROT72,Glycine max (Soybean),1640.41,6297.83,1994,Conventional Till,None,No,74,11,67.184,NA,NA,0,7.5,NA,5.63,717.5246,19.43065972
NEMLTCRS,NEMLTCRS_504M,NEMLTCRS_ROT71,Glycine max (Soybean),1790.32,7089.36,1994,Conventional Till,None,No,74,11,33.592,NA,NA,0,7.5,NA,6.24,717.5246,19.43065972
NEMLTCRS,NEMLTCRS_504S,NEMLTCRS_ROT70,Glycine max (Soybean),1612.77,6011.05,1994,Conventional Till,None,No,74,11,0,NA,NA,0,7.5,NA,6.55,717.5246,19.43065972
NEMLTCRS,NEMLTCRS_506N,NEMLTCRS_ROT60,Zea mays (Corn),2922.26,15142.82,1994,Conventional Till,None,No,74,11,0,NA,NA,0,7.5,NA,6.81,717.5246,19.43065972
NEMLTCRS,NEMLTCRS_506M,NEMLTCRS_ROT62,Zea mays (Corn),4568.03,20619.67,1994,Conventional Till,None,No,74,11,179.996,NA,NA,0,7.5,NA,6.14,717.5246,19.43065972
NEMLTCRS,NEMLTCRS_506S,NEMLTCRS_ROT61,Zea mays (Corn),3863.55,17750.55,1994,Conventional Till,None,No,74,11,89.998,NA,NA,0,7.5,NA,6.28,717.5246,19.43065972
NEMLTCRS,NEMLTCRS_507N,NEMLTCRS_ROT12,Zea mays (Corn),3740.15,16862.98,1994,Conventional Till,None,No,74,11,179.996,NA,NA,0,7.5,NA,5.19,717.5246,19.43065972
NEMLTCRS,NEMLTCRS_507M,NEMLTCRS_ROT11,Zea mays (Corn),3024.36,14422.39,1994,Conventional Till,None,No,74,11,89.998,NA,NA,0,7.5,NA,6.24,717.5246,19.43065972
NEMLTCRS,NEMLTCRS_507S,NEMLTCRS_ROT10,Zea mays (Corn),1351.62,6444.72,1994,Conventional Till,None,No,74,11,0,NA,NA,0,7.5,NA,6.68,717.5246,19.43065972
NEMLTCRS,NEMLTCRS_510N,NEMLTCRS_ROT21,Glycine max (Soybean),1226.29,4749.19,1994,Conventional Till,None,No,74,11,33.592,NA,NA,0,7.5,NA,6.84,717.5246,19.43065972
NEMLTCRS,NEMLTCRS_510M,NEMLTCRS_ROT20,Glycine max (Soybean),1474.17,5265.4,1994,Conventional Till,None,No,74,11,0,NA,NA,0,7.5,NA,6.92,717.5246,19.43065972
NEMLTCRS,NEMLTCRS_510S,NEMLTCRS_ROT22,Glycine max (Soybean),1491.74,5816.03,1994,Conventional Till,None,No,74,11,67.184,NA,NA,0,7.5,NA,6.82,717.5246,19.43065972
NEMLTCRS,NEMLTCRS_512N,NEMLTCRS_ROT40,Glycine max (Soybean),1605.39,6200.33,1994,Conventional Till,None,No,74,11,0,NA,NA,0,7.5,NA,6.71,717.5246,19.43065972
NEMLTCRS,NEMLTCRS_512M,NEMLTCRS_ROT41,Glycine max (Soybean),1780.14,6383.87,1994,Conventional Till,None,No,74,11,33.592,NA,NA,0,7.5,NA,6.41,717.5246,19.43065972
NEMLTCRS,NEMLTCRS_512S,NEMLTCRS_ROT42,Glycine max (Soybean),1680.62,5902.07,1994,Conventional Till,None,No,74,11,67.184,NA,NA,0,7.5,NA,5.77,717.5246,19.43065972
NEMLTCRS,NEMLTCRS_514N,NEMLTCRS_ROT52,Glycine max (Soybean),1438.82,5437.47,1994,Conventional Till,None,No,74,11,67.184,NA,NA,0,7.5,NA,6.28,717.5246,19.43065972
NEMLTCRS,NEMLTCRS_514M,NEMLTCRS_ROT50,Glycine max (Soybean),1633.9,5833.24,1994,Conventional Till,None,No,74,11,0,NA,NA,0,7.5,NA,6.94,717.5246,19.43065972
NEMLTCRS,NEMLTCRS_514S,NEMLTCRS_ROT51,Glycine max (Soybean),1511.84,5609.55,1994,Conventional Till,None,No,74,11,33.592,NA,NA,0,7.5,NA,6.52,717.5246,19.43065972
NEMLTCRS,NEMLTCRS_515N,NEMLTCRS_ROT60,Glycine max (Soybean),1612.46,5999.58,1994,Conventional Till,None,No,74,11,0,NA,NA,0,7.5,NA,6.51,717.5246,19.43065972
NEMLTCRS,NEMLTCRS_515M,NEMLTCRS_ROT62,Glycine max (Soybean),1569.39,6492.85,1994,Conventional Till,None,No,74,11,67.184,NA,NA,0,7.5,NA,5.86,717.5246,19.43065972
NEMLTCRS,NEMLTCRS_515S,NEMLTCRS_ROT61,Glycine max (Soybean),1592.04,6682.13,1994,Conventional Till,None,No,74,11,33.592,NA,NA,0,7.5,NA,6.02,717.5246,19.43065972
NEMLTCRS,NEMLTCRS_101M,NEMLTCRS_ROT51,Glycine max (Soybean),609.56,2552.4,1995,Conventional Till,None,No,74,11,33.592,NA,NA,0,7.5,NA,6.39,385.1402,19.2881099
NEMLTCRS,NEMLTCRS_101S,NEMLTCRS_ROT50,Glycine max (Soybean),442.56,3148.92,1995,Conventional Till,None,No,74,11,0,NA,NA,0,7.5,NA,6.8,385.1402,19.2881099
NEMLTCRS,NEMLTCRS_102N,NEMLTCRS_ROT42,Glycine max (Soybean),492.06,4783.6,1995,Conventional Till,None,No,74,11,67.184,NA,NA,0,7.5,NA,6.23,385.1402,19.2881099
NEMLTCRS,NEMLTCRS_102M,NEMLTCRS_ROT40,Glycine max (Soybean),906.76,4536.96,1995,Conventional Till,None,No,74,11,0,NA,NA,0,7.5,NA,6.97,385.1402,19.2881099
NEMLTCRS,NEMLTCRS_102S,NEMLTCRS_ROT41,Glycine max (Soybean),759.27,5070.39,1995,Conventional Till,None,No,74,11,33.592,NA,NA,0,7.5,NA,6.66,385.1402,19.2881099
NEMLTCRS,NEMLTCRS_104N,NEMLTCRS_ROT71,Glycine max (Soybean),726.78,4600.06,1995,Conventional Till,None,No,74,11,0,NA,NA,0,7.5,NA,6.2,385.1402,19.2881099
NEMLTCRS,NEMLTCRS_104M,NEMLTCRS_ROT72,Glycine max (Soybean),687.75,5414.53,1995,Conventional Till,None,No,74,11,67.184,NA,NA,0,7.5,NA,5.98,385.1402,19.2881099
NEMLTCRS,NEMLTCRS_104S,NEMLTCRS_ROT70,Glycine max (Soybean),783.62,5070.39,1995,Conventional Till,None,No,74,11,33.592,NA,NA,0,7.5,NA,6.79,385.1402,19.2881099
NEMLTCRS,NEMLTCRS_105N,NEMLTCRS_ROT72,Zea mays (Corn),809.01,7676.42,1995,Conventional Till,None,No,74,11,179.996,NA,NA,0,7.5,NA,5.71,385.1402,19.2881099
NEMLTCRS,NEMLTCRS_105M,NEMLTCRS_ROT70,Zea mays (Corn),1716.52,4290.73,1995,Conventional Till,None,No,74,11,0,NA,NA,0,7.5,NA,6.83,385.1402,19.2881099
NEMLTCRS,NEMLTCRS_105S,NEMLTCRS_ROT71,Zea mays (Corn),637.77,5551.62,1995,Conventional Till,None,No,74,11,89.998,NA,NA,0,7.5,NA,6.37,385.1402,19.2881099
NEMLTCRS,NEMLTCRS_107N,NEMLTCRS_ROT20,Glycine max (Soybean),460.62,3435.7,1995,Conventional Till,None,No,74,11,0,NA,NA,0,7.5,NA,6.51,385.1402,19.2881099
NEMLTCRS,NEMLTCRS_107M,NEMLTCRS_ROT22,Glycine max (Soybean),661.23,2082.07,1995,Conventional Till,None,No,74,11,67.184,NA,NA,0,7.5,NA,6.31,385.1402,19.2881099
NEMLTCRS,NEMLTCRS_107S,NEMLTCRS_ROT21,Glycine max (Soybean),443.68,3653.66,1995,Conventional Till,None,No,74,11,33.592,NA,NA,0,7.5,NA,6.46,385.1402,19.2881099
NEMLTCRS,NEMLTCRS_108N,NEMLTCRS_ROT41,Zea mays (Corn),665.94,6891.29,1995,Conventional Till,None,No,74,11,89.998,NA,NA,0,7.5,NA,6.04,385.1402,19.2881099
NEMLTCRS,NEMLTCRS_108M,NEMLTCRS_ROT40,Zea mays (Corn),1522.19,5800.92,1995,Conventional Till,None,No,74,11,0,NA,NA,0,7.5,NA,6.6,385.1402,19.2881099
NEMLTCRS,NEMLTCRS_108S,NEMLTCRS_ROT42,Zea mays (Corn),1225.05,5404.11,1995,Conventional Till,None,No,74,11,179.996,NA,NA,0,7.5,NA,5.62,385.1402,19.2881099
NEMLTCRS,NEMLTCRS_112N,NEMLTCRS_ROT60,Glycine max (Soybean),496.56,4319.01,1995,Conventional Till,None,No,74,11,0,NA,NA,0,7.5,NA,6.67,385.1402,19.2881099
NEMLTCRS,NEMLTCRS_112M,NEMLTCRS_ROT62,Glycine max (Soybean),611.95,5925.01,1995,Conventional Till,None,No,74,11,67.184,NA,NA,0,7.5,NA,6.01,385.1402,19.2881099
NEMLTCRS,NEMLTCRS_112S,NEMLTCRS_ROT61,Glycine max (Soybean),884.66,5448.95,1995,Conventional Till,None,No,74,11,33.592,NA,NA,0,7.5,NA,6.53,385.1402,19.2881099
NEMLTCRS,NEMLTCRS_113N,NEMLTCRS_ROT62,Zea mays (Corn),826.37,8545.37,1995,Conventional Till,None,No,74,11,179.996,NA,NA,0,7.5,NA,5.34,385.1402,19.2881099
NEMLTCRS,NEMLTCRS_113M,NEMLTCRS_ROT60,Zea mays (Corn),2052.71,6750.05,1995,Conventional Till,None,No,74,11,0,NA,NA,0,7.5,NA,6.99,385.1402,19.2881099
NEMLTCRS,NEMLTCRS_113S,NEMLTCRS_ROT61,Zea mays (Corn),1439.9,6641.43,1995,Conventional Till,None,No,74,11,89.998,NA,NA,0,7.5,NA,6.55,385.1402,19.2881099
NEMLTCRS,NEMLTCRS_115N,NEMLTCRS_ROT12,Zea mays (Corn),416.35,5598.72,1995,Conventional Till,None,No,74,11,179.996,NA,NA,0,7.5,NA,4.72,385.1402,19.2881099
NEMLTCRS,NEMLTCRS_115M,NEMLTCRS_ROT11,Zea mays (Corn),1255.59,4324.65,1995,Conventional Till,None,No,74,11,0,NA,NA,0,7.5,NA,6.11,385.1402,19.2881099
NEMLTCRS,NEMLTCRS_115S,NEMLTCRS_ROT10,Zea mays (Corn),801.06,2474.05,1995,Conventional Till,None,No,74,11,89.998,NA,NA,0,7.5,NA,6.91,385.1402,19.2881099
NEMLTCRS,NEMLTCRS_201N,NEMLTCRS_ROT40,Zea mays (Corn),378.13,5743.7,1995,Conventional Till,None,No,74,11,0,NA,NA,0,7.5,NA,7.35,385.1402,19.2881099
NEMLTCRS,NEMLTCRS_201M,NEMLTCRS_ROT41,Zea mays (Corn),1311.34,6650.08,1995,Conventional Till,None,No,74,11,89.998,NA,NA,0,7.5,NA,6.87,385.1402,19.2881099
NEMLTCRS,NEMLTCRS_201S,NEMLTCRS_ROT42,Zea mays (Corn),1554.25,7395.7,1995,Conventional Till,None,No,74,11,179.996,NA,NA,0,7.5,NA,6.06,385.1402,19.2881099
NEMLTCRS,NEMLTCRS_205N,NEMLTCRS_ROT62,Glycine max (Soybean),423.81,6429.76,1995,Conventional Till,None,No,74,11,67.184,NA,NA,0,7.5,NA,5.92,385.1402,19.2881099
NEMLTCRS,NEMLTCRS_205M,NEMLTCRS_ROT61,Glycine max (Soybean),1083.36,8402.85,1995,Conventional Till,None,No,74,11,33.592,NA,NA,0,7.5,NA,6.45,385.1402,19.2881099
NEMLTCRS,NEMLTCRS_205S,NEMLTCRS_ROT60,Glycine max (Soybean),945.36,4439.46,1995,Conventional Till,None,No,74,11,0,NA,NA,0,7.5,NA,6.78,385.1402,19.2881099
NEMLTCRS,NEMLTCRS_206N,NEMLTCRS_ROT61,Zea mays (Corn),712.23,8995.62,1995,Conventional Till,None,No,74,11,89.998,NA,NA,0,7.5,NA,6.47,385.1402,19.2881099
NEMLTCRS,NEMLTCRS_206M,NEMLTCRS_ROT60,Zea mays (Corn),2214.41,7974.87,1995,Conventional Till,None,No,74,11,0,NA,NA,0,7.5,NA,6.97,385.1402,19.2881099
NEMLTCRS,NEMLTCRS_206S,NEMLTCRS_ROT62,Zea mays (Corn),1784.29,8163.32,1995,Conventional Till,None,No,74,11,179.996,NA,NA,0,7.5,NA,5.5,385.1402,19.2881099
NEMLTCRS,NEMLTCRS_208N,NEMLTCRS_ROT12,Zea mays (Corn),1368.66,5961.95,1995,Conventional Till,None,No,74,11,179.996,NA,NA,0,7.5,NA,5.34,385.1402,19.2881099
NEMLTCRS,NEMLTCRS_208M,NEMLTCRS_ROT10,Zea mays (Corn),1288.94,3415.16,1995,Conventional Till,None,No,74,11,0,NA,NA,0,7.5,NA,6.94,385.1402,19.2881099
NEMLTCRS,NEMLTCRS_208S,NEMLTCRS_ROT11,Zea mays (Corn),527.53,3485.01,1995,Conventional Till,None,No,74,11,89.998,NA,NA,0,7.5,NA,6.08,385.1402,19.2881099
NEMLTCRS,NEMLTCRS_209N,NEMLTCRS_ROT50,Glycine max (Soybean),503.82,3636.45,1995,Conventional Till,None,No,74,11,0,NA,NA,0,7.5,NA,7.02,385.1402,19.2881099
NEMLTCRS,NEMLTCRS_209M,NEMLTCRS_ROT52,Glycine max (Soybean),602.67,5093.33,1995,Conventional Till,None,No,74,11,67.184,NA,NA,0,7.5,NA,6.45,385.1402,19.2881099
NEMLTCRS,NEMLTCRS_209S,NEMLTCRS_ROT51,Glycine max (Soybean),855.34,5133.48,1995,Conventional Till,None,No,74,11,33.592,NA,NA,0,7.5,NA,6.69,385.1402,19.2881099
NEMLTCRS,NEMLTCRS_210N,NEMLTCRS_ROT41,Glycine max (Soybean),834.05,4290.33,1995,Conventional Till,None,No,74,11,33.592,NA,NA,0,7.5,NA,6.91,385.1402,19.2881099
NEMLTCRS,NEMLTCRS_210M,NEMLTCRS_ROT40,Glycine max (Soybean),705.95,4972.88,1995,Conventional Till,None,No,74,11,0,NA,NA,0,7.5,NA,7.17,385.1402,19.2881099
NEMLTCRS,NEMLTCRS_210S,NEMLTCRS_ROT42,Glycine max (Soybean),792.61,5368.65,1995,Conventional Till,None,No,74,11,67.184,NA,NA,0,7.5,NA,6.26,385.1402,19.2881099
NEMLTCRS,NEMLTCRS_212N,NEMLTCRS_ROT71,Glycine max (Soybean),466.15,3452.91,1995,Conventional Till,None,No,74,11,33.592,NA,NA,0,7.5,NA,6.73,385.1402,19.2881099
NEMLTCRS,NEMLTCRS_212M,NEMLTCRS_ROT70,Glycine max (Soybean),596.75,4840.96,1995,Conventional Till,None,No,74,11,0,NA,NA,0,7.5,NA,7.07,385.1402,19.2881099
NEMLTCRS,NEMLTCRS_212S,NEMLTCRS_ROT72,Glycine max (Soybean),758.68,5626.75,1995,Conventional Till,None,No,74,11,67.184,NA,NA,0,7.5,NA,5.73,385.1402,19.2881099
NEMLTCRS,NEMLTCRS_213N,NEMLTCRS_ROT70,Zea mays (Corn),910.28,4262.8,1995,Conventional Till,None,No,74,11,0,NA,NA,0,7.5,NA,6.82,385.1402,19.2881099
NEMLTCRS,NEMLTCRS_213M,NEMLTCRS_ROT71,Zea mays (Corn),633.12,4373.91,1995,Conventional Till,None,No,74,11,89.998,NA,NA,0,7.5,NA,6.56,385.1402,19.2881099
NEMLTCRS,NEMLTCRS_213S,NEMLTCRS_ROT72,Zea mays (Corn),815.42,4728.38,1995,Conventional Till,None,No,74,11,179.996,NA,NA,0,7.5,NA,5.9,385.1402,19.2881099
NEMLTCRS,NEMLTCRS_215N,NEMLTCRS_ROT22,Glycine max (Soybean),843.45,3131.71,1995,Conventional Till,None,No,74,11,67.184,NA,NA,0,7.5,NA,6.26,385.1402,19.2881099
NEMLTCRS,NEMLTCRS_215M,NEMLTCRS_ROT21,Glycine max (Soybean),624.36,3762.64,1995,Conventional Till,None,No,74,11,33.592,NA,NA,0,7.5,NA,6.67,385.1402,19.2881099
NEMLTCRS,NEMLTCRS_215S,NEMLTCRS_ROT20,Glycine max (Soybean),742.66,4175.61,1995,Conventional Till,None,No,74,11,0,NA,NA,0,7.5,NA,6.84,385.1402,19.2881099
NEMLTCRS,NEMLTCRS_301N,NEMLTCRS_ROT71,Glycine max (Soybean),598.42,4829.49,1995,Conventional Till,None,No,74,11,33.592,NA,NA,0,7.5,NA,6.46,385.1402,19.2881099
NEMLTCRS,NEMLTCRS_301M,NEMLTCRS_ROT72,Glycine max (Soybean),736.18,3751.17,1995,Conventional Till,None,No,74,11,67.184,NA,NA,0,7.5,NA,5.84,385.1402,19.2881099
NEMLTCRS,NEMLTCRS_301S,NEMLTCRS_ROT70,Glycine max (Soybean),624.66,4290.33,1995,Conventional Till,None,No,74,11,0,NA,NA,0,7.5,NA,6.64,385.1402,19.2881099
NEMLTCRS,NEMLTCRS_302N,NEMLTCRS_ROT72,Zea mays (Corn),775.87,3381.14,1995,Conventional Till,None,No,74,11,179.996,NA,NA,0,7.5,NA,6.27,385.1402,19.2881099
NEMLTCRS,NEMLTCRS_302M,NEMLTCRS_ROT70,Zea mays (Corn),425.69,2985.61,1995,Conventional Till,None,No,74,11,0,NA,NA,0,7.5,NA,7.02,385.1402,19.2881099
NEMLTCRS,NEMLTCRS_302S,NEMLTCRS_ROT71,Zea mays (Corn),273.89,5418.55,1995,Conventional Till,None,No,74,11,89.998,NA,NA,0,7.5,NA,6.68,385.1402,19.2881099
NEMLTCRS,NEMLTCRS_304N,NEMLTCRS_ROT22,Glycine max (Soybean),850.5,3711.02,1995,Conventional Till,None,No,74,11,67.184,NA,NA,0,7.5,NA,6.34,385.1402,19.2881099
NEMLTCRS,NEMLTCRS_304M,NEMLTCRS_ROT21,Glycine max (Soybean),686.86,3034.2,1995,Conventional Till,None,No,74,11,33.592,NA,NA,0,7.5,NA,6.61,385.1402,19.2881099
NEMLTCRS,NEMLTCRS_304S,NEMLTCRS_ROT20,Glycine max (Soybean),627.75,3315.25,1995,Conventional Till,None,No,74,11,0,NA,NA,0,7.5,NA,6.59,385.1402,19.2881099
NEMLTCRS,NEMLTCRS_305N,NEMLTCRS_ROT41,Zea mays (Corn),685.2,7503.46,1995,Conventional Till,None,No,74,11,89.998,NA,NA,0,7.5,NA,6.17,385.1402,19.2881099
NEMLTCRS,NEMLTCRS_305M,NEMLTCRS_ROT40,Zea mays (Corn),1685.31,6084.21,1995,Conventional Till,None,No,74,11,0,NA,NA,0,7.5,NA,6.67,385.1402,19.2881099
NEMLTCRS,NEMLTCRS_305S,NEMLTCRS_ROT42,Zea mays (Corn),1218.25,8109.32,1995,Conventional Till,None,No,74,11,179.996,NA,NA,0,7.5,NA,5.56,385.1402,19.2881099
NEMLTCRS,NEMLTCRS_309N,NEMLTCRS_ROT62,Glycine max (Soybean),747.39,7456.45,1995,Conventional Till,None,No,74,11,67.184,NA,NA,0,7.5,NA,6.12,385.1402,19.2881099
NEMLTCRS,NEMLTCRS_309M,NEMLTCRS_ROT60,Glycine max (Soybean),1153.92,5856.18,1995,Conventional Till,None,No,74,11,0,NA,NA,0,7.5,NA,6.9,385.1402,19.2881099
NEMLTCRS,NEMLTCRS_309S,NEMLTCRS_ROT61,Glycine max (Soybean),916.98,5546.45,1995,Conventional Till,None,No,74,11,33.592,NA,NA,0,7.5,NA,6.69,385.1402,19.2881099
NEMLTCRS,NEMLTCRS_310N,NEMLTCRS_ROT62,Zea mays (Corn),899.91,9339.64,1995,Conventional Till,None,No,74,11,179.996,NA,NA,0,7.5,NA,5.62,385.1402,19.2881099
NEMLTCRS,NEMLTCRS_310M,NEMLTCRS_ROT60,Zea mays (Corn),2480.98,6892.89,1995,Conventional Till,None,No,74,11,0,NA,NA,0,7.5,NA,6.96,385.1402,19.2881099
NEMLTCRS,NEMLTCRS_310S,NEMLTCRS_ROT61,Zea mays (Corn),1783.5,8125.6,1995,Conventional Till,None,No,74,11,89.998,NA,NA,0,7.5,NA,6.54,385.1402,19.2881099
NEMLTCRS,NEMLTCRS_312N,NEMLTCRS_ROT10,Zea mays (Corn),640.75,2888.38,1995,Conventional Till,None,No,74,11,0,NA,NA,0,7.5,NA,6.72,385.1402,19.2881099
NEMLTCRS,NEMLTCRS_312M,NEMLTCRS_ROT11,Zea mays (Corn),490.21,5517.07,1995,Conventional Till,None,No,74,11,89.998,NA,NA,0,7.5,NA,6.11,385.1402,19.2881099
NEMLTCRS,NEMLTCRS_312S,NEMLTCRS_ROT12,Zea mays (Corn),1204.87,6060.14,1995,Conventional Till,None,No,74,11,179.996,NA,NA,0,7.5,NA,5.17,385.1402,19.2881099
NEMLTCRS,NEMLTCRS_313N,NEMLTCRS_ROT51,Glycine max (Soybean),1499.56,3799.92,1995,Conventional Till,None,No,74,11,33.592,NA,NA,0,7.5,NA,6.39,385.1402,19.2881099
NEMLTCRS,NEMLTCRS_313M,NEMLTCRS_ROT52,Glycine max (Soybean),559.74,6165.91,1995,Conventional Till,None,No,74,11,67.184,NA,NA,0,7.5,NA,5.76,385.1402,19.2881099
NEMLTCRS,NEMLTCRS_313S,NEMLTCRS_ROT50,Glycine max (Soybean),922.31,3280.84,1995,Conventional Till,None,No,74,11,0,NA,NA,0,7.5,NA,6.75,385.1402,19.2881099
NEMLTCRS,NEMLTCRS_314N,NEMLTCRS_ROT41,Glycine max (Soybean),516.12,3831.47,1995,Conventional Till,None,No,74,11,33.592,NA,NA,0,7.5,NA,6.6,385.1402,19.2881099
NEMLTCRS,NEMLTCRS_314M,NEMLTCRS_ROT42,Glycine max (Soybean),693.27,5598.07,1995,Conventional Till,None,No,74,11,67.184,NA,NA,0,7.5,NA,6.21,385.1402,19.2881099
NEMLTCRS,NEMLTCRS_314S,NEMLTCRS_ROT40,Glycine max (Soybean),932.8,3057.15,1995,Conventional Till,None,No,74,11,0,NA,NA,0,7.5,NA,6.92,385.1402,19.2881099
NEMLTCRS,NEMLTCRS_401N,NEMLTCRS_ROT41,Zea mays (Corn),1095.54,7745.05,1995,Conventional Till,None,No,74,11,89.998,NA,NA,0,7.5,NA,6.08,385.1402,19.2881099
NEMLTCRS,NEMLTCRS_401M,NEMLTCRS_ROT42,Zea mays (Corn),1697.52,7552.42,1995,Conventional Till,None,No,74,11,179.996,NA,NA,0,7.5,NA,5.49,385.1402,19.2881099
NEMLTCRS,NEMLTCRS_401S,NEMLTCRS_ROT40,Zea mays (Corn),1447.64,6872.58,1995,Conventional Till,None,No,74,11,0,NA,NA,0,7.5,NA,6.45,385.1402,19.2881099
NEMLTCRS,NEMLTCRS_402N,NEMLTCRS_ROT61,Glycine max (Soybean),1367.06,4445.19,1995,Conventional Till,None,No,74,11,33.592,NA,NA,0,7.5,NA,6.59,385.1402,19.2881099
NEMLTCRS,NEMLTCRS_402M,NEMLTCRS_ROT60,Glycine max (Soybean),824.43,3326.72,1995,Conventional Till,None,No,74,11,0,NA,NA,0,7.5,NA,6.76,385.1402,19.2881099
NEMLTCRS,NEMLTCRS_402S,NEMLTCRS_ROT62,Glycine max (Soybean),643.43,5150.69,1995,Conventional Till,None,No,74,11,67.184,NA,NA,0,7.5,NA,6.12,385.1402,19.2881099
NEMLTCRS,NEMLTCRS_403N,NEMLTCRS_ROT72,Glycine max (Soybean),1009.63,6033.99,1995,Conventional Till,None,No,74,11,67.184,NA,NA,0,7.5,NA,6.17,385.1402,19.2881099
NEMLTCRS,NEMLTCRS_403M,NEMLTCRS_ROT70,Glycine max (Soybean),1062.26,4009.28,1995,Conventional Till,None,No,74,11,0,NA,NA,0,7.5,NA,6.85,385.1402,19.2881099
NEMLTCRS,NEMLTCRS_403S,NEMLTCRS_ROT71,Glycine max (Soybean),769.36,4491.08,1995,Conventional Till,None,No,74,11,33.592,NA,NA,0,7.5,NA,6.57,385.1402,19.2881099
NEMLTCRS,NEMLTCRS_407N,NEMLTCRS_ROT10,Zea mays (Corn),93.1,1722.95,1995,Conventional Till,None,No,74,11,0,NA,NA,0,7.5,NA,6.61,385.1402,19.2881099
NEMLTCRS,NEMLTCRS_407M,NEMLTCRS_ROT12,Zea mays (Corn),191.99,7081.6,1995,Conventional Till,None,No,74,11,179.996,NA,NA,0,7.5,NA,4.86,385.1402,19.2881099
NEMLTCRS,NEMLTCRS_407S,NEMLTCRS_ROT11,Zea mays (Corn),1711.11,3062.2,1995,Conventional Till,None,No,74,11,89.998,NA,NA,0,7.5,NA,5.95,385.1402,19.2881099
NEMLTCRS,NEMLTCRS_408N,NEMLTCRS_ROT62,Zea mays (Corn),368.49,9432.05,1995,Conventional Till,None,No,74,11,179.996,NA,NA,0,7.5,NA,5.44,385.1402,19.2881099
NEMLTCRS,NEMLTCRS_408M,NEMLTCRS_ROT60,Zea mays (Corn),2377.7,10007.82,1995,Conventional Till,None,No,74,11,0,NA,NA,0,7.5,NA,6.71,385.1402,19.2881099
NEMLTCRS,NEMLTCRS_408S,NEMLTCRS_ROT61,Zea mays (Corn),2206.46,10278.73,1995,Conventional Till,None,No,74,11,89.998,NA,NA,0,7.5,NA,6.2,385.1402,19.2881099
NEMLTCRS,NEMLTCRS_409N,NEMLTCRS_ROT51,Glycine max (Soybean),2247.87,2363.12,1995,Conventional Till,None,No,74,11,33.592,NA,NA,0,7.5,NA,6.6,385.1402,19.2881099
NEMLTCRS,NEMLTCRS_409M,NEMLTCRS_ROT52,Glycine max (Soybean),504.05,4164.14,1995,Conventional Till,None,No,74,11,67.184,NA,NA,0,7.5,NA,6.05,385.1402,19.2881099
NEMLTCRS,NEMLTCRS_409S,NEMLTCRS_ROT50,Glycine max (Soybean),789.15,4313.27,1995,Conventional Till,None,No,74,11,0,NA,NA,0,7.5,NA,6.86,385.1402,19.2881099
NEMLTCRS,NEMLTCRS_411N,NEMLTCRS_ROT22,Glycine max (Soybean),654.14,4364.89,1995,Conventional Till,None,No,74,11,67.184,NA,NA,0,7.5,NA,6.7,385.1402,19.2881099
NEMLTCRS,NEMLTCRS_411M,NEMLTCRS_ROT20,Glycine max (Soybean),675.84,4376.36,1995,Conventional Till,None,No,74,11,0,NA,NA,0,7.5,NA,7.08,385.1402,19.2881099
NEMLTCRS,NEMLTCRS_411S,NEMLTCRS_ROT21,Glycine max (Soybean),736.29,3820,1995,Conventional Till,None,No,74,11,33.592,NA,NA,0,7.5,NA,6.95,385.1402,19.2881099
NEMLTCRS,NEMLTCRS_412N,NEMLTCRS_ROT70,Zea mays (Corn),651.59,5182.03,1995,Conventional Till,None,No,74,11,0,NA,NA,0,7.5,NA,6.86,385.1402,19.2881099
NEMLTCRS,NEMLTCRS_412M,NEMLTCRS_ROT71,Zea mays (Corn),921.74,5353.67,1995,Conventional Till,None,No,74,11,89.998,NA,NA,0,7.5,NA,6.55,385.1402,19.2881099
NEMLTCRS,NEMLTCRS_412S,NEMLTCRS_ROT72,Zea mays (Corn),1015.36,7059.71,1995,Conventional Till,None,No,74,11,179.996,NA,NA,0,7.5,NA,6.04,385.1402,19.2881099
NEMLTCRS,NEMLTCRS_414N,NEMLTCRS_ROT41,Glycine max (Soybean),1193.62,3693.81,1995,Conventional Till,None,No,74,11,33.592,NA,NA,0,7.5,NA,6.64,385.1402,19.2881099
NEMLTCRS,NEMLTCRS_414M,NEMLTCRS_ROT42,Glycine max (Soybean),579.9,4158.41,1995,Conventional Till,None,No,74,11,67.184,NA,NA,0,7.5,NA,6.24,385.1402,19.2881099
NEMLTCRS,NEMLTCRS_414S,NEMLTCRS_ROT40,Glycine max (Soybean),752.08,2758.89,1995,Conventional Till,None,No,74,11,0,NA,NA,0,7.5,NA,6.83,385.1402,19.2881099
NEMLTCRS,NEMLTCRS_501N,NEMLTCRS_ROT71,Glycine max (Soybean),559.71,4863.9,1995,Conventional Till,None,No,74,11,33.592,NA,NA,0,7.5,NA,6.15,385.1402,19.2881099
NEMLTCRS,NEMLTCRS_501M,NEMLTCRS_ROT72,Glycine max (Soybean),940.29,7215.55,1995,Conventional Till,None,No,74,11,67.184,NA,NA,0,7.5,NA,5.51,385.1402,19.2881099
NEMLTCRS,NEMLTCRS_501S,NEMLTCRS_ROT70,Glycine max (Soybean),1202.74,5110.54,1995,Conventional Till,None,No,74,11,0,NA,NA,0,7.5,NA,6.33,385.1402,19.2881099
NEMLTCRS,NEMLTCRS_502N,NEMLTCRS_ROT62,Glycine max (Soybean),966.81,3906.03,1995,Conventional Till,None,No,74,11,67.184,NA,NA,0,7.5,NA,6.66,385.1402,19.2881099
NEMLTCRS,NEMLTCRS_502M,NEMLTCRS_ROT61,Glycine max (Soybean),783.46,3280.84,1995,Conventional Till,None,No,74,11,33.592,NA,NA,0,7.5,NA,6.7,385.1402,19.2881099
NEMLTCRS,NEMLTCRS_502S,NEMLTCRS_ROT60,Glycine max (Soybean),697.76,3017,1995,Conventional Till,None,No,74,11,0,NA,NA,0,7.5,NA,6.18,385.1402,19.2881099
NEMLTCRS,NEMLTCRS_503N,NEMLTCRS_ROT40,Glycine max (Soybean),598.02,3521.74,1995,Conventional Till,None,No,74,11,0,NA,NA,0,7.5,NA,7.05,385.1402,19.2881099
NEMLTCRS,NEMLTCRS_503M,NEMLTCRS_ROT42,Glycine max (Soybean),728.24,5213.78,1995,Conventional Till,None,No,74,11,67.184,NA,NA,0,7.5,NA,6.24,385.1402,19.2881099
NEMLTCRS,NEMLTCRS_503S,NEMLTCRS_ROT41,Glycine max (Soybean),463.76,4634.47,1995,Conventional Till,None,No,74,11,33.592,NA,NA,0,7.5,NA,6.42,385.1402,19.2881099
NEMLTCRS,NEMLTCRS_505N,NEMLTCRS_ROT71,Zea mays (Corn),864.8,3856.88,1995,Conventional Till,None,No,74,11,89.998,NA,NA,0,7.5,NA,6.62,385.1402,19.2881099
NEMLTCRS,NEMLTCRS_505M,NEMLTCRS_ROT70,Zea mays (Corn),549.25,4070.56,1995,Conventional Till,None,No,74,11,0,NA,NA,0,7.5,NA,6.94,385.1402,19.2881099
NEMLTCRS,NEMLTCRS_505S,NEMLTCRS_ROT72,Zea mays (Corn),564.16,5273.51,1995,Conventional Till,None,No,74,11,179.996,NA,NA,0,7.5,NA,5.89,385.1402,19.2881099
NEMLTCRS,NEMLTCRS_507N,NEMLTCRS_ROT12,Zea mays (Corn),517.59,5550.76,1995,Conventional Till,None,No,74,11,179.996,NA,NA,0,7.5,NA,5.19,385.1402,19.2881099
NEMLTCRS,NEMLTCRS_507M,NEMLTCRS_ROT11,Zea mays (Corn),1196.77,3618.31,1995,Conventional Till,None,No,74,11,89.998,NA,NA,0,7.5,NA,6.24,385.1402,19.2881099
NEMLTCRS,NEMLTCRS_507S,NEMLTCRS_ROT10,Zea mays (Corn),719.62,2018.06,1995,Conventional Till,None,No,74,11,0,NA,NA,0,7.5,NA,6.68,385.1402,19.2881099
NEMLTCRS,NEMLTCRS_510N,NEMLTCRS_ROT21,Glycine max (Soybean),239.02,3137.45,1995,Conventional Till,None,No,74,11,33.592,NA,NA,0,7.5,NA,6.84,385.1402,19.2881099
NEMLTCRS,NEMLTCRS_510M,NEMLTCRS_ROT20,Glycine max (Soybean),928.31,4726.24,1995,Conventional Till,None,No,74,11,0,NA,NA,0,7.5,NA,6.92,385.1402,19.2881099
NEMLTCRS,NEMLTCRS_510S,NEMLTCRS_ROT22,Glycine max (Soybean),891.78,3516,1995,Conventional Till,None,No,74,11,67.184,NA,NA,0,7.5,NA,6.82,385.1402,19.2881099
NEMLTCRS,NEMLTCRS_511N,NEMLTCRS_ROT52,Glycine max (Soybean),713.96,4559.91,1995,Conventional Till,None,No,74,11,67.184,NA,NA,0,7.5,NA,6.26,385.1402,19.2881099
NEMLTCRS,NEMLTCRS_511M,NEMLTCRS_ROT51,Glycine max (Soybean),763.84,4777.86,1995,Conventional Till,None,No,74,11,33.592,NA,NA,0,7.5,NA,6.61,385.1402,19.2881099
NEMLTCRS,NEMLTCRS_511S,NEMLTCRS_ROT50,Glycine max (Soybean),737.16,3062.88,1995,Conventional Till,None,No,74,11,0,NA,NA,0,7.5,NA,6.83,385.1402,19.2881099
NEMLTCRS,NEMLTCRS_512N,NEMLTCRS_ROT40,Zea mays (Corn),494.15,4650.95,1995,Conventional Till,None,No,74,11,0,NA,NA,0,7.5,NA,6.71,385.1402,19.2881099
NEMLTCRS,NEMLTCRS_512M,NEMLTCRS_ROT41,Zea mays (Corn),921.01,6190.03,1995,Conventional Till,None,No,74,11,89.998,NA,NA,0,7.5,NA,6.41,385.1402,19.2881099
NEMLTCRS,NEMLTCRS_512S,NEMLTCRS_ROT42,Zea mays (Corn),1390.31,5601.6,1995,Conventional Till,None,No,74,11,179.996,NA,NA,0,7.5,NA,5.77,385.1402,19.2881099
NEMLTCRS,NEMLTCRS_515N,NEMLTCRS_ROT60,Zea mays (Corn),1393.47,7049.33,1995,Conventional Till,None,No,74,11,0,NA,NA,0,7.5,NA,6.51,385.1402,19.2881099
NEMLTCRS,NEMLTCRS_515M,NEMLTCRS_ROT62,Zea mays (Corn),1499.94,10298.78,1995,Conventional Till,None,No,74,11,179.996,NA,NA,0,7.5,NA,5.86,385.1402,19.2881099
NEMLTCRS,NEMLTCRS_515S,NEMLTCRS_ROT61,Zea mays (Corn),2388.8,10084.95,1995,Conventional Till,None,No,74,11,89.998,NA,NA,0,7.5,NA,6.02,385.1402,19.2881099
NEMLTCRS,NEMLTCRS_102N,NEMLTCRS_ROT42,Zea mays (Corn),3302.37,13146.78,1996,Conventional Till,None,No,74,11,179.996,NA,NA,0,7.5,NA,6.23,409.9306,18.18518267
NEMLTCRS,NEMLTCRS_102M,NEMLTCRS_ROT40,Zea mays (Corn),2353.98,10217.72,1996,Conventional Till,None,No,74,11,0,NA,NA,0,7.5,NA,6.97,409.9306,18.18518267
NEMLTCRS,NEMLTCRS_102S,NEMLTCRS_ROT41,Zea mays (Corn),3062.9,12464.5,1996,Conventional Till,None,No,74,11,89.998,NA,NA,0,7.5,NA,6.66,409.9306,18.18518267
NEMLTCRS,NEMLTCRS_105N,NEMLTCRS_ROT72,Glycine max (Soybean),1518.88,6343.72,1996,Conventional Till,None,No,74,11,67.184,NA,NA,0,7.5,NA,5.71,409.9306,18.18518267
NEMLTCRS,NEMLTCRS_105M,NEMLTCRS_ROT70,Glycine max (Soybean),1498.24,6963.18,1996,Conventional Till,None,No,74,11,0,NA,NA,0,7.5,NA,6.83,409.9306,18.18518267
NEMLTCRS,NEMLTCRS_105S,NEMLTCRS_ROT71,Glycine max (Soybean),1463.62,6452.7,1996,Conventional Till,None,No,74,11,33.592,NA,NA,0,7.5,NA,6.37,409.9306,18.18518267
NEMLTCRS,NEMLTCRS_106N,NEMLTCRS_ROT70,Zea mays (Corn),2943.95,12797.44,1996,Conventional Till,None,No,74,11,0,NA,NA,0,7.5,NA,6.28,409.9306,18.18518267
NEMLTCRS,NEMLTCRS_106M,NEMLTCRS_ROT72,Zea mays (Corn),3546,14184.67,1996,Conventional Till,None,No,74,11,179.996,NA,NA,0,7.5,NA,5.57,409.9306,18.18518267
NEMLTCRS,NEMLTCRS_106S,NEMLTCRS_ROT71,Zea mays (Corn),3411.06,13432.48,1996,Conventional Till,None,No,74,11,89.998,NA,NA,0,7.5,NA,6.29,409.9306,18.18518267
NEMLTCRS,NEMLTCRS_107N,NEMLTCRS_ROT20,Glycine max (Soybean),1313.99,5122.01,1996,Conventional Till,None,No,74,11,0,NA,NA,0,7.5,NA,6.51,409.9306,18.18518267
NEMLTCRS,NEMLTCRS_107M,NEMLTCRS_ROT22,Glycine max (Soybean),1117.39,4238.71,1996,Conventional Till,None,No,74,11,67.184,NA,NA,0,7.5,NA,6.31,409.9306,18.18518267
NEMLTCRS,NEMLTCRS_107S,NEMLTCRS_ROT21,Glycine max (Soybean),945.77,3928.98,1996,Conventional Till,None,No,74,11,33.592,NA,NA,0,7.5,NA,6.46,409.9306,18.18518267
NEMLTCRS,NEMLTCRS_108N,NEMLTCRS_ROT41,Glycine max (Soybean),1520.08,5953.69,1996,Conventional Till,None,No,74,11,33.592,NA,NA,0,7.5,NA,6.04,409.9306,18.18518267
NEMLTCRS,NEMLTCRS_108M,NEMLTCRS_ROT40,Glycine max (Soybean),1739.99,6905.82,1996,Conventional Till,None,No,74,11,0,NA,NA,0,7.5,NA,6.6,409.9306,18.18518267
NEMLTCRS,NEMLTCRS_108S,NEMLTCRS_ROT42,Glycine max (Soybean),1639.44,6917.29,1996,Conventional Till,None,No,74,11,67.184,NA,NA,0,7.5,NA,5.62,409.9306,18.18518267
NEMLTCRS,NEMLTCRS_110N,NEMLTCRS_ROT60,Glycine max (Soybean),1731.81,7284.38,1996,Conventional Till,None,No,74,11,0,NA,NA,0,7.5,NA,6.44,409.9306,18.18518267
NEMLTCRS,NEMLTCRS_110M,NEMLTCRS_ROT62,Glycine max (Soybean),1929.79,8058.7,1996,Conventional Till,None,No,74,11,67.184,NA,NA,0,7.5,NA,6.2,409.9306,18.18518267
NEMLTCRS,NEMLTCRS_110S,NEMLTCRS_ROT61,Glycine max (Soybean),1484.24,6710.81,1996,Conventional Till,None,No,74,11,33.592,NA,NA,0,7.5,NA,6.57,409.9306,18.18518267
NEMLTCRS,NEMLTCRS_112N,NEMLTCRS_ROT60,Zea mays (Corn),4741.57,19071.57,1996,Conventional Till,None,No,74,11,0,NA,NA,0,7.5,NA,6.67,409.9306,18.18518267
NEMLTCRS,NEMLTCRS_112M,NEMLTCRS_ROT62,Zea mays (Corn),3693.87,14381.72,1996,Conventional Till,None,No,74,11,179.996,NA,NA,0,7.5,NA,6.01,409.9306,18.18518267
NEMLTCRS,NEMLTCRS_112S,NEMLTCRS_ROT61,Zea mays (Corn),4066.83,16671.82,1996,Conventional Till,None,No,74,11,89.998,NA,NA,0,7.5,NA,6.53,409.9306,18.18518267
NEMLTCRS,NEMLTCRS_114N,NEMLTCRS_ROT52,Glycine max (Soybean),1488.54,7118.04,1996,Conventional Till,None,No,74,11,67.184,NA,NA,0,7.5,NA,5.87,409.9306,18.18518267
NEMLTCRS,NEMLTCRS_114M,NEMLTCRS_ROT51,Glycine max (Soybean),1793.05,8339.75,1996,Conventional Till,None,No,74,11,33.592,NA,NA,0,7.5,NA,6.98,409.9306,18.18518267
NEMLTCRS,NEMLTCRS_114S,NEMLTCRS_ROT50,Glycine max (Soybean),1446,6441.23,1996,Conventional Till,None,No,74,11,0,NA,NA,0,7.5,NA,7.32,409.9306,18.18518267
NEMLTCRS,NEMLTCRS_115N,NEMLTCRS_ROT12,Zea mays (Corn),3368.02,14023.12,1996,Conventional Till,None,No,74,11,179.996,NA,NA,0,7.5,NA,4.72,409.9306,18.18518267
NEMLTCRS,NEMLTCRS_115M,NEMLTCRS_ROT11,Zea mays (Corn),3571.13,13991.68,1996,Conventional Till,None,No,74,11,0,NA,NA,0,7.5,NA,6.11,409.9306,18.18518267
NEMLTCRS,NEMLTCRS_115S,NEMLTCRS_ROT10,Zea mays (Corn),1934.16,8712.37,1996,Conventional Till,None,No,74,11,89.998,NA,NA,0,7.5,NA,6.91,409.9306,18.18518267
NEMLTCRS,NEMLTCRS_201N,NEMLTCRS_ROT40,Glycine max (Soybean),1231.54,5534.98,1996,Conventional Till,None,No,74,11,0,NA,NA,0,7.5,NA,7.35,409.9306,18.18518267
NEMLTCRS,NEMLTCRS_201M,NEMLTCRS_ROT41,Glycine max (Soybean),1332.64,5684.11,1996,Conventional Till,None,No,74,11,33.592,NA,NA,0,7.5,NA,6.87,409.9306,18.18518267
NEMLTCRS,NEMLTCRS_201S,NEMLTCRS_ROT42,Glycine max (Soybean),1320.75,5672.64,1996,Conventional Till,None,No,74,11,67.184,NA,NA,0,7.5,NA,6.06,409.9306,18.18518267
NEMLTCRS,NEMLTCRS_203N,NEMLTCRS_ROT62,Glycine max (Soybean),1647.71,7427.77,1996,Conventional Till,None,No,74,11,67.184,NA,NA,0,7.5,NA,6.35,409.9306,18.18518267
NEMLTCRS,NEMLTCRS_203M,NEMLTCRS_ROT61,Glycine max (Soybean),1158.09,5311.29,1996,Conventional Till,None,No,74,11,33.592,NA,NA,0,7.5,NA,6.83,409.9306,18.18518267
NEMLTCRS,NEMLTCRS_203S,NEMLTCRS_ROT60,Glycine max (Soybean),1408.2,6957.44,1996,Conventional Till,None,No,74,11,0,NA,NA,0,7.5,NA,7.21,409.9306,18.18518267
NEMLTCRS,NEMLTCRS_205N,NEMLTCRS_ROT62,Zea mays (Corn),4786.6,19237.16,1996,Conventional Till,None,No,74,11,179.996,NA,NA,0,7.5,NA,5.92,409.9306,18.18518267
NEMLTCRS,NEMLTCRS_205M,NEMLTCRS_ROT61,Zea mays (Corn),4015.98,15356.86,1996,Conventional Till,None,No,74,11,89.998,NA,NA,0,7.5,NA,6.45,409.9306,18.18518267
NEMLTCRS,NEMLTCRS_205S,NEMLTCRS_ROT60,Zea mays (Corn),3489.81,13540.98,1996,Conventional Till,None,No,74,11,0,NA,NA,0,7.5,NA,6.78,409.9306,18.18518267
NEMLTCRS,NEMLTCRS_207N,NEMLTCRS_ROT50,Glycine max (Soybean),1403.67,6148.7,1996,Conventional Till,None,No,74,11,0,NA,NA,0,7.5,NA,6.89,409.9306,18.18518267
NEMLTCRS,NEMLTCRS_207M,NEMLTCRS_ROT51,Glycine max (Soybean),1692.97,7697.35,1996,Conventional Till,None,No,74,11,33.592,NA,NA,0,7.5,NA,6.42,409.9306,18.18518267
NEMLTCRS,NEMLTCRS_207S,NEMLTCRS_ROT52,Glycine max (Soybean),1688.09,7215.55,1996,Conventional Till,None,No,74,11,67.184,NA,NA,0,7.5,NA,5.53,409.9306,18.18518267
NEMLTCRS,NEMLTCRS_208N,NEMLTCRS_ROT12,Zea mays (Corn),3120.63,12943.46,1996,Conventional Till,None,No,74,11,179.996,NA,NA,0,7.5,NA,5.34,409.9306,18.18518267
NEMLTCRS,NEMLTCRS_208M,NEMLTCRS_ROT10,Zea mays (Corn),1978.91,8300.21,1996,Conventional Till,None,No,74,11,0,NA,NA,0,7.5,NA,6.94,409.9306,18.18518267
NEMLTCRS,NEMLTCRS_208S,NEMLTCRS_ROT11,Zea mays (Corn),2736.93,12414.1,1996,Conventional Till,None,No,74,11,89.998,NA,NA,0,7.5,NA,6.08,409.9306,18.18518267
NEMLTCRS,NEMLTCRS_210N,NEMLTCRS_ROT41,Zea mays (Corn),3692.21,14669.38,1996,Conventional Till,None,No,74,11,89.998,NA,NA,0,7.5,NA,6.91,409.9306,18.18518267
NEMLTCRS,NEMLTCRS_210M,NEMLTCRS_ROT40,Zea mays (Corn),2990.45,11725.29,1996,Conventional Till,None,No,74,11,0,NA,NA,0,7.5,NA,7.17,409.9306,18.18518267
NEMLTCRS,NEMLTCRS_210S,NEMLTCRS_ROT42,Zea mays (Corn),3397.54,13393.89,1996,Conventional Till,None,No,74,11,179.996,NA,NA,0,7.5,NA,6.26,409.9306,18.18518267
NEMLTCRS,NEMLTCRS_213N,NEMLTCRS_ROT70,Glycine max (Soybean),1579.32,7427.77,1996,Conventional Till,None,No,74,11,0,NA,NA,0,7.5,NA,6.82,409.9306,18.18518267
NEMLTCRS,NEMLTCRS_213M,NEMLTCRS_ROT71,Glycine max (Soybean),1406.65,6555.94,1996,Conventional Till,None,No,74,11,33.592,NA,NA,0,7.5,NA,6.56,409.9306,18.18518267
NEMLTCRS,NEMLTCRS_213S,NEMLTCRS_ROT72,Glycine max (Soybean),1724.65,7714.56,1996,Conventional Till,None,No,74,11,67.184,NA,NA,0,7.5,NA,5.9,409.9306,18.18518267
NEMLTCRS,NEMLTCRS_214N,NEMLTCRS_ROT72,Zea mays (Corn),3424.68,13402.89,1996,Conventional Till,None,No,74,11,179.996,NA,NA,0,7.5,NA,6.13,409.9306,18.18518267
NEMLTCRS,NEMLTCRS_214M,NEMLTCRS_ROT70,Zea mays (Corn),3412.85,13710.14,1996,Conventional Till,None,No,74,11,0,NA,NA,0,7.5,NA,6.87,409.9306,18.18518267
NEMLTCRS,NEMLTCRS_214S,NEMLTCRS_ROT71,Zea mays (Corn),3325.96,13957.85,1996,Conventional Till,None,No,74,11,89.998,NA,NA,0,7.5,NA,6.62,409.9306,18.18518267
NEMLTCRS,NEMLTCRS_215N,NEMLTCRS_ROT22,Glycine max (Soybean),1305.32,5104.8,1996,Conventional Till,None,No,74,11,67.184,NA,NA,0,7.5,NA,6.26,409.9306,18.18518267
NEMLTCRS,NEMLTCRS_215M,NEMLTCRS_ROT21,Glycine max (Soybean),1099.72,4835.22,1996,Conventional Till,None,No,74,11,33.592,NA,NA,0,7.5,NA,6.67,409.9306,18.18518267
NEMLTCRS,NEMLTCRS_215S,NEMLTCRS_ROT20,Glycine max (Soybean),1341.07,6016.78,1996,Conventional Till,None,No,74,11,0,NA,NA,0,7.5,NA,6.84,409.9306,18.18518267
NEMLTCRS,NEMLTCRS_302N,NEMLTCRS_ROT72,Glycine max (Soybean),1503.26,6016.78,1996,Conventional Till,None,No,74,11,67.184,NA,NA,0,7.5,NA,6.27,409.9306,18.18518267
NEMLTCRS,NEMLTCRS_302M,NEMLTCRS_ROT70,Glycine max (Soybean),1612.85,6664.92,1996,Conventional Till,None,No,74,11,0,NA,NA,0,7.5,NA,7.02,409.9306,18.18518267
NEMLTCRS,NEMLTCRS_302S,NEMLTCRS_ROT71,Glycine max (Soybean),1841.7,7364.68,1996,Conventional Till,None,No,74,11,33.592,NA,NA,0,7.5,NA,6.68,409.9306,18.18518267
NEMLTCRS,NEMLTCRS_303N,NEMLTCRS_ROT71,Zea mays (Corn),3455.26,13630.4,1996,Conventional Till,None,No,74,11,89.998,NA,NA,0,7.5,NA,6.7,409.9306,18.18518267
NEMLTCRS,NEMLTCRS_303M,NEMLTCRS_ROT70,Zea mays (Corn),2833.71,11698.22,1996,Conventional Till,None,No,74,11,0,NA,NA,0,7.5,NA,6.8,409.9306,18.18518267
NEMLTCRS,NEMLTCRS_303S,NEMLTCRS_ROT72,Zea mays (Corn),3692.56,16350.58,1996,Conventional Till,None,No,74,11,179.996,NA,NA,0,7.5,NA,6.07,409.9306,18.18518267
NEMLTCRS,NEMLTCRS_304N,NEMLTCRS_ROT22,Glycine max (Soybean),903.8,3361.14,1996,Conventional Till,None,No,74,11,67.184,NA,NA,0,7.5,NA,6.34,409.9306,18.18518267
NEMLTCRS,NEMLTCRS_304M,NEMLTCRS_ROT21,Glycine max (Soybean),1063.09,3974.86,1996,Conventional Till,None,No,74,11,33.592,NA,NA,0,7.5,NA,6.61,409.9306,18.18518267
NEMLTCRS,NEMLTCRS_304S,NEMLTCRS_ROT20,Glycine max (Soybean),1207.92,4645.94,1996,Conventional Till,None,No,74,11,0,NA,NA,0,7.5,NA,6.59,409.9306,18.18518267
NEMLTCRS,NEMLTCRS_305N,NEMLTCRS_ROT41,Glycine max (Soybean),1449.37,5534.98,1996,Conventional Till,None,No,74,11,33.592,NA,NA,0,7.5,NA,6.17,409.9306,18.18518267
NEMLTCRS,NEMLTCRS_305M,NEMLTCRS_ROT40,Glycine max (Soybean),1622.23,6418.28,1996,Conventional Till,None,No,74,11,0,NA,NA,0,7.5,NA,6.67,409.9306,18.18518267
NEMLTCRS,NEMLTCRS_305S,NEMLTCRS_ROT42,Glycine max (Soybean),1674.06,6527.26,1996,Conventional Till,None,No,74,11,67.184,NA,NA,0,7.5,NA,5.56,409.9306,18.18518267
NEMLTCRS,NEMLTCRS_307N,NEMLTCRS_ROT60,Glycine max (Soybean),1743.96,8368.43,1996,Conventional Till,None,No,74,11,0,NA,NA,0,7.5,NA,6.61,409.9306,18.18518267
NEMLTCRS,NEMLTCRS_307M,NEMLTCRS_ROT62,Glycine max (Soybean),1811.94,7829.27,1996,Conventional Till,None,No,74,11,67.184,NA,NA,0,7.5,NA,5.54,409.9306,18.18518267
NEMLTCRS,NEMLTCRS_307S,NEMLTCRS_ROT61,Glycine max (Soybean),1947.64,8087.38,1996,Conventional Till,None,No,74,11,33.592,NA,NA,0,7.5,NA,6.24,409.9306,18.18518267
NEMLTCRS,NEMLTCRS_309N,NEMLTCRS_ROT62,Zea mays (Corn),3530,14690.79,1996,Conventional Till,None,No,74,11,179.996,NA,NA,0,7.5,NA,6.12,409.9306,18.18518267
NEMLTCRS,NEMLTCRS_309M,NEMLTCRS_ROT60,Zea mays (Corn),3921.31,15404.25,1996,Conventional Till,None,No,74,11,0,NA,NA,0,7.5,NA,6.9,409.9306,18.18518267
NEMLTCRS,NEMLTCRS_309S,NEMLTCRS_ROT61,Zea mays (Corn),3907.32,15784.73,1996,Conventional Till,None,No,74,11,89.998,NA,NA,0,7.5,NA,6.69,409.9306,18.18518267
NEMLTCRS,NEMLTCRS_311N,NEMLTCRS_ROT51,Glycine max (Soybean),1617.58,7473.66,1996,Conventional Till,None,No,74,11,33.592,NA,NA,0,7.5,NA,6.61,409.9306,18.18518267
NEMLTCRS,NEMLTCRS_311M,NEMLTCRS_ROT52,Glycine max (Soybean),1776.28,8282.4,1996,Conventional Till,None,No,74,11,67.184,NA,NA,0,7.5,NA,6.75,409.9306,18.18518267
NEMLTCRS,NEMLTCRS_311S,NEMLTCRS_ROT50,Glycine max (Soybean),1587.37,7496.6,1996,Conventional Till,None,No,74,11,0,NA,NA,0,7.5,NA,6.86,409.9306,18.18518267
NEMLTCRS,NEMLTCRS_312N,NEMLTCRS_ROT10,Zea mays (Corn),1935.52,8351.09,1996,Conventional Till,None,No,74,11,0,NA,NA,0,7.5,NA,6.72,409.9306,18.18518267
NEMLTCRS,NEMLTCRS_312M,NEMLTCRS_ROT11,Zea mays (Corn),3281.38,12807.22,1996,Conventional Till,None,No,74,11,89.998,NA,NA,0,7.5,NA,6.11,409.9306,18.18518267
NEMLTCRS,NEMLTCRS_312S,NEMLTCRS_ROT12,Zea mays (Corn),3614.33,14557.82,1996,Conventional Till,None,No,74,11,179.996,NA,NA,0,7.5,NA,5.17,409.9306,18.18518267
NEMLTCRS,NEMLTCRS_314N,NEMLTCRS_ROT41,Zea mays (Corn),3671.15,14594.15,1996,Conventional Till,None,No,74,11,89.998,NA,NA,0,7.5,NA,6.6,409.9306,18.18518267
NEMLTCRS,NEMLTCRS_314M,NEMLTCRS_ROT42,Zea mays (Corn),2923.02,12749.84,1996,Conventional Till,None,No,74,11,179.996,NA,NA,0,7.5,NA,6.21,409.9306,18.18518267
NEMLTCRS,NEMLTCRS_314S,NEMLTCRS_ROT40,Zea mays (Corn),2757.01,11107.46,1996,Conventional Till,None,No,74,11,0,NA,NA,0,7.5,NA,6.92,409.9306,18.18518267
NEMLTCRS,NEMLTCRS_401N,NEMLTCRS_ROT41,Glycine max (Soybean),1402.29,5804.56,1996,Conventional Till,None,No,74,11,33.592,NA,NA,0,7.5,NA,6.08,409.9306,18.18518267
NEMLTCRS,NEMLTCRS_401M,NEMLTCRS_ROT42,Glycine max (Soybean),1524.21,5672.64,1996,Conventional Till,None,No,74,11,67.184,NA,NA,0,7.5,NA,5.49,409.9306,18.18518267
NEMLTCRS,NEMLTCRS_401S,NEMLTCRS_ROT40,Glycine max (Soybean),1765.36,6900.09,1996,Conventional Till,None,No,74,11,0,NA,NA,0,7.5,NA,6.45,409.9306,18.18518267
NEMLTCRS,NEMLTCRS_402N,NEMLTCRS_ROT61,Zea mays (Corn),3442.47,14665.83,1996,Conventional Till,None,No,74,11,89.998,NA,NA,0,7.5,NA,6.59,409.9306,18.18518267
NEMLTCRS,NEMLTCRS_402M,NEMLTCRS_ROT60,Zea mays (Corn),3781.51,14976.34,1996,Conventional Till,None,No,74,11,0,NA,NA,0,7.5,NA,6.76,409.9306,18.18518267
NEMLTCRS,NEMLTCRS_402S,NEMLTCRS_ROT62,Zea mays (Corn),3271.92,14213.51,1996,Conventional Till,None,No,74,11,179.996,NA,NA,0,7.5,NA,6.12,409.9306,18.18518267
NEMLTCRS,NEMLTCRS_404N,NEMLTCRS_ROT60,Glycine max (Soybean),1669.01,7003.33,1996,Conventional Till,None,No,74,11,0,NA,NA,0,7.5,NA,6.54,409.9306,18.18518267
NEMLTCRS,NEMLTCRS_404M,NEMLTCRS_ROT61,Glycine max (Soybean),1629.5,6917.29,1996,Conventional Till,None,No,74,11,33.592,NA,NA,0,7.5,NA,6.21,409.9306,18.18518267
NEMLTCRS,NEMLTCRS_404S,NEMLTCRS_ROT62,Glycine max (Soybean),1768.91,7444.98,1996,Conventional Till,None,No,74,11,67.184,NA,NA,0,7.5,NA,5.61,409.9306,18.18518267
NEMLTCRS,NEMLTCRS_406N,NEMLTCRS_ROT72,Zea mays (Corn),3094.73,15502,1996,Conventional Till,None,No,74,11,179.996,NA,NA,0,7.5,NA,6.05,409.9306,18.18518267
NEMLTCRS,NEMLTCRS_406M,NEMLTCRS_ROT71,Zea mays (Corn),3717.84,17467.28,1996,Conventional Till,None,No,74,11,89.998,NA,NA,0,7.5,NA,6.45,409.9306,18.18518267
NEMLTCRS,NEMLTCRS_406S,NEMLTCRS_ROT70,Zea mays (Corn),3584.24,16981.58,1996,Conventional Till,None,No,74,11,0,NA,NA,0,7.5,NA,6.78,409.9306,18.18518267
NEMLTCRS,NEMLTCRS_407N,NEMLTCRS_ROT10,Zea mays (Corn),2090.11,8773.28,1996,Conventional Till,None,No,74,11,0,NA,NA,0,7.5,NA,6.61,409.9306,18.18518267
NEMLTCRS,NEMLTCRS_407M,NEMLTCRS_ROT12,Zea mays (Corn),3506.4,13899.38,1996,Conventional Till,None,No,74,11,179.996,NA,NA,0,7.5,NA,4.86,409.9306,18.18518267
NEMLTCRS,NEMLTCRS_407S,NEMLTCRS_ROT11,Zea mays (Corn),3084.39,12606.1,1996,Conventional Till,None,No,74,11,89.998,NA,NA,0,7.5,NA,5.95,409.9306,18.18518267
NEMLTCRS,NEMLTCRS_411N,NEMLTCRS_ROT22,Glycine max (Soybean),1385.51,5110.54,1996,Conventional Till,None,No,74,11,67.184,NA,NA,0,7.5,NA,6.7,409.9306,18.18518267
NEMLTCRS,NEMLTCRS_411M,NEMLTCRS_ROT20,Glycine max (Soybean),1329.19,6016.78,1996,Conventional Till,None,No,74,11,0,NA,NA,0,7.5,NA,7.08,409.9306,18.18518267
NEMLTCRS,NEMLTCRS_411S,NEMLTCRS_ROT21,Glycine max (Soybean),1393.37,6538.73,1996,Conventional Till,None,No,74,11,33.592,NA,NA,0,7.5,NA,6.95,409.9306,18.18518267
NEMLTCRS,NEMLTCRS_412N,NEMLTCRS_ROT70,Glycine max (Soybean),1650.72,8110.33,1996,Conventional Till,None,No,74,11,0,NA,NA,0,7.5,NA,6.86,409.9306,18.18518267
NEMLTCRS,NEMLTCRS_412M,NEMLTCRS_ROT71,Glycine max (Soybean),1789.54,8557.71,1996,Conventional Till,None,No,74,11,33.592,NA,NA,0,7.5,NA,6.55,409.9306,18.18518267
NEMLTCRS,NEMLTCRS_412S,NEMLTCRS_ROT72,Glycine max (Soybean),1833.52,8425.79,1996,Conventional Till,None,No,74,11,67.184,NA,NA,0,7.5,NA,6.04,409.9306,18.18518267
NEMLTCRS,NEMLTCRS_413N,NEMLTCRS_ROT51,Glycine max (Soybean),1279.31,6355.19,1996,Conventional Till,None,No,74,11,33.592,NA,NA,0,7.5,NA,6.49,409.9306,18.18518267
NEMLTCRS,NEMLTCRS_413M,NEMLTCRS_ROT52,Glycine max (Soybean),1606.23,7336,1996,Conventional Till,None,No,74,11,67.184,NA,NA,0,7.5,NA,5.84,409.9306,18.18518267
NEMLTCRS,NEMLTCRS_413S,NEMLTCRS_ROT50,Glycine max (Soybean),1614.7,7422.04,1996,Conventional Till,None,No,74,11,0,NA,NA,0,7.5,NA,6.75,409.9306,18.18518267
NEMLTCRS,NEMLTCRS_414N,NEMLTCRS_ROT41,Zea mays (Corn),3173.89,12684.14,1996,Conventional Till,None,No,74,11,89.998,NA,NA,0,7.5,NA,6.64,409.9306,18.18518267
NEMLTCRS,NEMLTCRS_414M,NEMLTCRS_ROT42,Zea mays (Corn),3195.25,12784.18,1996,Conventional Till,None,No,74,11,179.996,NA,NA,0,7.5,NA,6.24,409.9306,18.18518267
NEMLTCRS,NEMLTCRS_414S,NEMLTCRS_ROT40,Zea mays (Corn),3153.27,13577.14,1996,Conventional Till,None,No,74,11,0,NA,NA,0,7.5,NA,6.83,409.9306,18.18518267
NEMLTCRS,NEMLTCRS_502N,NEMLTCRS_ROT62,Zea mays (Corn),3834.77,16019.92,1996,Conventional Till,None,No,74,11,179.996,NA,NA,0,7.5,NA,6.66,409.9306,18.18518267
NEMLTCRS,NEMLTCRS_502M,NEMLTCRS_ROT61,Zea mays (Corn),4590.46,20223.21,1996,Conventional Till,None,No,74,11,89.998,NA,NA,0,7.5,NA,6.7,409.9306,18.18518267
NEMLTCRS,NEMLTCRS_502S,NEMLTCRS_ROT60,Zea mays (Corn),4077.11,17786.43,1996,Conventional Till,None,No,74,11,0,NA,NA,0,7.5,NA,6.18,409.9306,18.18518267
NEMLTCRS,NEMLTCRS_503N,NEMLTCRS_ROT40,Zea mays (Corn),3424.19,14608.69,1996,Conventional Till,None,No,74,11,0,NA,NA,0,7.5,NA,7.05,409.9306,18.18518267
NEMLTCRS,NEMLTCRS_503M,NEMLTCRS_ROT42,Zea mays (Corn),3229.85,13286.94,1996,Conventional Till,None,No,74,11,179.996,NA,NA,0,7.5,NA,6.24,409.9306,18.18518267
NEMLTCRS,NEMLTCRS_503S,NEMLTCRS_ROT41,Zea mays (Corn),3661.39,15256.56,1996,Conventional Till,None,No,74,11,89.998,NA,NA,0,7.5,NA,6.42,409.9306,18.18518267
NEMLTCRS,NEMLTCRS_505N,NEMLTCRS_ROT71,Glycine max (Soybean),1368.7,6074.14,1996,Conventional Till,None,No,74,11,33.592,NA,NA,0,7.5,NA,6.62,409.9306,18.18518267
NEMLTCRS,NEMLTCRS_505M,NEMLTCRS_ROT70,Glycine max (Soybean),1267.48,5672.64,1996,Conventional Till,None,No,74,11,0,NA,NA,0,7.5,NA,6.94,409.9306,18.18518267
NEMLTCRS,NEMLTCRS_505S,NEMLTCRS_ROT72,Glycine max (Soybean),1563.23,6630.51,1996,Conventional Till,None,No,74,11,67.184,NA,NA,0,7.5,NA,5.89,409.9306,18.18518267
NEMLTCRS,NEMLTCRS_507N,NEMLTCRS_ROT12,Zea mays (Corn),3190.49,12989.5,1996,Conventional Till,None,No,74,11,179.996,NA,NA,0,7.5,NA,5.19,409.9306,18.18518267
NEMLTCRS,NEMLTCRS_507M,NEMLTCRS_ROT11,Zea mays (Corn),3251.76,12974.7,1996,Conventional Till,None,No,74,11,89.998,NA,NA,0,7.5,NA,6.24,409.9306,18.18518267
NEMLTCRS,NEMLTCRS_507S,NEMLTCRS_ROT10,Zea mays (Corn),2105.67,9476.67,1996,Conventional Till,None,No,74,11,0,NA,NA,0,7.5,NA,6.68,409.9306,18.18518267
NEMLTCRS,NEMLTCRS_508N,NEMLTCRS_ROT60,Glycine max (Soybean),1554.41,6750.96,1996,Conventional Till,None,No,74,11,0,NA,NA,0,7.5,NA,6.77,409.9306,18.18518267
NEMLTCRS,NEMLTCRS_508M,NEMLTCRS_ROT62,Glycine max (Soybean),1970.32,9406.6,1996,Conventional Till,None,No,74,11,67.184,NA,NA,0,7.5,NA,6.01,409.9306,18.18518267
NEMLTCRS,NEMLTCRS_508S,NEMLTCRS_ROT61,Glycine max (Soybean),1935.5,9165.7,1996,Conventional Till,None,No,74,11,33.592,NA,NA,0,7.5,NA,6.41,409.9306,18.18518267
NEMLTCRS,NEMLTCRS_510N,NEMLTCRS_ROT21,Glycine max (Soybean),1306.97,5454.68,1996,Conventional Till,None,No,74,11,33.592,NA,NA,0,7.5,NA,6.84,409.9306,18.18518267
NEMLTCRS,NEMLTCRS_510M,NEMLTCRS_ROT20,Glycine max (Soybean),1256.7,5896.33,1996,Conventional Till,None,No,74,11,0,NA,NA,0,7.5,NA,6.92,409.9306,18.18518267
NEMLTCRS,NEMLTCRS_510S,NEMLTCRS_ROT22,Glycine max (Soybean),1559.43,7209.82,1996,Conventional Till,None,No,74,11,67.184,NA,NA,0,7.5,NA,6.82,409.9306,18.18518267
NEMLTCRS,NEMLTCRS_512N,NEMLTCRS_ROT40,Glycine max (Soybean),1711.71,6871.41,1996,Conventional Till,None,No,74,11,0,NA,NA,0,7.5,NA,6.71,409.9306,18.18518267
NEMLTCRS,NEMLTCRS_512M,NEMLTCRS_ROT41,Glycine max (Soybean),1568.75,7049.21,1996,Conventional Till,None,No,74,11,33.592,NA,NA,0,7.5,NA,6.41,409.9306,18.18518267
NEMLTCRS,NEMLTCRS_512S,NEMLTCRS_ROT42,Glycine max (Soybean),1561.99,7169.67,1996,Conventional Till,None,No,74,11,67.184,NA,NA,0,7.5,NA,5.77,409.9306,18.18518267
NEMLTCRS,NEMLTCRS_513N,NEMLTCRS_ROT70,Zea mays (Corn),2424.45,10708.24,1996,Conventional Till,None,No,74,11,0,NA,NA,0,7.5,NA,6.8,409.9306,18.18518267
NEMLTCRS,NEMLTCRS_513M,NEMLTCRS_ROT71,Zea mays (Corn),4184.4,16265.24,1996,Conventional Till,None,No,74,11,89.998,NA,NA,0,7.5,NA,6.52,409.9306,18.18518267
NEMLTCRS,NEMLTCRS_513S,NEMLTCRS_ROT72,Zea mays (Corn),3151.36,12664.54,1996,Conventional Till,None,No,74,11,179.996,NA,NA,0,7.5,NA,5.92,409.9306,18.18518267
NEMLTCRS,NEMLTCRS_514N,NEMLTCRS_ROT52,Glycine max (Soybean),1208.85,4749.19,1996,Conventional Till,None,No,74,11,67.184,NA,NA,0,7.5,NA,6.28,409.9306,18.18518267
NEMLTCRS,NEMLTCRS_514M,NEMLTCRS_ROT50,Glycine max (Soybean),1403.28,5712.79,1996,Conventional Till,None,No,74,11,0,NA,NA,0,7.5,NA,6.94,409.9306,18.18518267
NEMLTCRS,NEMLTCRS_514S,NEMLTCRS_ROT51,Glycine max (Soybean),1315.38,5466.15,1996,Conventional Till,None,No,74,11,33.592,NA,NA,0,7.5,NA,6.52,409.9306,18.18518267
NEMLTCRS,NEMLTCRS_101N,NEMLTCRS_ROT52,Glycine max (Soybean),1160.31,5001.56,1997,Conventional Till,None,No,74,11,67.184,NA,NA,0,7.5,NA,5.98,437.134,19.45216938
NEMLTCRS,NEMLTCRS_101M,NEMLTCRS_ROT51,Glycine max (Soybean),1001.83,5494.83,1997,Conventional Till,None,No,74,11,33.592,NA,NA,0,7.5,NA,6.39,437.134,19.45216938
NEMLTCRS,NEMLTCRS_101S,NEMLTCRS_ROT50,Glycine max (Soybean),1136.36,5575.13,1997,Conventional Till,None,No,74,11,0,NA,NA,0,7.5,NA,6.8,437.134,19.45216938
NEMLTCRS,NEMLTCRS_102N,NEMLTCRS_ROT42,Glycine max (Soybean),1143.79,5299.82,1997,Conventional Till,None,No,74,11,67.184,NA,NA,0,7.5,NA,6.23,437.134,19.45216938
NEMLTCRS,NEMLTCRS_102M,NEMLTCRS_ROT40,Glycine max (Soybean),1203.87,6280.63,1997,Conventional Till,None,No,74,11,0,NA,NA,0,7.5,NA,6.97,437.134,19.45216938
NEMLTCRS,NEMLTCRS_102S,NEMLTCRS_ROT41,Glycine max (Soybean),1048.44,5334.23,1997,Conventional Till,None,No,74,11,33.592,NA,NA,0,7.5,NA,6.66,437.134,19.45216938
NEMLTCRS,NEMLTCRS_103N,NEMLTCRS_ROT70,Zea mays (Corn),2517.78,11126.23,1997,Conventional Till,None,No,74,11,0,NA,NA,0,7.5,NA,6.49,437.134,19.45216938
NEMLTCRS,NEMLTCRS_103M,NEMLTCRS_ROT72,Zea mays (Corn),4164.01,15771.35,1997,Conventional Till,None,No,74,11,179.996,NA,NA,0,7.5,NA,5.47,437.134,19.45216938
NEMLTCRS,NEMLTCRS_103S,NEMLTCRS_ROT71,Zea mays (Corn),3228.63,13921.24,1997,Conventional Till,None,No,74,11,89.998,NA,NA,0,7.5,NA,6.3,437.134,19.45216938
NEMLTCRS,NEMLTCRS_106N,NEMLTCRS_ROT70,Glycine max (Soybean),1097.81,4766.39,1997,Conventional Till,None,No,74,11,0,NA,NA,0,7.5,NA,6.28,437.134,19.45216938
NEMLTCRS,NEMLTCRS_106M,NEMLTCRS_ROT72,Glycine max (Soybean),1076.47,4060.9,1997,Conventional Till,None,No,74,11,67.184,NA,NA,0,7.5,NA,5.57,437.134,19.45216938
NEMLTCRS,NEMLTCRS_106S,NEMLTCRS_ROT71,Glycine max (Soybean),964.36,3670.87,1997,Conventional Till,None,No,74,11,33.592,NA,NA,0,7.5,NA,6.29,437.134,19.45216938
NEMLTCRS,NEMLTCRS_107N,NEMLTCRS_ROT20,Glycine max (Soybean),933.4,3940.45,1997,Conventional Till,None,No,74,11,0,NA,NA,0,7.5,NA,6.51,437.134,19.45216938
NEMLTCRS,NEMLTCRS_107M,NEMLTCRS_ROT22,Glycine max (Soybean),1221.36,4955.67,1997,Conventional Till,None,No,74,11,67.184,NA,NA,0,7.5,NA,6.31,437.134,19.45216938
NEMLTCRS,NEMLTCRS_107S,NEMLTCRS_ROT21,Glycine max (Soybean),1026.01,4215.76,1997,Conventional Till,None,No,74,11,33.592,NA,NA,0,7.5,NA,6.46,437.134,19.45216938
NEMLTCRS,NEMLTCRS_108N,NEMLTCRS_ROT41,Zea mays (Corn),2593.13,11367.67,1997,Conventional Till,None,No,74,11,89.998,NA,NA,0,7.5,NA,6.04,437.134,19.45216938
NEMLTCRS,NEMLTCRS_108M,NEMLTCRS_ROT40,Zea mays (Corn),2034.05,9954.26,1997,Conventional Till,None,No,74,11,0,NA,NA,0,7.5,NA,6.6,437.134,19.45216938
NEMLTCRS,NEMLTCRS_108S,NEMLTCRS_ROT42,Zea mays (Corn),3400.77,14556.7,1997,Conventional Till,None,No,74,11,179.996,NA,NA,0,7.5,NA,5.62,437.134,19.45216938
NEMLTCRS,NEMLTCRS_109N,NEMLTCRS_ROT62,Glycine max (Soybean),1359.61,5810.3,1997,Conventional Till,None,No,74,11,67.184,NA,NA,0,7.5,NA,5.52,437.134,19.45216938
NEMLTCRS,NEMLTCRS_109M,NEMLTCRS_ROT61,Glycine max (Soybean),1234.7,5947.95,1997,Conventional Till,None,No,74,11,33.592,NA,NA,0,7.5,NA,6.41,437.134,19.45216938
NEMLTCRS,NEMLTCRS_109S,NEMLTCRS_ROT60,Glycine max (Soybean),1318.46,6928.76,1997,Conventional Till,None,No,74,11,0,NA,NA,0,7.5,NA,6.83,437.134,19.45216938
NEMLTCRS,NEMLTCRS_110N,NEMLTCRS_ROT60,Zea mays (Corn),2773.69,12776.44,1997,Conventional Till,None,No,74,11,0,NA,NA,0,7.5,NA,6.44,437.134,19.45216938
NEMLTCRS,NEMLTCRS_110M,NEMLTCRS_ROT62,Zea mays (Corn),3935.32,15390.37,1997,Conventional Till,None,No,74,11,179.996,NA,NA,0,7.5,NA,6.2,437.134,19.45216938
NEMLTCRS,NEMLTCRS_110S,NEMLTCRS_ROT61,Zea mays (Corn),4093.88,16725.63,1997,Conventional Till,None,No,74,11,89.998,NA,NA,0,7.5,NA,6.57,437.134,19.45216938
NEMLTCRS,NEMLTCRS_115N,NEMLTCRS_ROT12,Zea mays (Corn),2695.4,11255.36,1997,Conventional Till,None,No,74,11,179.996,NA,NA,0,7.5,NA,4.72,437.134,19.45216938
NEMLTCRS,NEMLTCRS_115M,NEMLTCRS_ROT11,Zea mays (Corn),2978.79,11542.07,1997,Conventional Till,None,No,74,11,0,NA,NA,0,7.5,NA,6.11,437.134,19.45216938
NEMLTCRS,NEMLTCRS_115S,NEMLTCRS_ROT10,Zea mays (Corn),581.5,5179.85,1997,Conventional Till,None,No,74,11,89.998,NA,NA,0,7.5,NA,6.91,437.134,19.45216938
NEMLTCRS,NEMLTCRS_201N,NEMLTCRS_ROT40,Zea mays (Corn),2005.78,9330.96,1997,Conventional Till,None,No,74,11,0,NA,NA,0,7.5,NA,7.35,437.134,19.45216938
NEMLTCRS,NEMLTCRS_201M,NEMLTCRS_ROT41,Zea mays (Corn),3384.59,12820.95,1997,Conventional Till,None,No,74,11,89.998,NA,NA,0,7.5,NA,6.87,437.134,19.45216938
NEMLTCRS,NEMLTCRS_201S,NEMLTCRS_ROT42,Zea mays (Corn),3671.55,14357.54,1997,Conventional Till,None,No,74,11,179.996,NA,NA,0,7.5,NA,6.06,437.134,19.45216938
NEMLTCRS,NEMLTCRS_202N,NEMLTCRS_ROT62,Glycine max (Soybean),1428.68,5896.33,1997,Conventional Till,None,No,74,11,67.184,NA,NA,0,7.5,NA,6.6,437.134,19.45216938
NEMLTCRS,NEMLTCRS_202M,NEMLTCRS_ROT61,Glycine max (Soybean),1272.47,6097.08,1997,Conventional Till,None,No,74,11,33.592,NA,NA,0,7.5,NA,6.85,437.134,19.45216938
NEMLTCRS,NEMLTCRS_202S,NEMLTCRS_ROT60,Glycine max (Soybean),1219.86,6011.05,1997,Conventional Till,None,No,74,11,0,NA,NA,0,7.5,NA,7.2,437.134,19.45216938
NEMLTCRS,NEMLTCRS_203N,NEMLTCRS_ROT62,Zea mays (Corn),3616.05,14944.07,1997,Conventional Till,None,No,74,11,179.996,NA,NA,0,7.5,NA,6.35,437.134,19.45216938
NEMLTCRS,NEMLTCRS_203M,NEMLTCRS_ROT61,Zea mays (Corn),3980.11,15315.98,1997,Conventional Till,None,No,74,11,89.998,NA,NA,0,7.5,NA,6.83,437.134,19.45216938
NEMLTCRS,NEMLTCRS_203S,NEMLTCRS_ROT60,Zea mays (Corn),2546.89,11054.8,1997,Conventional Till,None,No,74,11,0,NA,NA,0,7.5,NA,7.21,437.134,19.45216938
NEMLTCRS,NEMLTCRS_208N,NEMLTCRS_ROT12,Zea mays (Corn),3025.77,12914.34,1997,Conventional Till,None,No,74,11,179.996,NA,NA,0,7.5,NA,5.34,437.134,19.45216938
NEMLTCRS,NEMLTCRS_208M,NEMLTCRS_ROT10,Zea mays (Corn),349.31,4239.9,1997,Conventional Till,None,No,74,11,0,NA,NA,0,7.5,NA,6.94,437.134,19.45216938
NEMLTCRS,NEMLTCRS_208S,NEMLTCRS_ROT11,Zea mays (Corn),2672.42,10812.39,1997,Conventional Till,None,No,74,11,89.998,NA,NA,0,7.5,NA,6.08,437.134,19.45216938
NEMLTCRS,NEMLTCRS_209N,NEMLTCRS_ROT50,Glycine max (Soybean),1504.41,7106.57,1997,Conventional Till,None,No,74,11,0,NA,NA,0,7.5,NA,7.02,437.134,19.45216938
NEMLTCRS,NEMLTCRS_209M,NEMLTCRS_ROT52,Glycine max (Soybean),1356.42,5747.2,1997,Conventional Till,None,No,74,11,67.184,NA,NA,0,7.5,NA,6.45,437.134,19.45216938
NEMLTCRS,NEMLTCRS_209S,NEMLTCRS_ROT51,Glycine max (Soybean),1057.53,5242.46,1997,Conventional Till,None,No,74,11,33.592,NA,NA,0,7.5,NA,6.69,437.134,19.45216938
NEMLTCRS,NEMLTCRS_210N,NEMLTCRS_ROT41,Glycine max (Soybean),1254.96,5919.28,1997,Conventional Till,None,No,74,11,33.592,NA,NA,0,7.5,NA,6.91,437.134,19.45216938
NEMLTCRS,NEMLTCRS_210M,NEMLTCRS_ROT40,Glycine max (Soybean),1180.64,5494.83,1997,Conventional Till,None,No,74,11,0,NA,NA,0,7.5,NA,7.17,437.134,19.45216938
NEMLTCRS,NEMLTCRS_210S,NEMLTCRS_ROT42,Glycine max (Soybean),1134.79,5133.48,1997,Conventional Till,None,No,74,11,67.184,NA,NA,0,7.5,NA,6.26,437.134,19.45216938
NEMLTCRS,NEMLTCRS_211N,NEMLTCRS_ROT71,Zea mays (Corn),3280.04,14014.56,1997,Conventional Till,None,No,74,11,89.998,NA,NA,0,7.5,NA,6.65,437.134,19.45216938
NEMLTCRS,NEMLTCRS_211M,NEMLTCRS_ROT72,Zea mays (Corn),3769.69,15703.93,1997,Conventional Till,None,No,74,11,179.996,NA,NA,0,7.5,NA,5.79,437.134,19.45216938
NEMLTCRS,NEMLTCRS_211S,NEMLTCRS_ROT70,Zea mays (Corn),2892.19,12315.94,1997,Conventional Till,None,No,74,11,0,NA,NA,0,7.5,NA,7.11,437.134,19.45216938
NEMLTCRS,NEMLTCRS_214N,NEMLTCRS_ROT72,Glycine max (Soybean),1565.74,6406.81,1997,Conventional Till,None,No,74,11,67.184,NA,NA,0,7.5,NA,6.13,437.134,19.45216938
NEMLTCRS,NEMLTCRS_214M,NEMLTCRS_ROT70,Glycine max (Soybean),1290.04,5701.32,1997,Conventional Till,None,No,74,11,0,NA,NA,0,7.5,NA,6.87,437.134,19.45216938
NEMLTCRS,NEMLTCRS_214S,NEMLTCRS_ROT71,Glycine max (Soybean),1099.69,6682.13,1997,Conventional Till,None,No,74,11,33.592,NA,NA,0,7.5,NA,6.62,437.134,19.45216938
NEMLTCRS,NEMLTCRS_215N,NEMLTCRS_ROT22,Glycine max (Soybean),1192.13,4645.94,1997,Conventional Till,None,No,74,11,67.184,NA,NA,0,7.5,NA,6.26,437.134,19.45216938
NEMLTCRS,NEMLTCRS_215M,NEMLTCRS_ROT21,Glycine max (Soybean),1073.84,4330.48,1997,Conventional Till,None,No,74,11,33.592,NA,NA,0,7.5,NA,6.67,437.134,19.45216938
NEMLTCRS,NEMLTCRS_215S,NEMLTCRS_ROT20,Glycine max (Soybean),1264.59,5546.45,1997,Conventional Till,None,No,74,11,0,NA,NA,0,7.5,NA,6.84,437.134,19.45216938
NEMLTCRS,NEMLTCRS_303N,NEMLTCRS_ROT71,Glycine max (Soybean),1213.81,5202.31,1997,Conventional Till,None,No,74,11,33.592,NA,NA,0,7.5,NA,6.7,437.134,19.45216938
NEMLTCRS,NEMLTCRS_303M,NEMLTCRS_ROT70,Glycine max (Soybean),1275.86,5139.22,1997,Conventional Till,None,No,74,11,0,NA,NA,0,7.5,NA,6.8,437.134,19.45216938
NEMLTCRS,NEMLTCRS_303S,NEMLTCRS_ROT72,Glycine max (Soybean),1242.98,5127.74,1997,Conventional Till,None,No,74,11,67.184,NA,NA,0,7.5,NA,6.07,437.134,19.45216938
NEMLTCRS,NEMLTCRS_304N,NEMLTCRS_ROT22,Glycine max (Soybean),963.21,3820,1997,Conventional Till,None,No,74,11,67.184,NA,NA,0,7.5,NA,6.34,437.134,19.45216938
NEMLTCRS,NEMLTCRS_304M,NEMLTCRS_ROT21,Glycine max (Soybean),805.28,3768.38,1997,Conventional Till,None,No,74,11,33.592,NA,NA,0,7.5,NA,6.61,437.134,19.45216938
NEMLTCRS,NEMLTCRS_304S,NEMLTCRS_ROT20,Glycine max (Soybean),871.64,3659.4,1997,Conventional Till,None,No,74,11,0,NA,NA,0,7.5,NA,6.59,437.134,19.45216938
NEMLTCRS,NEMLTCRS_305N,NEMLTCRS_ROT41,Zea mays (Corn),2598.56,10804.4,1997,Conventional Till,None,No,74,11,89.998,NA,NA,0,7.5,NA,6.17,437.134,19.45216938
NEMLTCRS,NEMLTCRS_305M,NEMLTCRS_ROT40,Zea mays (Corn),1519.67,8202.36,1997,Conventional Till,None,No,74,11,0,NA,NA,0,7.5,NA,6.67,437.134,19.45216938
NEMLTCRS,NEMLTCRS_305S,NEMLTCRS_ROT42,Zea mays (Corn),2481.43,11164.15,1997,Conventional Till,None,No,74,11,179.996,NA,NA,0,7.5,NA,5.56,437.134,19.45216938
NEMLTCRS,NEMLTCRS_306N,NEMLTCRS_ROT60,Glycine max (Soybean),1007.98,4709.04,1997,Conventional Till,None,No,74,11,0,NA,NA,0,7.5,NA,6.7,437.134,19.45216938
NEMLTCRS,NEMLTCRS_306M,NEMLTCRS_ROT61,Glycine max (Soybean),1235.76,5580.87,1997,Conventional Till,None,No,74,11,33.592,NA,NA,0,7.5,NA,6.44,437.134,19.45216938
NEMLTCRS,NEMLTCRS_306S,NEMLTCRS_ROT62,Glycine max (Soybean),1444.62,6056.93,1997,Conventional Till,None,No,74,11,67.184,NA,NA,0,7.5,NA,5.83,437.134,19.45216938
NEMLTCRS,NEMLTCRS_307N,NEMLTCRS_ROT60,Zea mays (Corn),2456.46,10742.8,1997,Conventional Till,None,No,74,11,0,NA,NA,0,7.5,NA,6.61,437.134,19.45216938
NEMLTCRS,NEMLTCRS_307M,NEMLTCRS_ROT62,Zea mays (Corn),3777.95,14894.45,1997,Conventional Till,None,No,74,11,179.996,NA,NA,0,7.5,NA,5.54,437.134,19.45216938
NEMLTCRS,NEMLTCRS_307S,NEMLTCRS_ROT61,Zea mays (Corn),3571.13,14155.73,1997,Conventional Till,None,No,74,11,89.998,NA,NA,0,7.5,NA,6.24,437.134,19.45216938
NEMLTCRS,NEMLTCRS_312N,NEMLTCRS_ROT10,Zea mays (Corn),413.86,4829.65,1997,Conventional Till,None,No,74,11,0,NA,NA,0,7.5,NA,6.72,437.134,19.45216938
NEMLTCRS,NEMLTCRS_312M,NEMLTCRS_ROT11,Zea mays (Corn),3336.83,12028.7,1997,Conventional Till,None,No,74,11,89.998,NA,NA,0,7.5,NA,6.11,437.134,19.45216938
NEMLTCRS,NEMLTCRS_312S,NEMLTCRS_ROT12,Zea mays (Corn),3247.42,13252.47,1997,Conventional Till,None,No,74,11,179.996,NA,NA,0,7.5,NA,5.17,437.134,19.45216938
NEMLTCRS,NEMLTCRS_313N,NEMLTCRS_ROT51,Glycine max (Soybean),1231.38,6355.19,1997,Conventional Till,None,No,74,11,33.592,NA,NA,0,7.5,NA,6.39,437.134,19.45216938
NEMLTCRS,NEMLTCRS_313M,NEMLTCRS_ROT52,Glycine max (Soybean),1222.24,6240.48,1997,Conventional Till,None,No,74,11,67.184,NA,NA,0,7.5,NA,5.76,437.134,19.45216938
NEMLTCRS,NEMLTCRS_313S,NEMLTCRS_ROT50,Glycine max (Soybean),1143.37,5942.22,1997,Conventional Till,None,No,74,11,0,NA,NA,0,7.5,NA,6.75,437.134,19.45216938
NEMLTCRS,NEMLTCRS_314N,NEMLTCRS_ROT41,Glycine max (Soybean),1063.97,5368.65,1997,Conventional Till,None,No,74,11,33.592,NA,NA,0,7.5,NA,6.6,437.134,19.45216938
NEMLTCRS,NEMLTCRS_314M,NEMLTCRS_ROT42,Glycine max (Soybean),1218.33,5959.43,1997,Conventional Till,None,No,74,11,67.184,NA,NA,0,7.5,NA,6.21,437.134,19.45216938
NEMLTCRS,NEMLTCRS_314S,NEMLTCRS_ROT40,Glycine max (Soybean),1243.28,6498.58,1997,Conventional Till,None,No,74,11,0,NA,NA,0,7.5,NA,6.92,437.134,19.45216938
NEMLTCRS,NEMLTCRS_315N,NEMLTCRS_ROT70,Zea mays (Corn),1839.12,9240.92,1997,Conventional Till,None,No,74,11,0,NA,NA,0,7.5,NA,6.74,437.134,19.45216938
NEMLTCRS,NEMLTCRS_315M,NEMLTCRS_ROT71,Zea mays (Corn),1981.39,9390.35,1997,Conventional Till,None,No,74,11,89.998,NA,NA,0,7.5,NA,6.26,437.134,19.45216938
NEMLTCRS,NEMLTCRS_315S,NEMLTCRS_ROT72,Zea mays (Corn),2964.6,13871.12,1997,Conventional Till,None,No,74,11,179.996,NA,NA,0,7.5,NA,5.66,437.134,19.45216938
NEMLTCRS,NEMLTCRS_401N,NEMLTCRS_ROT41,Zea mays (Corn),3135.37,12554.62,1997,Conventional Till,None,No,74,11,89.998,NA,NA,0,7.5,NA,6.08,437.134,19.45216938
NEMLTCRS,NEMLTCRS_401M,NEMLTCRS_ROT42,Zea mays (Corn),2540.91,12159.97,1997,Conventional Till,None,No,74,11,179.996,NA,NA,0,7.5,NA,5.49,437.134,19.45216938
NEMLTCRS,NEMLTCRS_401S,NEMLTCRS_ROT40,Zea mays (Corn),2295.19,11982.79,1997,Conventional Till,None,No,74,11,0,NA,NA,0,7.5,NA,6.45,437.134,19.45216938
NEMLTCRS,NEMLTCRS_404N,NEMLTCRS_ROT60,Zea mays (Corn),2371.28,12208.7,1997,Conventional Till,None,No,74,11,0,NA,NA,0,7.5,NA,6.54,437.134,19.45216938
NEMLTCRS,NEMLTCRS_404M,NEMLTCRS_ROT61,Zea mays (Corn),3773.43,14867.1,1997,Conventional Till,None,No,74,11,89.998,NA,NA,0,7.5,NA,6.21,437.134,19.45216938
NEMLTCRS,NEMLTCRS_404S,NEMLTCRS_ROT62,Zea mays (Corn),4550.86,17962.27,1997,Conventional Till,None,No,74,11,179.996,NA,NA,0,7.5,NA,5.61,437.134,19.45216938
NEMLTCRS,NEMLTCRS_405N,NEMLTCRS_ROT70,Zea mays (Corn),2300.67,10736.55,1997,Conventional Till,None,No,74,11,0,NA,NA,0,7.5,NA,6.62,437.134,19.45216938
NEMLTCRS,NEMLTCRS_405M,NEMLTCRS_ROT71,Zea mays (Corn),2719.48,12012.01,1997,Conventional Till,None,No,74,11,89.998,NA,NA,0,7.5,NA,6.2,437.134,19.45216938
NEMLTCRS,NEMLTCRS_405S,NEMLTCRS_ROT72,Zea mays (Corn),2662.71,11908.37,1997,Conventional Till,None,No,74,11,179.996,NA,NA,0,7.5,NA,5.83,437.134,19.45216938
NEMLTCRS,NEMLTCRS_406N,NEMLTCRS_ROT72,Glycine max (Soybean),1321.47,5586.6,1997,Conventional Till,None,No,74,11,67.184,NA,NA,0,7.5,NA,6.05,437.134,19.45216938
NEMLTCRS,NEMLTCRS_406M,NEMLTCRS_ROT71,Glycine max (Soybean),1382.1,7049.21,1997,Conventional Till,None,No,74,11,33.592,NA,NA,0,7.5,NA,6.45,437.134,19.45216938
NEMLTCRS,NEMLTCRS_406S,NEMLTCRS_ROT70,Glycine max (Soybean),1482.25,7336,1997,Conventional Till,None,No,74,11,0,NA,NA,0,7.5,NA,6.78,437.134,19.45216938
NEMLTCRS,NEMLTCRS_407N,NEMLTCRS_ROT10,Zea mays (Corn),847.81,5271.43,1997,Conventional Till,None,No,74,11,0,NA,NA,0,7.5,NA,6.61,437.134,19.45216938
NEMLTCRS,NEMLTCRS_407M,NEMLTCRS_ROT12,Zea mays (Corn),3228.25,12966.48,1997,Conventional Till,None,No,74,11,179.996,NA,NA,0,7.5,NA,4.86,437.134,19.45216938
NEMLTCRS,NEMLTCRS_407S,NEMLTCRS_ROT11,Zea mays (Corn),2858.2,11752.98,1997,Conventional Till,None,No,74,11,89.998,NA,NA,0,7.5,NA,5.95,437.134,19.45216938
NEMLTCRS,NEMLTCRS_409N,NEMLTCRS_ROT51,Glycine max (Soybean),1158.52,4760.66,1997,Conventional Till,None,No,74,11,33.592,NA,NA,0,7.5,NA,6.6,437.134,19.45216938
NEMLTCRS,NEMLTCRS_409M,NEMLTCRS_ROT52,Glycine max (Soybean),1228.39,4840.96,1997,Conventional Till,None,No,74,11,67.184,NA,NA,0,7.5,NA,6.05,437.134,19.45216938
NEMLTCRS,NEMLTCRS_409S,NEMLTCRS_ROT50,Glycine max (Soybean),850.65,4129.73,1997,Conventional Till,None,No,74,11,0,NA,NA,0,7.5,NA,6.86,437.134,19.45216938
NEMLTCRS,NEMLTCRS_410N,NEMLTCRS_ROT60,Glycine max (Soybean),804.26,3762.64,1997,Conventional Till,None,No,74,11,0,NA,NA,0,7.5,NA,6.86,437.134,19.45216938
NEMLTCRS,NEMLTCRS_410M,NEMLTCRS_ROT62,Glycine max (Soybean),1246.27,5448.95,1997,Conventional Till,None,No,74,11,67.184,NA,NA,0,7.5,NA,6.13,437.134,19.45216938
NEMLTCRS,NEMLTCRS_410S,NEMLTCRS_ROT61,Glycine max (Soybean),1056.5,5580.87,1997,Conventional Till,None,No,74,11,33.592,NA,NA,0,7.5,NA,6.48,437.134,19.45216938
NEMLTCRS,NEMLTCRS_411N,NEMLTCRS_ROT22,Glycine max (Soybean),998.43,3745.43,1997,Conventional Till,None,No,74,11,67.184,NA,NA,0,7.5,NA,6.7,437.134,19.45216938
NEMLTCRS,NEMLTCRS_411M,NEMLTCRS_ROT20,Glycine max (Soybean),1087.73,4548.44,1997,Conventional Till,None,No,74,11,0,NA,NA,0,7.5,NA,7.08,437.134,19.45216938
NEMLTCRS,NEMLTCRS_411S,NEMLTCRS_ROT21,Glycine max (Soybean),1209.02,5230.99,1997,Conventional Till,None,No,74,11,33.592,NA,NA,0,7.5,NA,6.95,437.134,19.45216938
NEMLTCRS,NEMLTCRS_414N,NEMLTCRS_ROT41,Glycine max (Soybean),1091.91,5638.22,1997,Conventional Till,None,No,74,11,33.592,NA,NA,0,7.5,NA,6.64,437.134,19.45216938
NEMLTCRS,NEMLTCRS_414M,NEMLTCRS_ROT42,Glycine max (Soybean),1348.16,5701.32,1997,Conventional Till,None,No,74,11,67.184,NA,NA,0,7.5,NA,6.24,437.134,19.45216938
NEMLTCRS,NEMLTCRS_414S,NEMLTCRS_ROT40,Glycine max (Soybean),1372.78,6337.98,1997,Conventional Till,None,No,74,11,0,NA,NA,0,7.5,NA,6.83,437.134,19.45216938
NEMLTCRS,NEMLTCRS_503N,NEMLTCRS_ROT40,Glycine max (Soybean),1012.78,4135.46,1997,Conventional Till,None,No,74,11,0,NA,NA,0,7.5,NA,7.05,437.134,19.45216938
NEMLTCRS,NEMLTCRS_503M,NEMLTCRS_ROT42,Glycine max (Soybean),1147.34,5081.86,1997,Conventional Till,None,No,74,11,67.184,NA,NA,0,7.5,NA,6.24,437.134,19.45216938
NEMLTCRS,NEMLTCRS_503S,NEMLTCRS_ROT41,Glycine max (Soybean),1308.41,6125.76,1997,Conventional Till,None,No,74,11,33.592,NA,NA,0,7.5,NA,6.42,437.134,19.45216938
NEMLTCRS,NEMLTCRS_504N,NEMLTCRS_ROT72,Zea mays (Corn),4096.85,16510.19,1997,Conventional Till,None,No,74,11,179.996,NA,NA,0,7.5,NA,5.63,437.134,19.45216938
NEMLTCRS,NEMLTCRS_504M,NEMLTCRS_ROT71,Zea mays (Corn),4536.06,17724.82,1997,Conventional Till,None,No,74,11,89.998,NA,NA,0,7.5,NA,6.24,437.134,19.45216938
NEMLTCRS,NEMLTCRS_504S,NEMLTCRS_ROT70,Zea mays (Corn),2701.1,12532.94,1997,Conventional Till,None,No,74,11,0,NA,NA,0,7.5,NA,6.55,437.134,19.45216938
NEMLTCRS,NEMLTCRS_506N,NEMLTCRS_ROT60,Glycine max (Soybean),1161.15,6028.25,1997,Conventional Till,None,No,74,11,0,NA,NA,0,7.5,NA,6.81,437.134,19.45216938
NEMLTCRS,NEMLTCRS_506M,NEMLTCRS_ROT62,Glycine max (Soybean),1209.2,6125.76,1997,Conventional Till,None,No,74,11,67.184,NA,NA,0,7.5,NA,6.14,437.134,19.45216938
NEMLTCRS,NEMLTCRS_506S,NEMLTCRS_ROT61,Glycine max (Soybean),1109.71,5930.75,1997,Conventional Till,None,No,74,11,33.592,NA,NA,0,7.5,NA,6.28,437.134,19.45216938
NEMLTCRS,NEMLTCRS_507N,NEMLTCRS_ROT12,Zea mays (Corn),3283.14,11866.01,1997,Conventional Till,None,No,74,11,179.996,NA,NA,0,7.5,NA,5.19,437.134,19.45216938
NEMLTCRS,NEMLTCRS_507M,NEMLTCRS_ROT11,Zea mays (Corn),3696.07,14558.52,1997,Conventional Till,None,No,74,11,89.998,NA,NA,0,7.5,NA,6.24,437.134,19.45216938
NEMLTCRS,NEMLTCRS_507S,NEMLTCRS_ROT10,Zea mays (Corn),1962.79,10603.48,1997,Conventional Till,None,No,74,11,0,NA,NA,0,7.5,NA,6.68,437.134,19.45216938
NEMLTCRS,NEMLTCRS_508N,NEMLTCRS_ROT60,Zea mays (Corn),3506.38,13951.07,1997,Conventional Till,None,No,74,11,0,NA,NA,0,7.5,NA,6.77,437.134,19.45216938
NEMLTCRS,NEMLTCRS_508M,NEMLTCRS_ROT62,Zea mays (Corn),4288.84,16809.57,1997,Conventional Till,None,No,74,11,179.996,NA,NA,0,7.5,NA,6.01,437.134,19.45216938
NEMLTCRS,NEMLTCRS_508S,NEMLTCRS_ROT61,Zea mays (Corn),4185.84,16651.76,1997,Conventional Till,None,No,74,11,89.998,NA,NA,0,7.5,NA,6.41,437.134,19.45216938
NEMLTCRS,NEMLTCRS_510N,NEMLTCRS_ROT21,Glycine max (Soybean),1240.95,5162.16,1997,Conventional Till,None,No,74,11,33.592,NA,NA,0,7.5,NA,6.84,437.134,19.45216938
NEMLTCRS,NEMLTCRS_510M,NEMLTCRS_ROT20,Glycine max (Soybean),1269.2,5139.22,1997,Conventional Till,None,No,74,11,0,NA,NA,0,7.5,NA,6.92,437.134,19.45216938
NEMLTCRS,NEMLTCRS_510S,NEMLTCRS_ROT22,Glycine max (Soybean),1352.31,5546.45,1997,Conventional Till,None,No,74,11,67.184,NA,NA,0,7.5,NA,6.82,437.134,19.45216938
NEMLTCRS,NEMLTCRS_511N,NEMLTCRS_ROT52,Glycine max (Soybean),1294.82,5764.41,1997,Conventional Till,None,No,74,11,67.184,NA,NA,0,7.5,NA,6.26,437.134,19.45216938
NEMLTCRS,NEMLTCRS_511M,NEMLTCRS_ROT51,Glycine max (Soybean),1458.81,7152.46,1997,Conventional Till,None,No,74,11,33.592,NA,NA,0,7.5,NA,6.61,437.134,19.45216938
NEMLTCRS,NEMLTCRS_511S,NEMLTCRS_ROT50,Glycine max (Soybean),1359.59,6670.66,1997,Conventional Till,None,No,74,11,0,NA,NA,0,7.5,NA,6.83,437.134,19.45216938
NEMLTCRS,NEMLTCRS_512N,NEMLTCRS_ROT40,Zea mays (Corn),2568.99,11167.17,1997,Conventional Till,None,No,74,11,0,NA,NA,0,7.5,NA,6.71,437.134,19.45216938
NEMLTCRS,NEMLTCRS_512M,NEMLTCRS_ROT41,Zea mays (Corn),3092.78,12384.83,1997,Conventional Till,None,No,74,11,89.998,NA,NA,0,7.5,NA,6.41,437.134,19.45216938
NEMLTCRS,NEMLTCRS_512S,NEMLTCRS_ROT42,Zea mays (Corn),3619.77,14581.36,1997,Conventional Till,None,No,74,11,179.996,NA,NA,0,7.5,NA,5.77,437.134,19.45216938
NEMLTCRS,NEMLTCRS_513N,NEMLTCRS_ROT70,Glycine max (Soybean),1221.5,6033.99,1997,Conventional Till,None,No,74,11,0,NA,NA,0,7.5,NA,6.8,437.134,19.45216938
NEMLTCRS,NEMLTCRS_513M,NEMLTCRS_ROT71,Glycine max (Soybean),1287.16,5621.02,1997,Conventional Till,None,No,74,11,33.592,NA,NA,0,7.5,NA,6.52,437.134,19.45216938
NEMLTCRS,NEMLTCRS_513S,NEMLTCRS_ROT72,Glycine max (Soybean),1587.06,6263.42,1997,Conventional Till,None,No,74,11,67.184,NA,NA,0,7.5,NA,5.92,437.134,19.45216938
NEMLTCRS,NEMLTCRS_102N,NEMLTCRS_ROT42,Zea mays (Corn),3779.95,17710.05,1998,Conventional Till,None,No,74,11,179.996,NA,NA,0,7.5,NA,6.23,592.074,20.42238527
NEMLTCRS,NEMLTCRS_102M,NEMLTCRS_ROT40,Zea mays (Corn),2008.37,11316.54,1998,Conventional Till,None,No,74,11,0,NA,NA,0,7.5,NA,6.97,592.074,20.42238527
NEMLTCRS,NEMLTCRS_102S,NEMLTCRS_ROT41,Zea mays (Corn),3810.22,18255.97,1998,Conventional Till,None,No,74,11,89.998,NA,NA,0,7.5,NA,6.66,592.074,20.42238527
NEMLTCRS,NEMLTCRS_103N,NEMLTCRS_ROT70,Glycine max (Soybean),1643.4,6928.76,1998,Conventional Till,None,No,74,11,0,NA,NA,0,7.5,NA,6.49,592.074,20.42238527
NEMLTCRS,NEMLTCRS_103M,NEMLTCRS_ROT72,Glycine max (Soybean),1687.72,7456.45,1998,Conventional Till,None,No,74,11,67.184,NA,NA,0,7.5,NA,5.47,592.074,20.42238527
NEMLTCRS,NEMLTCRS_103S,NEMLTCRS_ROT71,Glycine max (Soybean),1335.45,7083.63,1998,Conventional Till,None,No,74,11,33.592,NA,NA,0,7.5,NA,6.3,592.074,20.42238527
NEMLTCRS,NEMLTCRS_104N,NEMLTCRS_ROT71,Zea mays (Corn),3672.04,17144.8,1998,Conventional Till,None,No,74,11,0,NA,NA,0,7.5,NA,6.2,592.074,20.42238527
NEMLTCRS,NEMLTCRS_104M,NEMLTCRS_ROT72,Zea mays (Corn),2932.24,15482.21,1998,Conventional Till,None,No,74,11,179.996,NA,NA,0,7.5,NA,5.98,592.074,20.42238527
NEMLTCRS,NEMLTCRS_104S,NEMLTCRS_ROT70,Zea mays (Corn),3720.78,17659.7,1998,Conventional Till,None,No,74,11,89.998,NA,NA,0,7.5,NA,6.79,592.074,20.42238527
NEMLTCRS,NEMLTCRS_107N,NEMLTCRS_ROT20,Glycine max (Soybean),1649.98,6498.58,1998,Conventional Till,None,No,74,11,0,NA,NA,0,7.5,NA,6.51,592.074,20.42238527
NEMLTCRS,NEMLTCRS_107M,NEMLTCRS_ROT22,Glycine max (Soybean),1651.42,6234.74,1998,Conventional Till,None,No,74,11,67.184,NA,NA,0,7.5,NA,6.31,592.074,20.42238527
NEMLTCRS,NEMLTCRS_107S,NEMLTCRS_ROT21,Glycine max (Soybean),1667.97,6796.84,1998,Conventional Till,None,No,74,11,33.592,NA,NA,0,7.5,NA,6.46,592.074,20.42238527
NEMLTCRS,NEMLTCRS_108N,NEMLTCRS_ROT41,Glycine max (Soybean),1628.5,6446.96,1998,Conventional Till,None,No,74,11,33.592,NA,NA,0,7.5,NA,6.04,592.074,20.42238527
NEMLTCRS,NEMLTCRS_108M,NEMLTCRS_ROT40,Glycine max (Soybean),1640.66,6676.39,1998,Conventional Till,None,No,74,11,0,NA,NA,0,7.5,NA,6.6,592.074,20.42238527
NEMLTCRS,NEMLTCRS_108S,NEMLTCRS_ROT42,Glycine max (Soybean),1401.14,5867.65,1998,Conventional Till,None,No,74,11,67.184,NA,NA,0,7.5,NA,5.62,592.074,20.42238527
NEMLTCRS,NEMLTCRS_109N,NEMLTCRS_ROT62,Zea mays (Corn),4096.62,19128.27,1998,Conventional Till,None,No,74,11,179.996,NA,NA,0,7.5,NA,5.52,592.074,20.42238527
NEMLTCRS,NEMLTCRS_109M,NEMLTCRS_ROT61,Zea mays (Corn),3866.42,17757.14,1998,Conventional Till,None,No,74,11,89.998,NA,NA,0,7.5,NA,6.41,592.074,20.42238527
NEMLTCRS,NEMLTCRS_109S,NEMLTCRS_ROT60,Zea mays (Corn),2575.54,13605.04,1998,Conventional Till,None,No,74,11,0,NA,NA,0,7.5,NA,6.83,592.074,20.42238527
NEMLTCRS,NEMLTCRS_113N,NEMLTCRS_ROT62,Glycine max (Soybean),1907.02,7697.35,1998,Conventional Till,None,No,74,11,67.184,NA,NA,0,7.5,NA,5.34,592.074,20.42238527
NEMLTCRS,NEMLTCRS_113M,NEMLTCRS_ROT60,Glycine max (Soybean),1743.39,6550.21,1998,Conventional Till,None,No,74,11,0,NA,NA,0,7.5,NA,6.99,592.074,20.42238527
NEMLTCRS,NEMLTCRS_113S,NEMLTCRS_ROT61,Glycine max (Soybean),1670.68,7238.49,1998,Conventional Till,None,No,74,11,33.592,NA,NA,0,7.5,NA,6.55,592.074,20.42238527
NEMLTCRS,NEMLTCRS_114N,NEMLTCRS_ROT52,Glycine max (Soybean),1922.12,8012.82,1998,Conventional Till,None,No,74,11,67.184,NA,NA,0,7.5,NA,5.87,592.074,20.42238527
NEMLTCRS,NEMLTCRS_114M,NEMLTCRS_ROT51,Glycine max (Soybean),1795.09,7209.82,1998,Conventional Till,None,No,74,11,33.592,NA,NA,0,7.5,NA,6.98,592.074,20.42238527
NEMLTCRS,NEMLTCRS_114S,NEMLTCRS_ROT50,Glycine max (Soybean),1622.89,6240.48,1998,Conventional Till,None,No,74,11,0,NA,NA,0,7.5,NA,7.32,592.074,20.42238527
NEMLTCRS,NEMLTCRS_115N,NEMLTCRS_ROT12,Zea mays (Corn),3348.21,15935.88,1998,Conventional Till,None,No,74,11,179.996,NA,NA,0,7.5,NA,4.72,592.074,20.42238527
NEMLTCRS,NEMLTCRS_115M,NEMLTCRS_ROT11,Zea mays (Corn),3146.71,14640.66,1998,Conventional Till,None,No,74,11,0,NA,NA,0,7.5,NA,6.11,592.074,20.42238527
NEMLTCRS,NEMLTCRS_115S,NEMLTCRS_ROT10,Zea mays (Corn),1122.75,7616.37,1998,Conventional Till,None,No,74,11,89.998,NA,NA,0,7.5,NA,6.91,592.074,20.42238527
NEMLTCRS,NEMLTCRS_201N,NEMLTCRS_ROT40,Glycine max (Soybean),1489.5,6670.66,1998,Conventional Till,None,No,74,11,0,NA,NA,0,7.5,NA,7.35,592.074,20.42238527
NEMLTCRS,NEMLTCRS_201M,NEMLTCRS_ROT41,Glycine max (Soybean),1580.21,6510.06,1998,Conventional Till,None,No,74,11,33.592,NA,NA,0,7.5,NA,6.87,592.074,20.42238527
NEMLTCRS,NEMLTCRS_201S,NEMLTCRS_ROT42,Glycine max (Soybean),1758.52,7204.08,1998,Conventional Till,None,No,74,11,67.184,NA,NA,0,7.5,NA,6.06,592.074,20.42238527
NEMLTCRS,NEMLTCRS_202N,NEMLTCRS_ROT62,Zea mays (Corn),3991.94,18323.37,1998,Conventional Till,None,No,74,11,179.996,NA,NA,0,7.5,NA,6.6,592.074,20.42238527
NEMLTCRS,NEMLTCRS_202M,NEMLTCRS_ROT61,Zea mays (Corn),3761.34,16003.42,1998,Conventional Till,None,No,74,11,89.998,NA,NA,0,7.5,NA,6.85,592.074,20.42238527
NEMLTCRS,NEMLTCRS_202S,NEMLTCRS_ROT60,Zea mays (Corn),3324.93,14954.83,1998,Conventional Till,None,No,74,11,0,NA,NA,0,7.5,NA,7.2,592.074,20.42238527
NEMLTCRS,NEMLTCRS_206N,NEMLTCRS_ROT61,Glycine max (Soybean),1758.15,7456.45,1998,Conventional Till,None,No,74,11,33.592,NA,NA,0,7.5,NA,6.47,592.074,20.42238527
NEMLTCRS,NEMLTCRS_206M,NEMLTCRS_ROT60,Glycine max (Soybean),1855.73,7215.55,1998,Conventional Till,None,No,74,11,0,NA,NA,0,7.5,NA,6.97,592.074,20.42238527
NEMLTCRS,NEMLTCRS_206S,NEMLTCRS_ROT62,Glycine max (Soybean),2027.98,7668.67,1998,Conventional Till,None,No,74,11,67.184,NA,NA,0,7.5,NA,5.5,592.074,20.42238527
NEMLTCRS,NEMLTCRS_207N,NEMLTCRS_ROT50,Glycine max (Soybean),1820.47,7754.71,1998,Conventional Till,None,No,74,11,0,NA,NA,0,7.5,NA,6.89,592.074,20.42238527
NEMLTCRS,NEMLTCRS_207M,NEMLTCRS_ROT51,Glycine max (Soybean),1684.74,7347.47,1998,Conventional Till,None,No,74,11,33.592,NA,NA,0,7.5,NA,6.42,592.074,20.42238527
NEMLTCRS,NEMLTCRS_207S,NEMLTCRS_ROT52,Glycine max (Soybean),1789.18,7754.71,1998,Conventional Till,None,No,74,11,67.184,NA,NA,0,7.5,NA,5.53,592.074,20.42238527
NEMLTCRS,NEMLTCRS_208N,NEMLTCRS_ROT12,Zea mays (Corn),3373.08,15631.98,1998,Conventional Till,None,No,74,11,179.996,NA,NA,0,7.5,NA,5.34,592.074,20.42238527
NEMLTCRS,NEMLTCRS_208M,NEMLTCRS_ROT10,Zea mays (Corn),1141.82,7289.55,1998,Conventional Till,None,No,74,11,0,NA,NA,0,7.5,NA,6.94,592.074,20.42238527
NEMLTCRS,NEMLTCRS_208S,NEMLTCRS_ROT11,Zea mays (Corn),2840.08,14007.88,1998,Conventional Till,None,No,74,11,89.998,NA,NA,0,7.5,NA,6.08,592.074,20.42238527
NEMLTCRS,NEMLTCRS_210N,NEMLTCRS_ROT41,Zea mays (Corn),3602.36,17253.08,1998,Conventional Till,None,No,74,11,89.998,NA,NA,0,7.5,NA,6.91,592.074,20.42238527
NEMLTCRS,NEMLTCRS_210M,NEMLTCRS_ROT40,Zea mays (Corn),2625.1,13524.27,1998,Conventional Till,None,No,74,11,0,NA,NA,0,7.5,NA,7.17,592.074,20.42238527
NEMLTCRS,NEMLTCRS_210S,NEMLTCRS_ROT42,Zea mays (Corn),3576.15,16241.13,1998,Conventional Till,None,No,74,11,179.996,NA,NA,0,7.5,NA,6.26,592.074,20.42238527
NEMLTCRS,NEMLTCRS_211N,NEMLTCRS_ROT71,Glycine max (Soybean),1689.08,7330.27,1998,Conventional Till,None,No,74,11,33.592,NA,NA,0,7.5,NA,6.65,592.074,20.42238527
NEMLTCRS,NEMLTCRS_211M,NEMLTCRS_ROT72,Glycine max (Soybean),1695.12,7806.33,1998,Conventional Till,None,No,74,11,67.184,NA,NA,0,7.5,NA,5.79,592.074,20.42238527
NEMLTCRS,NEMLTCRS_211S,NEMLTCRS_ROT70,Glycine max (Soybean),1843.88,7938.25,1998,Conventional Till,None,No,74,11,0,NA,NA,0,7.5,NA,7.11,592.074,20.42238527
NEMLTCRS,NEMLTCRS_212N,NEMLTCRS_ROT71,Zea mays (Corn),3374.5,16587.42,1998,Conventional Till,None,No,74,11,89.998,NA,NA,0,7.5,NA,6.73,592.074,20.42238527
NEMLTCRS,NEMLTCRS_212M,NEMLTCRS_ROT70,Zea mays (Corn),3577.47,16605.37,1998,Conventional Till,None,No,74,11,0,NA,NA,0,7.5,NA,7.07,592.074,20.42238527
NEMLTCRS,NEMLTCRS_212S,NEMLTCRS_ROT72,Zea mays (Corn),3457.94,15757.72,1998,Conventional Till,None,No,74,11,179.996,NA,NA,0,7.5,NA,5.73,592.074,20.42238527
NEMLTCRS,NEMLTCRS_215N,NEMLTCRS_ROT22,Glycine max (Soybean),1816.52,7450.72,1998,Conventional Till,None,No,74,11,67.184,NA,NA,0,7.5,NA,6.26,592.074,20.42238527
NEMLTCRS,NEMLTCRS_215M,NEMLTCRS_ROT21,Glycine max (Soybean),1725.82,7255.7,1998,Conventional Till,None,No,74,11,33.592,NA,NA,0,7.5,NA,6.67,592.074,20.42238527
NEMLTCRS,NEMLTCRS_215S,NEMLTCRS_ROT20,Glycine max (Soybean),1697.44,7181.14,1998,Conventional Till,None,No,74,11,0,NA,NA,0,7.5,NA,6.84,592.074,20.42238527
NEMLTCRS,NEMLTCRS_301N,NEMLTCRS_ROT71,Zea mays (Corn),3290.76,15975.13,1998,Conventional Till,None,No,74,11,89.998,NA,NA,0,7.5,NA,6.46,592.074,20.42238527
NEMLTCRS,NEMLTCRS_301M,NEMLTCRS_ROT72,Zea mays (Corn),2919.31,15230.8,1998,Conventional Till,None,No,74,11,179.996,NA,NA,0,7.5,NA,5.84,592.074,20.42238527
NEMLTCRS,NEMLTCRS_301S,NEMLTCRS_ROT70,Zea mays (Corn),3142.98,15339.15,1998,Conventional Till,None,No,74,11,0,NA,NA,0,7.5,NA,6.64,592.074,20.42238527
NEMLTCRS,NEMLTCRS_304N,NEMLTCRS_ROT22,Glycine max (Soybean),1570.02,5982.37,1998,Conventional Till,None,No,74,11,67.184,NA,NA,0,7.5,NA,6.34,592.074,20.42238527
NEMLTCRS,NEMLTCRS_304M,NEMLTCRS_ROT21,Glycine max (Soybean),1757.38,6991.86,1998,Conventional Till,None,No,74,11,33.592,NA,NA,0,7.5,NA,6.61,592.074,20.42238527
NEMLTCRS,NEMLTCRS_304S,NEMLTCRS_ROT20,Glycine max (Soybean),1629.78,6464.17,1998,Conventional Till,None,No,74,11,0,NA,NA,0,7.5,NA,6.59,592.074,20.42238527
NEMLTCRS,NEMLTCRS_305N,NEMLTCRS_ROT41,Glycine max (Soybean),1772.3,6963.18,1998,Conventional Till,None,No,74,11,33.592,NA,NA,0,7.5,NA,6.17,592.074,20.42238527
NEMLTCRS,NEMLTCRS_305M,NEMLTCRS_ROT40,Glycine max (Soybean),1828.56,6951.71,1998,Conventional Till,None,No,74,11,0,NA,NA,0,7.5,NA,6.67,592.074,20.42238527
NEMLTCRS,NEMLTCRS_305S,NEMLTCRS_ROT42,Glycine max (Soybean),1590.34,6309.31,1998,Conventional Till,None,No,74,11,67.184,NA,NA,0,7.5,NA,5.56,592.074,20.42238527
NEMLTCRS,NEMLTCRS_306N,NEMLTCRS_ROT60,Zea mays (Corn),2647.98,13434.61,1998,Conventional Till,None,No,74,11,0,NA,NA,0,7.5,NA,6.7,592.074,20.42238527
NEMLTCRS,NEMLTCRS_306M,NEMLTCRS_ROT61,Zea mays (Corn),3483.13,16117.62,1998,Conventional Till,None,No,74,11,89.998,NA,NA,0,7.5,NA,6.44,592.074,20.42238527
NEMLTCRS,NEMLTCRS_306S,NEMLTCRS_ROT62,Zea mays (Corn),3875.34,18055.61,1998,Conventional Till,None,No,74,11,179.996,NA,NA,0,7.5,NA,5.83,592.074,20.42238527
NEMLTCRS,NEMLTCRS_310N,NEMLTCRS_ROT62,Glycine max (Soybean),2037.4,8305.34,1998,Conventional Till,None,No,74,11,67.184,NA,NA,0,7.5,NA,5.62,592.074,20.42238527
NEMLTCRS,NEMLTCRS_310M,NEMLTCRS_ROT60,Glycine max (Soybean),1949.23,7909.57,1998,Conventional Till,None,No,74,11,0,NA,NA,0,7.5,NA,6.96,592.074,20.42238527
NEMLTCRS,NEMLTCRS_310S,NEMLTCRS_ROT61,Glycine max (Soybean),1812.82,7089.36,1998,Conventional Till,None,No,74,11,33.592,NA,NA,0,7.5,NA,6.54,592.074,20.42238527
NEMLTCRS,NEMLTCRS_311N,NEMLTCRS_ROT51,Glycine max (Soybean),1704.28,7336,1998,Conventional Till,None,No,74,11,33.592,NA,NA,0,7.5,NA,6.61,592.074,20.42238527
NEMLTCRS,NEMLTCRS_311M,NEMLTCRS_ROT52,Glycine max (Soybean),1893.79,7284.38,1998,Conventional Till,None,No,74,11,67.184,NA,NA,0,7.5,NA,6.75,592.074,20.42238527
NEMLTCRS,NEMLTCRS_311S,NEMLTCRS_ROT50,Glycine max (Soybean),1589.76,6125.76,1998,Conventional Till,None,No,74,11,0,NA,NA,0,7.5,NA,6.86,592.074,20.42238527
NEMLTCRS,NEMLTCRS_312N,NEMLTCRS_ROT10,Zea mays (Corn),808.99,5809.58,1998,Conventional Till,None,No,74,11,0,NA,NA,0,7.5,NA,6.72,592.074,20.42238527
NEMLTCRS,NEMLTCRS_312M,NEMLTCRS_ROT11,Zea mays (Corn),3060.49,14020.42,1998,Conventional Till,None,No,74,11,89.998,NA,NA,0,7.5,NA,6.11,592.074,20.42238527
NEMLTCRS,NEMLTCRS_312S,NEMLTCRS_ROT12,Zea mays (Corn),3193.56,15726.37,1998,Conventional Till,None,No,74,11,179.996,NA,NA,0,7.5,NA,5.17,592.074,20.42238527
NEMLTCRS,NEMLTCRS_314N,NEMLTCRS_ROT41,Zea mays (Corn),3647.59,16461.34,1998,Conventional Till,None,No,74,11,89.998,NA,NA,0,7.5,NA,6.6,592.074,20.42238527
NEMLTCRS,NEMLTCRS_314M,NEMLTCRS_ROT42,Zea mays (Corn),3033.07,13894.79,1998,Conventional Till,None,No,74,11,179.996,NA,NA,0,7.5,NA,6.21,592.074,20.42238527
NEMLTCRS,NEMLTCRS_314S,NEMLTCRS_ROT40,Zea mays (Corn),2350.84,12101.79,1998,Conventional Till,None,No,74,11,0,NA,NA,0,7.5,NA,6.92,592.074,20.42238527
NEMLTCRS,NEMLTCRS_315N,NEMLTCRS_ROT70,Glycine max (Soybean),1685.55,6905.82,1998,Conventional Till,None,No,74,11,0,NA,NA,0,7.5,NA,6.74,592.074,20.42238527
NEMLTCRS,NEMLTCRS_315M,NEMLTCRS_ROT71,Glycine max (Soybean),1680.87,6842.73,1998,Conventional Till,None,No,74,11,33.592,NA,NA,0,7.5,NA,6.26,592.074,20.42238527
NEMLTCRS,NEMLTCRS_315S,NEMLTCRS_ROT72,Glycine max (Soybean),1870.83,7594.11,1998,Conventional Till,None,No,74,11,67.184,NA,NA,0,7.5,NA,5.66,592.074,20.42238527
NEMLTCRS,NEMLTCRS_401N,NEMLTCRS_ROT41,Glycine max (Soybean),1759.2,7427.77,1998,Conventional Till,None,No,74,11,33.592,NA,NA,0,7.5,NA,6.08,592.074,20.42238527
NEMLTCRS,NEMLTCRS_401M,NEMLTCRS_ROT42,Glycine max (Soybean),1730.2,6619.03,1998,Conventional Till,None,No,74,11,67.184,NA,NA,0,7.5,NA,5.49,592.074,20.42238527
NEMLTCRS,NEMLTCRS_401S,NEMLTCRS_ROT40,Glycine max (Soybean),1620.3,6056.93,1998,Conventional Till,None,No,74,11,0,NA,NA,0,7.5,NA,6.45,592.074,20.42238527
NEMLTCRS,NEMLTCRS_403N,NEMLTCRS_ROT72,Zea mays (Corn),4503.37,19488.58,1998,Conventional Till,None,No,74,11,179.996,NA,NA,0,7.5,NA,6.17,592.074,20.42238527
NEMLTCRS,NEMLTCRS_403M,NEMLTCRS_ROT70,Zea mays (Corn),3931.5,19120.84,1998,Conventional Till,None,No,74,11,0,NA,NA,0,7.5,NA,6.85,592.074,20.42238527
NEMLTCRS,NEMLTCRS_403S,NEMLTCRS_ROT71,Zea mays (Corn),4071.33,19995.34,1998,Conventional Till,None,No,74,11,89.998,NA,NA,0,7.5,NA,6.57,592.074,20.42238527
NEMLTCRS,NEMLTCRS_405N,NEMLTCRS_ROT70,Glycine max (Soybean),1688.23,6814.05,1998,Conventional Till,None,No,74,11,0,NA,NA,0,7.5,NA,6.62,592.074,20.42238527
NEMLTCRS,NEMLTCRS_405M,NEMLTCRS_ROT71,Glycine max (Soybean),1737.28,6836.99,1998,Conventional Till,None,No,74,11,33.592,NA,NA,0,7.5,NA,6.2,592.074,20.42238527
NEMLTCRS,NEMLTCRS_405S,NEMLTCRS_ROT72,Glycine max (Soybean),1505.68,6877.14,1998,Conventional Till,None,No,74,11,67.184,NA,NA,0,7.5,NA,5.83,592.074,20.42238527
NEMLTCRS,NEMLTCRS_407N,NEMLTCRS_ROT10,Zea mays (Corn),1051.27,6438.64,1998,Conventional Till,None,No,74,11,0,NA,NA,0,7.5,NA,6.61,592.074,20.42238527
NEMLTCRS,NEMLTCRS_407M,NEMLTCRS_ROT12,Zea mays (Corn),3566.43,16590.54,1998,Conventional Till,None,No,74,11,179.996,NA,NA,0,7.5,NA,4.86,592.074,20.42238527
NEMLTCRS,NEMLTCRS_407S,NEMLTCRS_ROT11,Zea mays (Corn),3315,15609.86,1998,Conventional Till,None,No,74,11,89.998,NA,NA,0,7.5,NA,5.95,592.074,20.42238527
NEMLTCRS,NEMLTCRS_408N,NEMLTCRS_ROT62,Glycine max (Soybean),1827.21,7318.79,1998,Conventional Till,None,No,74,11,67.184,NA,NA,0,7.5,NA,5.44,592.074,20.42238527
NEMLTCRS,NEMLTCRS_408M,NEMLTCRS_ROT60,Glycine max (Soybean),1705.05,6498.58,1998,Conventional Till,None,No,74,11,0,NA,NA,0,7.5,NA,6.71,592.074,20.42238527
NEMLTCRS,NEMLTCRS_408S,NEMLTCRS_ROT61,Glycine max (Soybean),1715.2,7290.12,1998,Conventional Till,None,No,74,11,33.592,NA,NA,0,7.5,NA,6.2,592.074,20.42238527
NEMLTCRS,NEMLTCRS_410N,NEMLTCRS_ROT60,Zea mays (Corn),2181.6,11574.88,1998,Conventional Till,None,No,74,11,0,NA,NA,0,7.5,NA,6.86,592.074,20.42238527
NEMLTCRS,NEMLTCRS_410M,NEMLTCRS_ROT62,Zea mays (Corn),3649.5,16324.31,1998,Conventional Till,None,No,74,11,179.996,NA,NA,0,7.5,NA,6.13,592.074,20.42238527
NEMLTCRS,NEMLTCRS_410S,NEMLTCRS_ROT61,Zea mays (Corn),4255.72,19006.04,1998,Conventional Till,None,No,74,11,89.998,NA,NA,0,7.5,NA,6.48,592.074,20.42238527
NEMLTCRS,NEMLTCRS_411N,NEMLTCRS_ROT22,Glycine max (Soybean),1659.28,6372.4,1998,Conventional Till,None,No,74,11,67.184,NA,NA,0,7.5,NA,6.7,592.074,20.42238527
NEMLTCRS,NEMLTCRS_411M,NEMLTCRS_ROT20,Glycine max (Soybean),1766.56,6647.71,1998,Conventional Till,None,No,74,11,0,NA,NA,0,7.5,NA,7.08,592.074,20.42238527
NEMLTCRS,NEMLTCRS_411S,NEMLTCRS_ROT21,Glycine max (Soybean),1639.66,6756.69,1998,Conventional Till,None,No,74,11,33.592,NA,NA,0,7.5,NA,6.95,592.074,20.42238527
NEMLTCRS,NEMLTCRS_413N,NEMLTCRS_ROT51,Glycine max (Soybean),1478.83,6366.66,1998,Conventional Till,None,No,74,11,33.592,NA,NA,0,7.5,NA,6.49,592.074,20.42238527
NEMLTCRS,NEMLTCRS_413M,NEMLTCRS_ROT52,Glycine max (Soybean),1682.75,7387.62,1998,Conventional Till,None,No,74,11,67.184,NA,NA,0,7.5,NA,5.84,592.074,20.42238527
NEMLTCRS,NEMLTCRS_413S,NEMLTCRS_ROT50,Glycine max (Soybean),1545.45,6527.26,1998,Conventional Till,None,No,74,11,0,NA,NA,0,7.5,NA,6.75,592.074,20.42238527
NEMLTCRS,NEMLTCRS_414N,NEMLTCRS_ROT41,Zea mays (Corn),3176.4,15184.88,1998,Conventional Till,None,No,74,11,89.998,NA,NA,0,7.5,NA,6.64,592.074,20.42238527
NEMLTCRS,NEMLTCRS_414M,NEMLTCRS_ROT42,Zea mays (Corn),3120.74,15101.99,1998,Conventional Till,None,No,74,11,179.996,NA,NA,0,7.5,NA,6.24,592.074,20.42238527
NEMLTCRS,NEMLTCRS_414S,NEMLTCRS_ROT40,Zea mays (Corn),2872.29,14209.92,1998,Conventional Till,None,No,74,11,0,NA,NA,0,7.5,NA,6.83,592.074,20.42238527
NEMLTCRS,NEMLTCRS_501N,NEMLTCRS_ROT71,Zea mays (Corn),3956.59,19287.09,1998,Conventional Till,None,No,74,11,89.998,NA,NA,0,7.5,NA,6.15,592.074,20.42238527
NEMLTCRS,NEMLTCRS_501M,NEMLTCRS_ROT72,Zea mays (Corn),2876.3,14587.98,1998,Conventional Till,None,No,74,11,179.996,NA,NA,0,7.5,NA,5.51,592.074,20.42238527
NEMLTCRS,NEMLTCRS_501S,NEMLTCRS_ROT70,Zea mays (Corn),3188.29,15980.97,1998,Conventional Till,None,No,74,11,0,NA,NA,0,7.5,NA,6.33,592.074,20.42238527
NEMLTCRS,NEMLTCRS_503N,NEMLTCRS_ROT40,Zea mays (Corn),2410.59,12609.94,1998,Conventional Till,None,No,74,11,0,NA,NA,0,7.5,NA,7.05,592.074,20.42238527
NEMLTCRS,NEMLTCRS_503M,NEMLTCRS_ROT42,Zea mays (Corn),3237.7,15503.97,1998,Conventional Till,None,No,74,11,179.996,NA,NA,0,7.5,NA,6.24,592.074,20.42238527
NEMLTCRS,NEMLTCRS_503S,NEMLTCRS_ROT41,Zea mays (Corn),3668.5,16862.1,1998,Conventional Till,None,No,74,11,89.998,NA,NA,0,7.5,NA,6.42,592.074,20.42238527
NEMLTCRS,NEMLTCRS_504N,NEMLTCRS_ROT72,Glycine max (Soybean),1883.33,7416.3,1998,Conventional Till,None,No,74,11,67.184,NA,NA,0,7.5,NA,5.63,592.074,20.42238527
NEMLTCRS,NEMLTCRS_504M,NEMLTCRS_ROT71,Glycine max (Soybean),1635.75,6791.11,1998,Conventional Till,None,No,74,11,33.592,NA,NA,0,7.5,NA,6.24,592.074,20.42238527
NEMLTCRS,NEMLTCRS_504S,NEMLTCRS_ROT70,Glycine max (Soybean),1667.79,7026.27,1998,Conventional Till,None,No,74,11,0,NA,NA,0,7.5,NA,6.55,592.074,20.42238527
NEMLTCRS,NEMLTCRS_506N,NEMLTCRS_ROT60,Zea mays (Corn),3129.04,15944.65,1998,Conventional Till,None,No,74,11,0,NA,NA,0,7.5,NA,6.81,592.074,20.42238527
NEMLTCRS,NEMLTCRS_506M,NEMLTCRS_ROT62,Zea mays (Corn),4039.63,18477.38,1998,Conventional Till,None,No,74,11,179.996,NA,NA,0,7.5,NA,6.14,592.074,20.42238527
NEMLTCRS,NEMLTCRS_506S,NEMLTCRS_ROT61,Zea mays (Corn),3877.6,18766.45,1998,Conventional Till,None,No,74,11,89.998,NA,NA,0,7.5,NA,6.28,592.074,20.42238527
NEMLTCRS,NEMLTCRS_507N,NEMLTCRS_ROT12,Zea mays (Corn),2930.43,14328.62,1998,Conventional Till,None,No,74,11,179.996,NA,NA,0,7.5,NA,5.19,592.074,20.42238527
NEMLTCRS,NEMLTCRS_507M,NEMLTCRS_ROT11,Zea mays (Corn),1529.81,9759.58,1998,Conventional Till,None,No,74,11,89.998,NA,NA,0,7.5,NA,6.24,592.074,20.42238527
NEMLTCRS,NEMLTCRS_507S,NEMLTCRS_ROT10,Zea mays (Corn),394.42,4188.95,1998,Conventional Till,None,No,74,11,0,NA,NA,0,7.5,NA,6.68,592.074,20.42238527
NEMLTCRS,NEMLTCRS_510N,NEMLTCRS_ROT21,Glycine max (Soybean),1728.21,6251.95,1998,Conventional Till,None,No,74,11,33.592,NA,NA,0,7.5,NA,6.84,592.074,20.42238527
NEMLTCRS,NEMLTCRS_510M,NEMLTCRS_ROT20,Glycine max (Soybean),1678.88,6492.85,1998,Conventional Till,None,No,74,11,0,NA,NA,0,7.5,NA,6.92,592.074,20.42238527
NEMLTCRS,NEMLTCRS_510S,NEMLTCRS_ROT22,Glycine max (Soybean),1835.65,7169.67,1998,Conventional Till,None,No,74,11,67.184,NA,NA,0,7.5,NA,6.82,592.074,20.42238527
NEMLTCRS,NEMLTCRS_512N,NEMLTCRS_ROT40,Glycine max (Soybean),1673.95,6424.02,1998,Conventional Till,None,No,74,11,0,NA,NA,0,7.5,NA,6.71,592.074,20.42238527
NEMLTCRS,NEMLTCRS_512M,NEMLTCRS_ROT41,Glycine max (Soybean),1794.92,6986.12,1998,Conventional Till,None,No,74,11,33.592,NA,NA,0,7.5,NA,6.41,592.074,20.42238527
NEMLTCRS,NEMLTCRS_512S,NEMLTCRS_ROT42,Glycine max (Soybean),1710.92,6923.03,1998,Conventional Till,None,No,74,11,67.184,NA,NA,0,7.5,NA,5.77,592.074,20.42238527
NEMLTCRS,NEMLTCRS_514N,NEMLTCRS_ROT52,Glycine max (Soybean),1424.77,5730,1998,Conventional Till,None,No,74,11,67.184,NA,NA,0,7.5,NA,6.28,592.074,20.42238527
NEMLTCRS,NEMLTCRS_514M,NEMLTCRS_ROT50,Glycine max (Soybean),1598.97,5861.92,1998,Conventional Till,None,No,74,11,0,NA,NA,0,7.5,NA,6.94,592.074,20.42238527
NEMLTCRS,NEMLTCRS_514S,NEMLTCRS_ROT51,Glycine max (Soybean),1612.67,5919.28,1998,Conventional Till,None,No,74,11,33.592,NA,NA,0,7.5,NA,6.52,592.074,20.42238527
NEMLTCRS,NEMLTCRS_515N,NEMLTCRS_ROT60,Glycine max (Soybean),1859.59,7737.5,1998,Conventional Till,None,No,74,11,0,NA,NA,0,7.5,NA,6.51,592.074,20.42238527
NEMLTCRS,NEMLTCRS_515M,NEMLTCRS_ROT62,Glycine max (Soybean),1993.13,7668.67,1998,Conventional Till,None,No,74,11,67.184,NA,NA,0,7.5,NA,5.86,592.074,20.42238527
NEMLTCRS,NEMLTCRS_515S,NEMLTCRS_ROT61,Glycine max (Soybean),1998.62,8007.08,1998,Conventional Till,None,No,74,11,33.592,NA,NA,0,7.5,NA,6.02,592.074,20.42238527
NEMLTCRS,NEMLTCRS_101N,NEMLTCRS_ROT52,Glycine max (Soybean),1186.78,6596.09,1999,Conventional Till,None,No,74,11,67.184,NA,NA,0,7.5,NA,5.98,588.01,19.08434632
NEMLTCRS,NEMLTCRS_101M,NEMLTCRS_ROT51,Glycine max (Soybean),1276.97,6957.44,1999,Conventional Till,None,No,74,11,33.592,NA,NA,0,7.5,NA,6.39,588.01,19.08434632
NEMLTCRS,NEMLTCRS_101S,NEMLTCRS_ROT50,Glycine max (Soybean),1359.78,7261.44,1999,Conventional Till,None,No,74,11,0,NA,NA,0,7.5,NA,6.8,588.01,19.08434632
NEMLTCRS,NEMLTCRS_102N,NEMLTCRS_ROT42,Glycine max (Soybean),1623.14,8408.58,1999,Conventional Till,None,No,74,11,67.184,NA,NA,0,7.5,NA,6.23,588.01,19.08434632
NEMLTCRS,NEMLTCRS_102M,NEMLTCRS_ROT40,Glycine max (Soybean),1575.75,8001.35,1999,Conventional Till,None,No,74,11,0,NA,NA,0,7.5,NA,6.97,588.01,19.08434632
NEMLTCRS,NEMLTCRS_102S,NEMLTCRS_ROT41,Glycine max (Soybean),1624.88,8580.66,1999,Conventional Till,None,No,74,11,33.592,NA,NA,0,7.5,NA,6.66,588.01,19.08434632
NEMLTCRS,NEMLTCRS_104N,NEMLTCRS_ROT71,Glycine max (Soybean),1381.65,7961.2,1999,Conventional Till,None,No,74,11,0,NA,NA,0,7.5,NA,6.2,588.01,19.08434632
NEMLTCRS,NEMLTCRS_104M,NEMLTCRS_ROT72,Glycine max (Soybean),1648.87,8580.66,1999,Conventional Till,None,No,74,11,67.184,NA,NA,0,7.5,NA,5.98,588.01,19.08434632
NEMLTCRS,NEMLTCRS_104S,NEMLTCRS_ROT70,Glycine max (Soybean),1412.32,8007.08,1999,Conventional Till,None,No,74,11,33.592,NA,NA,0,7.5,NA,6.79,588.01,19.08434632
NEMLTCRS,NEMLTCRS_105N,NEMLTCRS_ROT72,Zea mays (Corn),4235.73,18352.68,1999,Conventional Till,None,No,74,11,179.996,NA,NA,0,7.5,NA,5.71,588.01,19.08434632
NEMLTCRS,NEMLTCRS_105M,NEMLTCRS_ROT70,Zea mays (Corn),3140.76,14903.41,1999,Conventional Till,None,No,74,11,0,NA,NA,0,7.5,NA,6.83,588.01,19.08434632
NEMLTCRS,NEMLTCRS_105S,NEMLTCRS_ROT71,Zea mays (Corn),3645.71,15730.08,1999,Conventional Till,None,No,74,11,89.998,NA,NA,0,7.5,NA,6.37,588.01,19.08434632
NEMLTCRS,NEMLTCRS_107N,NEMLTCRS_ROT20,Glycine max (Soybean),1428.64,6888.61,1999,Conventional Till,None,No,74,11,0,NA,NA,0,7.5,NA,6.51,588.01,19.08434632
NEMLTCRS,NEMLTCRS_107M,NEMLTCRS_ROT22,Glycine max (Soybean),1247.39,6733.75,1999,Conventional Till,None,No,74,11,67.184,NA,NA,0,7.5,NA,6.31,588.01,19.08434632
NEMLTCRS,NEMLTCRS_107S,NEMLTCRS_ROT21,Glycine max (Soybean),1347.95,6779.64,1999,Conventional Till,None,No,74,11,33.592,NA,NA,0,7.5,NA,6.46,588.01,19.08434632
NEMLTCRS,NEMLTCRS_108N,NEMLTCRS_ROT41,Zea mays (Corn),3993.73,17974.47,1999,Conventional Till,None,No,74,11,89.998,NA,NA,0,7.5,NA,6.04,588.01,19.08434632
NEMLTCRS,NEMLTCRS_108M,NEMLTCRS_ROT40,Zea mays (Corn),2854.88,13886.97,1999,Conventional Till,None,No,74,11,0,NA,NA,0,7.5,NA,6.6,588.01,19.08434632
NEMLTCRS,NEMLTCRS_108S,NEMLTCRS_ROT42,Zea mays (Corn),4271.29,20240.88,1999,Conventional Till,None,No,74,11,179.996,NA,NA,0,7.5,NA,5.62,588.01,19.08434632
NEMLTCRS,NEMLTCRS_112N,NEMLTCRS_ROT60,Glycine max (Soybean),1167.85,6693.6,1999,Conventional Till,None,No,74,11,0,NA,NA,0,7.5,NA,6.67,588.01,19.08434632
NEMLTCRS,NEMLTCRS_112M,NEMLTCRS_ROT62,Glycine max (Soybean),1534.23,10416.09,1999,Conventional Till,None,No,74,11,67.184,NA,NA,0,7.5,NA,6.01,588.01,19.08434632
NEMLTCRS,NEMLTCRS_112S,NEMLTCRS_ROT61,Glycine max (Soybean),1386.94,7462.19,1999,Conventional Till,None,No,74,11,33.592,NA,NA,0,7.5,NA,6.53,588.01,19.08434632
NEMLTCRS,NEMLTCRS_113N,NEMLTCRS_ROT62,Zea mays (Corn),3860.23,17132.04,1999,Conventional Till,None,No,74,11,179.996,NA,NA,0,7.5,NA,5.34,588.01,19.08434632
NEMLTCRS,NEMLTCRS_113M,NEMLTCRS_ROT60,Zea mays (Corn),3088.68,14196.77,1999,Conventional Till,None,No,74,11,0,NA,NA,0,7.5,NA,6.99,588.01,19.08434632
NEMLTCRS,NEMLTCRS_113S,NEMLTCRS_ROT61,Zea mays (Corn),3722.09,17104.16,1999,Conventional Till,None,No,74,11,89.998,NA,NA,0,7.5,NA,6.55,588.01,19.08434632
NEMLTCRS,NEMLTCRS_115N,NEMLTCRS_ROT12,Zea mays (Corn),3185.54,13999.58,1999,Conventional Till,None,No,74,11,179.996,NA,NA,0,7.5,NA,4.72,588.01,19.08434632
NEMLTCRS,NEMLTCRS_115M,NEMLTCRS_ROT11,Zea mays (Corn),3758.76,16256.61,1999,Conventional Till,None,No,74,11,0,NA,NA,0,7.5,NA,6.11,588.01,19.08434632
NEMLTCRS,NEMLTCRS_115S,NEMLTCRS_ROT10,Zea mays (Corn),1482.97,7958.31,1999,Conventional Till,None,No,74,11,89.998,NA,NA,0,7.5,NA,6.91,588.01,19.08434632
NEMLTCRS,NEMLTCRS_201N,NEMLTCRS_ROT40,Zea mays (Corn),2507.56,11377.05,1999,Conventional Till,None,No,74,11,0,NA,NA,0,7.5,NA,7.35,588.01,19.08434632
NEMLTCRS,NEMLTCRS_201M,NEMLTCRS_ROT41,Zea mays (Corn),3797.35,16928.05,1999,Conventional Till,None,No,74,11,89.998,NA,NA,0,7.5,NA,6.87,588.01,19.08434632
NEMLTCRS,NEMLTCRS_201S,NEMLTCRS_ROT42,Zea mays (Corn),3632.65,15502.46,1999,Conventional Till,None,No,74,11,179.996,NA,NA,0,7.5,NA,6.06,588.01,19.08434632
NEMLTCRS,NEMLTCRS_205N,NEMLTCRS_ROT62,Glycine max (Soybean),1455.84,8804.35,1999,Conventional Till,None,No,74,11,67.184,NA,NA,0,7.5,NA,5.92,588.01,19.08434632
NEMLTCRS,NEMLTCRS_205M,NEMLTCRS_ROT61,Glycine max (Soybean),1650.8,8437.26,1999,Conventional Till,None,No,74,11,33.592,NA,NA,0,7.5,NA,6.45,588.01,19.08434632
NEMLTCRS,NEMLTCRS_205S,NEMLTCRS_ROT60,Glycine max (Soybean),1438.72,7835.01,1999,Conventional Till,None,No,74,11,0,NA,NA,0,7.5,NA,6.78,588.01,19.08434632
NEMLTCRS,NEMLTCRS_206N,NEMLTCRS_ROT61,Zea mays (Corn),4183.8,20082,1999,Conventional Till,None,No,74,11,89.998,NA,NA,0,7.5,NA,6.47,588.01,19.08434632
NEMLTCRS,NEMLTCRS_206M,NEMLTCRS_ROT60,Zea mays (Corn),3804.67,17260.74,1999,Conventional Till,None,No,74,11,0,NA,NA,0,7.5,NA,6.97,588.01,19.08434632
NEMLTCRS,NEMLTCRS_206S,NEMLTCRS_ROT62,Zea mays (Corn),4085.86,18232.3,1999,Conventional Till,None,No,74,11,179.996,NA,NA,0,7.5,NA,5.5,588.01,19.08434632
NEMLTCRS,NEMLTCRS_208N,NEMLTCRS_ROT12,Zea mays (Corn),3437.31,14356.77,1999,Conventional Till,None,No,74,11,179.996,NA,NA,0,7.5,NA,5.34,588.01,19.08434632
NEMLTCRS,NEMLTCRS_208M,NEMLTCRS_ROT10,Zea mays (Corn),1382.14,7275.31,1999,Conventional Till,None,No,74,11,0,NA,NA,0,7.5,NA,6.94,588.01,19.08434632
NEMLTCRS,NEMLTCRS_208S,NEMLTCRS_ROT11,Zea mays (Corn),3082.45,13634.58,1999,Conventional Till,None,No,74,11,89.998,NA,NA,0,7.5,NA,6.08,588.01,19.08434632
NEMLTCRS,NEMLTCRS_209N,NEMLTCRS_ROT50,Glycine max (Soybean),1396.32,7416.3,1999,Conventional Till,None,No,74,11,0,NA,NA,0,7.5,NA,7.02,588.01,19.08434632
NEMLTCRS,NEMLTCRS_209M,NEMLTCRS_ROT52,Glycine max (Soybean),1591.16,8242.25,1999,Conventional Till,None,No,74,11,67.184,NA,NA,0,7.5,NA,6.45,588.01,19.08434632
NEMLTCRS,NEMLTCRS_209S,NEMLTCRS_ROT51,Glycine max (Soybean),1554.42,9211.59,1999,Conventional Till,None,No,74,11,33.592,NA,NA,0,7.5,NA,6.69,588.01,19.08434632
NEMLTCRS,NEMLTCRS_210N,NEMLTCRS_ROT41,Glycine max (Soybean),1352.79,8999.36,1999,Conventional Till,None,No,74,11,33.592,NA,NA,0,7.5,NA,6.91,588.01,19.08434632
NEMLTCRS,NEMLTCRS_210M,NEMLTCRS_ROT40,Glycine max (Soybean),1611.68,8574.92,1999,Conventional Till,None,No,74,11,0,NA,NA,0,7.5,NA,7.17,588.01,19.08434632
NEMLTCRS,NEMLTCRS_210S,NEMLTCRS_ROT42,Glycine max (Soybean),1115.8,7903.84,1999,Conventional Till,None,No,74,11,67.184,NA,NA,0,7.5,NA,6.26,588.01,19.08434632
NEMLTCRS,NEMLTCRS_212N,NEMLTCRS_ROT71,Glycine max (Soybean),1363.81,9188.64,1999,Conventional Till,None,No,74,11,33.592,NA,NA,0,7.5,NA,6.73,588.01,19.08434632
NEMLTCRS,NEMLTCRS_212M,NEMLTCRS_ROT70,Glycine max (Soybean),1494.94,8781.41,1999,Conventional Till,None,No,74,11,0,NA,NA,0,7.5,NA,7.07,588.01,19.08434632
NEMLTCRS,NEMLTCRS_212S,NEMLTCRS_ROT72,Glycine max (Soybean),1454.63,8769.93,1999,Conventional Till,None,No,74,11,67.184,NA,NA,0,7.5,NA,5.73,588.01,19.08434632
NEMLTCRS,NEMLTCRS_213N,NEMLTCRS_ROT70,Zea mays (Corn),2193.43,10751.67,1999,Conventional Till,None,No,74,11,0,NA,NA,0,7.5,NA,6.82,588.01,19.08434632
NEMLTCRS,NEMLTCRS_213M,NEMLTCRS_ROT71,Zea mays (Corn),3103.89,14632.78,1999,Conventional Till,None,No,74,11,89.998,NA,NA,0,7.5,NA,6.56,588.01,19.08434632
NEMLTCRS,NEMLTCRS_213S,NEMLTCRS_ROT72,Zea mays (Corn),3307.21,16350.87,1999,Conventional Till,None,No,74,11,179.996,NA,NA,0,7.5,NA,5.9,588.01,19.08434632
NEMLTCRS,NEMLTCRS_215N,NEMLTCRS_ROT22,Glycine max (Soybean),1340.89,7238.49,1999,Conventional Till,None,No,74,11,67.184,NA,NA,0,7.5,NA,6.26,588.01,19.08434632
NEMLTCRS,NEMLTCRS_215M,NEMLTCRS_ROT21,Glycine max (Soybean),1507.13,8139,1999,Conventional Till,None,No,74,11,33.592,NA,NA,0,7.5,NA,6.67,588.01,19.08434632
NEMLTCRS,NEMLTCRS_215S,NEMLTCRS_ROT20,Glycine max (Soybean),1371.53,6877.14,1999,Conventional Till,None,No,74,11,0,NA,NA,0,7.5,NA,6.84,588.01,19.08434632
NEMLTCRS,NEMLTCRS_301N,NEMLTCRS_ROT71,Glycine max (Soybean),1522.24,7995.61,1999,Conventional Till,None,No,74,11,33.592,NA,NA,0,7.5,NA,6.46,588.01,19.08434632
NEMLTCRS,NEMLTCRS_301M,NEMLTCRS_ROT72,Glycine max (Soybean),1502.65,7898.1,1999,Conventional Till,None,No,74,11,67.184,NA,NA,0,7.5,NA,5.84,588.01,19.08434632
NEMLTCRS,NEMLTCRS_301S,NEMLTCRS_ROT70,Glycine max (Soybean),1497.7,7766.18,1999,Conventional Till,None,No,74,11,0,NA,NA,0,7.5,NA,6.64,588.01,19.08434632
NEMLTCRS,NEMLTCRS_302N,NEMLTCRS_ROT72,Zea mays (Corn),3650.89,17209.04,1999,Conventional Till,None,No,74,11,179.996,NA,NA,0,7.5,NA,6.27,588.01,19.08434632
NEMLTCRS,NEMLTCRS_302M,NEMLTCRS_ROT70,Zea mays (Corn),2544.11,12376.15,1999,Conventional Till,None,No,74,11,0,NA,NA,0,7.5,NA,7.02,588.01,19.08434632
NEMLTCRS,NEMLTCRS_302S,NEMLTCRS_ROT71,Zea mays (Corn),3480.73,15164.25,1999,Conventional Till,None,No,74,11,89.998,NA,NA,0,7.5,NA,6.68,588.01,19.08434632
NEMLTCRS,NEMLTCRS_304N,NEMLTCRS_ROT22,Glycine max (Soybean),1285.9,6429.76,1999,Conventional Till,None,No,74,11,67.184,NA,NA,0,7.5,NA,6.34,588.01,19.08434632
NEMLTCRS,NEMLTCRS_304M,NEMLTCRS_ROT21,Glycine max (Soybean),1255.47,6125.76,1999,Conventional Till,None,No,74,11,33.592,NA,NA,0,7.5,NA,6.61,588.01,19.08434632
NEMLTCRS,NEMLTCRS_304S,NEMLTCRS_ROT20,Glycine max (Soybean),1162.55,5311.29,1999,Conventional Till,None,No,74,11,0,NA,NA,0,7.5,NA,6.59,588.01,19.08434632
NEMLTCRS,NEMLTCRS_305N,NEMLTCRS_ROT41,Zea mays (Corn),3843.67,17307.5,1999,Conventional Till,None,No,74,11,89.998,NA,NA,0,7.5,NA,6.17,588.01,19.08434632
NEMLTCRS,NEMLTCRS_305M,NEMLTCRS_ROT40,Zea mays (Corn),2630.45,12191.59,1999,Conventional Till,None,No,74,11,0,NA,NA,0,7.5,NA,6.67,588.01,19.08434632
NEMLTCRS,NEMLTCRS_305S,NEMLTCRS_ROT42,Zea mays (Corn),4471.81,20507.8,1999,Conventional Till,None,No,74,11,179.996,NA,NA,0,7.5,NA,5.56,588.01,19.08434632
NEMLTCRS,NEMLTCRS_309N,NEMLTCRS_ROT62,Glycine max (Soybean),1522.27,8930.53,1999,Conventional Till,None,No,74,11,67.184,NA,NA,0,7.5,NA,6.12,588.01,19.08434632
NEMLTCRS,NEMLTCRS_309M,NEMLTCRS_ROT60,Glycine max (Soybean),1296.33,7129.51,1999,Conventional Till,None,No,74,11,0,NA,NA,0,7.5,NA,6.9,588.01,19.08434632
NEMLTCRS,NEMLTCRS_309S,NEMLTCRS_ROT61,Glycine max (Soybean),1423.25,8190.63,1999,Conventional Till,None,No,74,11,33.592,NA,NA,0,7.5,NA,6.69,588.01,19.08434632
NEMLTCRS,NEMLTCRS_310N,NEMLTCRS_ROT62,Zea mays (Corn),3418.65,15282.16,1999,Conventional Till,None,No,74,11,179.996,NA,NA,0,7.5,NA,5.62,588.01,19.08434632
NEMLTCRS,NEMLTCRS_310M,NEMLTCRS_ROT60,Zea mays (Corn),3425.77,14748.05,1999,Conventional Till,None,No,74,11,0,NA,NA,0,7.5,NA,6.96,588.01,19.08434632
NEMLTCRS,NEMLTCRS_310S,NEMLTCRS_ROT61,Zea mays (Corn),3636,15958.35,1999,Conventional Till,None,No,74,11,89.998,NA,NA,0,7.5,NA,6.54,588.01,19.08434632
NEMLTCRS,NEMLTCRS_312N,NEMLTCRS_ROT10,Zea mays (Corn),1504.67,6639.64,1999,Conventional Till,None,No,74,11,0,NA,NA,0,7.5,NA,6.72,588.01,19.08434632
NEMLTCRS,NEMLTCRS_312M,NEMLTCRS_ROT11,Zea mays (Corn),3049.32,12583.47,1999,Conventional Till,None,No,74,11,89.998,NA,NA,0,7.5,NA,6.11,588.01,19.08434632
NEMLTCRS,NEMLTCRS_312S,NEMLTCRS_ROT12,Zea mays (Corn),4343.85,18115.85,1999,Conventional Till,None,No,74,11,179.996,NA,NA,0,7.5,NA,5.17,588.01,19.08434632
NEMLTCRS,NEMLTCRS_313N,NEMLTCRS_ROT51,Glycine max (Soybean),1480.92,9314.83,1999,Conventional Till,None,No,74,11,33.592,NA,NA,0,7.5,NA,6.39,588.01,19.08434632
NEMLTCRS,NEMLTCRS_313M,NEMLTCRS_ROT52,Glycine max (Soybean),1504.05,7571.17,1999,Conventional Till,None,No,74,11,67.184,NA,NA,0,7.5,NA,5.76,588.01,19.08434632
NEMLTCRS,NEMLTCRS_313S,NEMLTCRS_ROT50,Glycine max (Soybean),1296.49,7227.02,1999,Conventional Till,None,No,74,11,0,NA,NA,0,7.5,NA,6.75,588.01,19.08434632
NEMLTCRS,NEMLTCRS_314N,NEMLTCRS_ROT41,Glycine max (Soybean),1243.73,6607.56,1999,Conventional Till,None,No,74,11,33.592,NA,NA,0,7.5,NA,6.6,588.01,19.08434632
NEMLTCRS,NEMLTCRS_314M,NEMLTCRS_ROT42,Glycine max (Soybean),1448.24,10054.74,1999,Conventional Till,None,No,74,11,67.184,NA,NA,0,7.5,NA,6.21,588.01,19.08434632
NEMLTCRS,NEMLTCRS_314S,NEMLTCRS_ROT40,Glycine max (Soybean),1531.07,8638.01,1999,Conventional Till,None,No,74,11,0,NA,NA,0,7.5,NA,6.92,588.01,19.08434632
NEMLTCRS,NEMLTCRS_401N,NEMLTCRS_ROT41,Zea mays (Corn),3709.72,17906.57,1999,Conventional Till,None,No,74,11,89.998,NA,NA,0,7.5,NA,6.08,588.01,19.08434632
NEMLTCRS,NEMLTCRS_401M,NEMLTCRS_ROT42,Zea mays (Corn),3722.44,16287.47,1999,Conventional Till,None,No,74,11,179.996,NA,NA,0,7.5,NA,5.49,588.01,19.08434632
NEMLTCRS,NEMLTCRS_401S,NEMLTCRS_ROT40,Zea mays (Corn),3322.53,16629.01,1999,Conventional Till,None,No,74,11,0,NA,NA,0,7.5,NA,6.45,588.01,19.08434632
NEMLTCRS,NEMLTCRS_402N,NEMLTCRS_ROT61,Glycine max (Soybean),1536.07,8116.06,1999,Conventional Till,None,No,74,11,33.592,NA,NA,0,7.5,NA,6.59,588.01,19.08434632
NEMLTCRS,NEMLTCRS_402M,NEMLTCRS_ROT60,Glycine max (Soybean),1703.67,8322.55,1999,Conventional Till,None,No,74,11,0,NA,NA,0,7.5,NA,6.76,588.01,19.08434632
NEMLTCRS,NEMLTCRS_402S,NEMLTCRS_ROT62,Glycine max (Soybean),1576.2,8523.3,1999,Conventional Till,None,No,74,11,67.184,NA,NA,0,7.5,NA,6.12,588.01,19.08434632
NEMLTCRS,NEMLTCRS_403N,NEMLTCRS_ROT72,Glycine max (Soybean),1540.5,8443,1999,Conventional Till,None,No,74,11,67.184,NA,NA,0,7.5,NA,6.17,588.01,19.08434632
NEMLTCRS,NEMLTCRS_403M,NEMLTCRS_ROT70,Glycine max (Soybean),1912.42,9796.63,1999,Conventional Till,None,No,74,11,0,NA,NA,0,7.5,NA,6.85,588.01,19.08434632
NEMLTCRS,NEMLTCRS_403S,NEMLTCRS_ROT71,Glycine max (Soybean),1617.45,8626.54,1999,Conventional Till,None,No,74,11,33.592,NA,NA,0,7.5,NA,6.57,588.01,19.08434632
NEMLTCRS,NEMLTCRS_407N,NEMLTCRS_ROT10,Zea mays (Corn),1261.55,6536.29,1999,Conventional Till,None,No,74,11,0,NA,NA,0,7.5,NA,6.61,588.01,19.08434632
NEMLTCRS,NEMLTCRS_407M,NEMLTCRS_ROT12,Zea mays (Corn),3378.95,14877.23,1999,Conventional Till,None,No,74,11,179.996,NA,NA,0,7.5,NA,4.86,588.01,19.08434632
NEMLTCRS,NEMLTCRS_407S,NEMLTCRS_ROT11,Zea mays (Corn),3491.44,15895.23,1999,Conventional Till,None,No,74,11,89.998,NA,NA,0,7.5,NA,5.95,588.01,19.08434632
NEMLTCRS,NEMLTCRS_408N,NEMLTCRS_ROT62,Zea mays (Corn),4205.82,19355.2,1999,Conventional Till,None,No,74,11,179.996,NA,NA,0,7.5,NA,5.44,588.01,19.08434632
NEMLTCRS,NEMLTCRS_408M,NEMLTCRS_ROT60,Zea mays (Corn),3525.17,15623.98,1999,Conventional Till,None,No,74,11,0,NA,NA,0,7.5,NA,6.71,588.01,19.08434632
NEMLTCRS,NEMLTCRS_408S,NEMLTCRS_ROT61,Zea mays (Corn),4128.94,18305.45,1999,Conventional Till,None,No,74,11,89.998,NA,NA,0,7.5,NA,6.2,588.01,19.08434632
NEMLTCRS,NEMLTCRS_409N,NEMLTCRS_ROT51,Glycine max (Soybean),941.2,4657.41,1999,Conventional Till,None,No,74,11,33.592,NA,NA,0,7.5,NA,6.6,588.01,19.08434632
NEMLTCRS,NEMLTCRS_409M,NEMLTCRS_ROT52,Glycine max (Soybean),1375.4,6923.03,1999,Conventional Till,None,No,74,11,67.184,NA,NA,0,7.5,NA,6.05,588.01,19.08434632
NEMLTCRS,NEMLTCRS_409S,NEMLTCRS_ROT50,Glycine max (Soybean),1482.43,8150.48,1999,Conventional Till,None,No,74,11,0,NA,NA,0,7.5,NA,6.86,588.01,19.08434632
NEMLTCRS,NEMLTCRS_411N,NEMLTCRS_ROT22,Glycine max (Soybean),1406.53,8270.93,1999,Conventional Till,None,No,74,11,67.184,NA,NA,0,7.5,NA,6.7,588.01,19.08434632
NEMLTCRS,NEMLTCRS_411M,NEMLTCRS_ROT20,Glycine max (Soybean),1367.83,6814.05,1999,Conventional Till,None,No,74,11,0,NA,NA,0,7.5,NA,7.08,588.01,19.08434632
NEMLTCRS,NEMLTCRS_411S,NEMLTCRS_ROT21,Glycine max (Soybean),1342.08,6877.14,1999,Conventional Till,None,No,74,11,33.592,NA,NA,0,7.5,NA,6.95,588.01,19.08434632
NEMLTCRS,NEMLTCRS_412N,NEMLTCRS_ROT70,Zea mays (Corn),3546.13,16168,1999,Conventional Till,None,No,74,11,0,NA,NA,0,7.5,NA,6.86,588.01,19.08434632
NEMLTCRS,NEMLTCRS_412M,NEMLTCRS_ROT71,Zea mays (Corn),4371.08,18314.4,1999,Conventional Till,None,No,74,11,89.998,NA,NA,0,7.5,NA,6.55,588.01,19.08434632
NEMLTCRS,NEMLTCRS_412S,NEMLTCRS_ROT72,Zea mays (Corn),4138.3,19550.62,1999,Conventional Till,None,No,74,11,179.996,NA,NA,0,7.5,NA,6.04,588.01,19.08434632
NEMLTCRS,NEMLTCRS_414N,NEMLTCRS_ROT41,Glycine max (Soybean),1402.73,6923.03,1999,Conventional Till,None,No,74,11,33.592,NA,NA,0,7.5,NA,6.64,588.01,19.08434632
NEMLTCRS,NEMLTCRS_414M,NEMLTCRS_ROT42,Glycine max (Soybean),1557.15,8976.42,1999,Conventional Till,None,No,74,11,67.184,NA,NA,0,7.5,NA,6.24,588.01,19.08434632
NEMLTCRS,NEMLTCRS_414S,NEMLTCRS_ROT40,Glycine max (Soybean),1411.89,6773.9,1999,Conventional Till,None,No,74,11,0,NA,NA,0,7.5,NA,6.83,588.01,19.08434632
NEMLTCRS,NEMLTCRS_501N,NEMLTCRS_ROT71,Glycine max (Soybean),1591.81,8769.93,1999,Conventional Till,None,No,74,11,33.592,NA,NA,0,7.5,NA,6.15,588.01,19.08434632
NEMLTCRS,NEMLTCRS_501M,NEMLTCRS_ROT72,Glycine max (Soybean),1483.46,8896.12,1999,Conventional Till,None,No,74,11,67.184,NA,NA,0,7.5,NA,5.51,588.01,19.08434632
NEMLTCRS,NEMLTCRS_501S,NEMLTCRS_ROT70,Glycine max (Soybean),1524.54,8867.44,1999,Conventional Till,None,No,74,11,0,NA,NA,0,7.5,NA,6.33,588.01,19.08434632
NEMLTCRS,NEMLTCRS_502N,NEMLTCRS_ROT62,Glycine max (Soybean),1714.06,9177.17,1999,Conventional Till,None,No,74,11,67.184,NA,NA,0,7.5,NA,6.66,588.01,19.08434632
NEMLTCRS,NEMLTCRS_502M,NEMLTCRS_ROT61,Glycine max (Soybean),1599.63,8735.52,1999,Conventional Till,None,No,74,11,33.592,NA,NA,0,7.5,NA,6.7,588.01,19.08434632
NEMLTCRS,NEMLTCRS_502S,NEMLTCRS_ROT60,Glycine max (Soybean),1701.78,8483.15,1999,Conventional Till,None,No,74,11,0,NA,NA,0,7.5,NA,6.18,588.01,19.08434632
NEMLTCRS,NEMLTCRS_503N,NEMLTCRS_ROT40,Glycine max (Soybean),1331.09,6492.85,1999,Conventional Till,None,No,74,11,0,NA,NA,0,7.5,NA,7.05,588.01,19.08434632
NEMLTCRS,NEMLTCRS_503M,NEMLTCRS_ROT42,Glycine max (Soybean),1319.97,7381.89,1999,Conventional Till,None,No,74,11,67.184,NA,NA,0,7.5,NA,6.24,588.01,19.08434632
NEMLTCRS,NEMLTCRS_503S,NEMLTCRS_ROT41,Glycine max (Soybean),1553.04,8385.64,1999,Conventional Till,None,No,74,11,33.592,NA,NA,0,7.5,NA,6.42,588.01,19.08434632
NEMLTCRS,NEMLTCRS_505N,NEMLTCRS_ROT71,Zea mays (Corn),3531.03,17390.06,1999,Conventional Till,None,No,74,11,89.998,NA,NA,0,7.5,NA,6.62,588.01,19.08434632
NEMLTCRS,NEMLTCRS_505M,NEMLTCRS_ROT70,Zea mays (Corn),2344.61,10745.76,1999,Conventional Till,None,No,74,11,0,NA,NA,0,7.5,NA,6.94,588.01,19.08434632
NEMLTCRS,NEMLTCRS_505S,NEMLTCRS_ROT72,Zea mays (Corn),3502.49,15825.22,1999,Conventional Till,None,No,74,11,179.996,NA,NA,0,7.5,NA,5.89,588.01,19.08434632
NEMLTCRS,NEMLTCRS_507N,NEMLTCRS_ROT12,Zea mays (Corn),3638.29,15008.61,1999,Conventional Till,None,No,74,11,179.996,NA,NA,0,7.5,NA,5.19,588.01,19.08434632
NEMLTCRS,NEMLTCRS_507M,NEMLTCRS_ROT11,Zea mays (Corn),3207.77,13415.51,1999,Conventional Till,None,No,74,11,89.998,NA,NA,0,7.5,NA,6.24,588.01,19.08434632
NEMLTCRS,NEMLTCRS_507S,NEMLTCRS_ROT10,Zea mays (Corn),1198.51,6320.43,1999,Conventional Till,None,No,74,11,0,NA,NA,0,7.5,NA,6.68,588.01,19.08434632
NEMLTCRS,NEMLTCRS_510N,NEMLTCRS_ROT21,Glycine max (Soybean),1303.39,7261.44,1999,Conventional Till,None,No,74,11,33.592,NA,NA,0,7.5,NA,6.84,588.01,19.08434632
NEMLTCRS,NEMLTCRS_510M,NEMLTCRS_ROT20,Glycine max (Soybean),1606.81,10490.65,1999,Conventional Till,None,No,74,11,0,NA,NA,0,7.5,NA,6.92,588.01,19.08434632
NEMLTCRS,NEMLTCRS_510S,NEMLTCRS_ROT22,Glycine max (Soybean),1376.59,7599.84,1999,Conventional Till,None,No,74,11,67.184,NA,NA,0,7.5,NA,6.82,588.01,19.08434632
NEMLTCRS,NEMLTCRS_511N,NEMLTCRS_ROT52,Glycine max (Soybean),1433.27,7961.2,1999,Conventional Till,None,No,74,11,67.184,NA,NA,0,7.5,NA,6.26,588.01,19.08434632
NEMLTCRS,NEMLTCRS_511M,NEMLTCRS_ROT51,Glycine max (Soybean),1278.31,7353.21,1999,Conventional Till,None,No,74,11,33.592,NA,NA,0,7.5,NA,6.61,588.01,19.08434632
NEMLTCRS,NEMLTCRS_511S,NEMLTCRS_ROT50,Glycine max (Soybean),1481.15,8477.41,1999,Conventional Till,None,No,74,11,0,NA,NA,0,7.5,NA,6.83,588.01,19.08434632
NEMLTCRS,NEMLTCRS_512N,NEMLTCRS_ROT40,Zea mays (Corn),2039.18,10787.29,1999,Conventional Till,None,No,74,11,0,NA,NA,0,7.5,NA,6.71,588.01,19.08434632
NEMLTCRS,NEMLTCRS_512M,NEMLTCRS_ROT41,Zea mays (Corn),3807.23,17068.89,1999,Conventional Till,None,No,74,11,89.998,NA,NA,0,7.5,NA,6.41,588.01,19.08434632
NEMLTCRS,NEMLTCRS_512S,NEMLTCRS_ROT42,Zea mays (Corn),4023.24,17460.4,1999,Conventional Till,None,No,74,11,179.996,NA,NA,0,7.5,NA,5.77,588.01,19.08434632
NEMLTCRS,NEMLTCRS_515N,NEMLTCRS_ROT60,Zea mays (Corn),3252.8,14361.13,1999,Conventional Till,None,No,74,11,0,NA,NA,0,7.5,NA,6.51,588.01,19.08434632
NEMLTCRS,NEMLTCRS_515M,NEMLTCRS_ROT62,Zea mays (Corn),4041.21,18721.12,1999,Conventional Till,None,No,74,11,179.996,NA,NA,0,7.5,NA,5.86,588.01,19.08434632
NEMLTCRS,NEMLTCRS_515S,NEMLTCRS_ROT61,Zea mays (Corn),4193.94,19022,1999,Conventional Till,None,No,74,11,89.998,NA,NA,0,7.5,NA,6.02,588.01,19.08434632
NEMLTCRS,NEMLTCRS_102N,NEMLTCRS_ROT42,Zea mays (Corn),2669.89,11279.55,2000,Conventional Till,None,No,74,11,179.996,NA,NA,0,7.5,NA,6.23,413.893,20.03619414
NEMLTCRS,NEMLTCRS_102M,NEMLTCRS_ROT40,Zea mays (Corn),2025.44,9354.57,2000,Conventional Till,None,No,74,11,0,NA,NA,0,7.5,NA,6.97,413.893,20.03619414
NEMLTCRS,NEMLTCRS_102S,NEMLTCRS_ROT41,Zea mays (Corn),2619.88,10168.59,2000,Conventional Till,None,No,74,11,89.998,NA,NA,0,7.5,NA,6.66,413.893,20.03619414
NEMLTCRS,NEMLTCRS_105N,NEMLTCRS_ROT72,Glycine max (Soybean),1578.79,10444.77,2000,Conventional Till,None,No,74,11,67.184,NA,NA,0,7.5,NA,5.71,413.893,20.03619414
NEMLTCRS,NEMLTCRS_105M,NEMLTCRS_ROT70,Glycine max (Soybean),1308.45,7943.99,2000,Conventional Till,None,No,74,11,0,NA,NA,0,7.5,NA,6.83,413.893,20.03619414
NEMLTCRS,NEMLTCRS_105S,NEMLTCRS_ROT71,Glycine max (Soybean),1427.85,10702.88,2000,Conventional Till,None,No,74,11,33.592,NA,NA,0,7.5,NA,6.37,413.893,20.03619414
NEMLTCRS,NEMLTCRS_106N,NEMLTCRS_ROT70,Zea mays (Corn),1492.69,6543.7,2000,Conventional Till,None,No,74,11,0,NA,NA,0,7.5,NA,6.28,413.893,20.03619414
NEMLTCRS,NEMLTCRS_106M,NEMLTCRS_ROT72,Zea mays (Corn),1465.6,6194.92,2000,Conventional Till,None,No,74,11,179.996,NA,NA,0,7.5,NA,5.57,413.893,20.03619414
NEMLTCRS,NEMLTCRS_106S,NEMLTCRS_ROT71,Zea mays (Corn),2244.11,9657.88,2000,Conventional Till,None,No,74,11,89.998,NA,NA,0,7.5,NA,6.29,413.893,20.03619414
NEMLTCRS,NEMLTCRS_107N,NEMLTCRS_ROT20,Glycine max (Soybean),885.6,4577.11,2000,Conventional Till,None,No,74,11,0,NA,NA,0,7.5,NA,6.51,413.893,20.03619414
NEMLTCRS,NEMLTCRS_107M,NEMLTCRS_ROT22,Glycine max (Soybean),912.91,4892.58,2000,Conventional Till,None,No,74,11,67.184,NA,NA,0,7.5,NA,6.31,413.893,20.03619414
NEMLTCRS,NEMLTCRS_107S,NEMLTCRS_ROT21,Glycine max (Soybean),1102.42,5167.89,2000,Conventional Till,None,No,74,11,33.592,NA,NA,0,7.5,NA,6.46,413.893,20.03619414
NEMLTCRS,NEMLTCRS_108N,NEMLTCRS_ROT41,Glycine max (Soybean),1352.17,6573.15,2000,Conventional Till,None,No,74,11,33.592,NA,NA,0,7.5,NA,6.04,413.893,20.03619414
NEMLTCRS,NEMLTCRS_108M,NEMLTCRS_ROT40,Glycine max (Soybean),1437,7955.46,2000,Conventional Till,None,No,74,11,0,NA,NA,0,7.5,NA,6.6,413.893,20.03619414
NEMLTCRS,NEMLTCRS_108S,NEMLTCRS_ROT42,Glycine max (Soybean),1405.98,7011.93,2000,Conventional Till,None,No,74,11,67.184,NA,NA,0,7.5,NA,5.62,413.893,20.03619414
NEMLTCRS,NEMLTCRS_110N,NEMLTCRS_ROT60,Glycine max (Soybean),1294.01,6378.13,2000,Conventional Till,None,No,74,11,0,NA,NA,0,7.5,NA,6.44,413.893,20.03619414
NEMLTCRS,NEMLTCRS_110M,NEMLTCRS_ROT62,Glycine max (Soybean),1578.14,7447.85,2000,Conventional Till,None,No,74,11,67.184,NA,NA,0,7.5,NA,6.2,413.893,20.03619414
NEMLTCRS,NEMLTCRS_110S,NEMLTCRS_ROT61,Glycine max (Soybean),1260.61,6859.94,2000,Conventional Till,None,No,74,11,33.592,NA,NA,0,7.5,NA,6.57,413.893,20.03619414
NEMLTCRS,NEMLTCRS_112N,NEMLTCRS_ROT60,Zea mays (Corn),2422.22,10261.08,2000,Conventional Till,None,No,74,11,0,NA,NA,0,7.5,NA,6.67,413.893,20.03619414
NEMLTCRS,NEMLTCRS_112M,NEMLTCRS_ROT62,Zea mays (Corn),2588.36,9968.33,2000,Conventional Till,None,No,74,11,179.996,NA,NA,0,7.5,NA,6.01,413.893,20.03619414
NEMLTCRS,NEMLTCRS_112S,NEMLTCRS_ROT61,Zea mays (Corn),1928.84,8970.65,2000,Conventional Till,None,No,74,11,89.998,NA,NA,0,7.5,NA,6.53,413.893,20.03619414
NEMLTCRS,NEMLTCRS_114N,NEMLTCRS_ROT52,Glycine max (Soybean),1597.49,7938.25,2000,Conventional Till,None,No,74,11,67.184,NA,NA,0,7.5,NA,5.87,413.893,20.03619414
NEMLTCRS,NEMLTCRS_114M,NEMLTCRS_ROT51,Glycine max (Soybean),1407.1,6882.88,2000,Conventional Till,None,No,74,11,33.592,NA,NA,0,7.5,NA,6.98,413.893,20.03619414
NEMLTCRS,NEMLTCRS_114S,NEMLTCRS_ROT50,Glycine max (Soybean),1354.63,6495.72,2000,Conventional Till,None,No,74,11,0,NA,NA,0,7.5,NA,7.32,413.893,20.03619414
NEMLTCRS,NEMLTCRS_115N,NEMLTCRS_ROT12,Zea mays (Corn),2396.52,8654.13,2000,Conventional Till,None,No,74,11,179.996,NA,NA,0,7.5,NA,4.72,413.893,20.03619414
NEMLTCRS,NEMLTCRS_115M,NEMLTCRS_ROT11,Zea mays (Corn),2157.53,9943.36,2000,Conventional Till,None,No,74,11,0,NA,NA,0,7.5,NA,6.11,413.893,20.03619414
NEMLTCRS,NEMLTCRS_115S,NEMLTCRS_ROT10,Zea mays (Corn),1124.46,4981.48,2000,Conventional Till,None,No,74,11,89.998,NA,NA,0,7.5,NA,6.91,413.893,20.03619414
NEMLTCRS,NEMLTCRS_201N,NEMLTCRS_ROT40,Glycine max (Soybean),1446.24,8193.49,2000,Conventional Till,None,No,74,11,0,NA,NA,0,7.5,NA,7.35,413.893,20.03619414
NEMLTCRS,NEMLTCRS_201M,NEMLTCRS_ROT41,Glycine max (Soybean),1261.88,6272.02,2000,Conventional Till,None,No,74,11,33.592,NA,NA,0,7.5,NA,6.87,413.893,20.03619414
NEMLTCRS,NEMLTCRS_201S,NEMLTCRS_ROT42,Glycine max (Soybean),1469.84,7812.07,2000,Conventional Till,None,No,74,11,67.184,NA,NA,0,7.5,NA,6.06,413.893,20.03619414
NEMLTCRS,NEMLTCRS_203N,NEMLTCRS_ROT62,Glycine max (Soybean),1478.37,7149.59,2000,Conventional Till,None,No,74,11,67.184,NA,NA,0,7.5,NA,6.35,413.893,20.03619414
NEMLTCRS,NEMLTCRS_203M,NEMLTCRS_ROT61,Glycine max (Soybean),1351.03,7502.34,2000,Conventional Till,None,No,74,11,33.592,NA,NA,0,7.5,NA,6.83,413.893,20.03619414
NEMLTCRS,NEMLTCRS_203S,NEMLTCRS_ROT60,Glycine max (Soybean),1279.5,6722.28,2000,Conventional Till,None,No,74,11,0,NA,NA,0,7.5,NA,7.21,413.893,20.03619414
NEMLTCRS,NEMLTCRS_205N,NEMLTCRS_ROT62,Zea mays (Corn),4140.57,16608.87,2000,Conventional Till,None,No,74,11,179.996,NA,NA,0,7.5,NA,5.92,413.893,20.03619414
NEMLTCRS,NEMLTCRS_205M,NEMLTCRS_ROT61,Zea mays (Corn),3035.01,12157.99,2000,Conventional Till,None,No,74,11,89.998,NA,NA,0,7.5,NA,6.45,413.893,20.03619414
NEMLTCRS,NEMLTCRS_205S,NEMLTCRS_ROT60,Zea mays (Corn),3062.37,12458.01,2000,Conventional Till,None,No,74,11,0,NA,NA,0,7.5,NA,6.78,413.893,20.03619414
NEMLTCRS,NEMLTCRS_207N,NEMLTCRS_ROT50,Glycine max (Soybean),1510.45,7482.26,2000,Conventional Till,None,No,74,11,0,NA,NA,0,7.5,NA,6.89,413.893,20.03619414
NEMLTCRS,NEMLTCRS_207M,NEMLTCRS_ROT51,Glycine max (Soybean),1431.22,7089.36,2000,Conventional Till,None,No,74,11,33.592,NA,NA,0,7.5,NA,6.42,413.893,20.03619414
NEMLTCRS,NEMLTCRS_207S,NEMLTCRS_ROT52,Glycine max (Soybean),1595.65,9028.04,2000,Conventional Till,None,No,74,11,67.184,NA,NA,0,7.5,NA,5.53,413.893,20.03619414
NEMLTCRS,NEMLTCRS_208N,NEMLTCRS_ROT12,Zea mays (Corn),2610.78,10376.84,2000,Conventional Till,None,No,74,11,179.996,NA,NA,0,7.5,NA,5.34,413.893,20.03619414
NEMLTCRS,NEMLTCRS_208M,NEMLTCRS_ROT10,Zea mays (Corn),1616.72,6860.58,2000,Conventional Till,None,No,74,11,0,NA,NA,0,7.5,NA,6.94,413.893,20.03619414
NEMLTCRS,NEMLTCRS_208S,NEMLTCRS_ROT11,Zea mays (Corn),3056.43,11595.55,2000,Conventional Till,None,No,74,11,89.998,NA,NA,0,7.5,NA,6.08,413.893,20.03619414
NEMLTCRS,NEMLTCRS_210N,NEMLTCRS_ROT41,Zea mays (Corn),4107.61,15897.38,2000,Conventional Till,None,No,74,11,89.998,NA,NA,0,7.5,NA,6.91,413.893,20.03619414
NEMLTCRS,NEMLTCRS_210M,NEMLTCRS_ROT40,Zea mays (Corn),3112.25,12972,2000,Conventional Till,None,No,74,11,0,NA,NA,0,7.5,NA,7.17,413.893,20.03619414
NEMLTCRS,NEMLTCRS_210S,NEMLTCRS_ROT42,Zea mays (Corn),3684.37,14698.47,2000,Conventional Till,None,No,74,11,179.996,NA,NA,0,7.5,NA,6.26,413.893,20.03619414
NEMLTCRS,NEMLTCRS_213N,NEMLTCRS_ROT70,Glycine max (Soybean),1205.7,6484.25,2000,Conventional Till,None,No,74,11,0,NA,NA,0,7.5,NA,6.82,413.893,20.03619414
NEMLTCRS,NEMLTCRS_213M,NEMLTCRS_ROT71,Glycine max (Soybean),979.99,5274.01,2000,Conventional Till,None,No,74,11,33.592,NA,NA,0,7.5,NA,6.56,413.893,20.03619414
NEMLTCRS,NEMLTCRS_213S,NEMLTCRS_ROT72,Glycine max (Soybean),1359.83,7373.28,2000,Conventional Till,None,No,74,11,67.184,NA,NA,0,7.5,NA,5.9,413.893,20.03619414
NEMLTCRS,NEMLTCRS_214N,NEMLTCRS_ROT72,Zea mays (Corn),4210.08,16913.04,2000,Conventional Till,None,No,74,11,179.996,NA,NA,0,7.5,NA,6.13,413.893,20.03619414
NEMLTCRS,NEMLTCRS_214M,NEMLTCRS_ROT70,Zea mays (Corn),2213.74,9864.61,2000,Conventional Till,None,No,74,11,0,NA,NA,0,7.5,NA,6.87,413.893,20.03619414
NEMLTCRS,NEMLTCRS_214S,NEMLTCRS_ROT71,Zea mays (Corn),3847.08,15896.53,2000,Conventional Till,None,No,74,11,89.998,NA,NA,0,7.5,NA,6.62,413.893,20.03619414
NEMLTCRS,NEMLTCRS_215N,NEMLTCRS_ROT22,Glycine max (Soybean),1088.78,5239.59,2000,Conventional Till,None,No,74,11,67.184,NA,NA,0,7.5,NA,6.26,413.893,20.03619414
NEMLTCRS,NEMLTCRS_215M,NEMLTCRS_ROT21,Glycine max (Soybean),1196.54,6203.19,2000,Conventional Till,None,No,74,11,33.592,NA,NA,0,7.5,NA,6.67,413.893,20.03619414
NEMLTCRS,NEMLTCRS_215S,NEMLTCRS_ROT20,Glycine max (Soybean),1296.76,6062.67,2000,Conventional Till,None,No,74,11,0,NA,NA,0,7.5,NA,6.84,413.893,20.03619414
NEMLTCRS,NEMLTCRS_302N,NEMLTCRS_ROT72,Glycine max (Soybean),1256.77,6412.55,2000,Conventional Till,None,No,74,11,67.184,NA,NA,0,7.5,NA,6.27,413.893,20.03619414
NEMLTCRS,NEMLTCRS_302M,NEMLTCRS_ROT70,Glycine max (Soybean),1180.97,6392.47,2000,Conventional Till,None,No,74,11,0,NA,NA,0,7.5,NA,7.02,413.893,20.03619414
NEMLTCRS,NEMLTCRS_302S,NEMLTCRS_ROT71,Glycine max (Soybean),1311.08,7032.01,2000,Conventional Till,None,No,74,11,33.592,NA,NA,0,7.5,NA,6.68,413.893,20.03619414
NEMLTCRS,NEMLTCRS_303N,NEMLTCRS_ROT71,Zea mays (Corn),2792.08,12014.54,2000,Conventional Till,None,No,74,11,89.998,NA,NA,0,7.5,NA,6.7,413.893,20.03619414
NEMLTCRS,NEMLTCRS_303M,NEMLTCRS_ROT70,Zea mays (Corn),2587.97,11128.86,2000,Conventional Till,None,No,74,11,0,NA,NA,0,7.5,NA,6.8,413.893,20.03619414
NEMLTCRS,NEMLTCRS_303S,NEMLTCRS_ROT72,Zea mays (Corn),2367.4,10581.61,2000,Conventional Till,None,No,74,11,179.996,NA,NA,0,7.5,NA,6.07,413.893,20.03619414
NEMLTCRS,NEMLTCRS_304N,NEMLTCRS_ROT22,Glycine max (Soybean),889.18,4296.06,2000,Conventional Till,None,No,74,11,67.184,NA,NA,0,7.5,NA,6.34,413.893,20.03619414
NEMLTCRS,NEMLTCRS_304M,NEMLTCRS_ROT21,Glycine max (Soybean),811.1,3994.94,2000,Conventional Till,None,No,74,11,33.592,NA,NA,0,7.5,NA,6.61,413.893,20.03619414
NEMLTCRS,NEMLTCRS_304S,NEMLTCRS_ROT20,Glycine max (Soybean),830.84,4089.58,2000,Conventional Till,None,No,74,11,0,NA,NA,0,7.5,NA,6.59,413.893,20.03619414
NEMLTCRS,NEMLTCRS_305N,NEMLTCRS_ROT41,Glycine max (Soybean),1171.92,5357.17,2000,Conventional Till,None,No,74,11,33.592,NA,NA,0,7.5,NA,6.17,413.893,20.03619414
NEMLTCRS,NEMLTCRS_305M,NEMLTCRS_ROT40,Glycine max (Soybean),1046.49,5035.97,2000,Conventional Till,None,No,74,11,0,NA,NA,0,7.5,NA,6.67,413.893,20.03619414
NEMLTCRS,NEMLTCRS_305S,NEMLTCRS_ROT42,Glycine max (Soybean),1225.8,5873.39,2000,Conventional Till,None,No,74,11,67.184,NA,NA,0,7.5,NA,5.56,413.893,20.03619414
NEMLTCRS,NEMLTCRS_307N,NEMLTCRS_ROT60,Glycine max (Soybean),1217.37,6610.43,2000,Conventional Till,None,No,74,11,0,NA,NA,0,7.5,NA,6.61,413.893,20.03619414
NEMLTCRS,NEMLTCRS_307M,NEMLTCRS_ROT62,Glycine max (Soybean),1535.19,7714.56,2000,Conventional Till,None,No,74,11,67.184,NA,NA,0,7.5,NA,5.54,413.893,20.03619414
NEMLTCRS,NEMLTCRS_307S,NEMLTCRS_ROT61,Glycine max (Soybean),1410.78,9257.47,2000,Conventional Till,None,No,74,11,33.592,NA,NA,0,7.5,NA,6.24,413.893,20.03619414
NEMLTCRS,NEMLTCRS_309N,NEMLTCRS_ROT62,Zea mays (Corn),4039.22,15846.69,2000,Conventional Till,None,No,74,11,179.996,NA,NA,0,7.5,NA,6.12,413.893,20.03619414
NEMLTCRS,NEMLTCRS_309M,NEMLTCRS_ROT60,Zea mays (Corn),3002.64,13343.41,2000,Conventional Till,None,No,74,11,0,NA,NA,0,7.5,NA,6.9,413.893,20.03619414
NEMLTCRS,NEMLTCRS_309S,NEMLTCRS_ROT61,Zea mays (Corn),3575.37,14529.32,2000,Conventional Till,None,No,74,11,89.998,NA,NA,0,7.5,NA,6.69,413.893,20.03619414
NEMLTCRS,NEMLTCRS_311N,NEMLTCRS_ROT51,Glycine max (Soybean),1805.97,9119.81,2000,Conventional Till,None,No,74,11,33.592,NA,NA,0,7.5,NA,6.61,413.893,20.03619414
NEMLTCRS,NEMLTCRS_311M,NEMLTCRS_ROT52,Glycine max (Soybean),1899.19,10473.45,2000,Conventional Till,None,No,74,11,67.184,NA,NA,0,7.5,NA,6.75,413.893,20.03619414
NEMLTCRS,NEMLTCRS_311S,NEMLTCRS_ROT50,Glycine max (Soybean),1467.57,7358.94,2000,Conventional Till,None,No,74,11,0,NA,NA,0,7.5,NA,6.86,413.893,20.03619414
NEMLTCRS,NEMLTCRS_312N,NEMLTCRS_ROT10,Zea mays (Corn),1180.02,5969.86,2000,Conventional Till,None,No,74,11,0,NA,NA,0,7.5,NA,6.72,413.893,20.03619414
NEMLTCRS,NEMLTCRS_312M,NEMLTCRS_ROT11,Zea mays (Corn),2718.16,11430.34,2000,Conventional Till,None,No,74,11,89.998,NA,NA,0,7.5,NA,6.11,413.893,20.03619414
NEMLTCRS,NEMLTCRS_312S,NEMLTCRS_ROT12,Zea mays (Corn),2553.48,10906.17,2000,Conventional Till,None,No,74,11,179.996,NA,NA,0,7.5,NA,5.17,413.893,20.03619414
NEMLTCRS,NEMLTCRS_314N,NEMLTCRS_ROT41,Zea mays (Corn),3188.29,12622.36,2000,Conventional Till,None,No,74,11,89.998,NA,NA,0,7.5,NA,6.6,413.893,20.03619414
NEMLTCRS,NEMLTCRS_314M,NEMLTCRS_ROT42,Zea mays (Corn),3293.09,13154.84,2000,Conventional Till,None,No,74,11,179.996,NA,NA,0,7.5,NA,6.21,413.893,20.03619414
NEMLTCRS,NEMLTCRS_314S,NEMLTCRS_ROT40,Zea mays (Corn),3246.85,13677.64,2000,Conventional Till,None,No,74,11,0,NA,NA,0,7.5,NA,6.92,413.893,20.03619414
NEMLTCRS,NEMLTCRS_401N,NEMLTCRS_ROT41,Glycine max (Soybean),1256.71,6432.62,2000,Conventional Till,None,No,74,11,33.592,NA,NA,0,7.5,NA,6.08,413.893,20.03619414
NEMLTCRS,NEMLTCRS_401M,NEMLTCRS_ROT42,Glycine max (Soybean),1300.02,6292.1,2000,Conventional Till,None,No,74,11,67.184,NA,NA,0,7.5,NA,5.49,413.893,20.03619414
NEMLTCRS,NEMLTCRS_401S,NEMLTCRS_ROT40,Glycine max (Soybean),1229.03,6280.63,2000,Conventional Till,None,No,74,11,0,NA,NA,0,7.5,NA,6.45,413.893,20.03619414
NEMLTCRS,NEMLTCRS_402N,NEMLTCRS_ROT61,Zea mays (Corn),2975.58,12368.13,2000,Conventional Till,None,No,74,11,89.998,NA,NA,0,7.5,NA,6.59,413.893,20.03619414
NEMLTCRS,NEMLTCRS_402M,NEMLTCRS_ROT60,Zea mays (Corn),3038.47,13973.85,2000,Conventional Till,None,No,74,11,0,NA,NA,0,7.5,NA,6.76,413.893,20.03619414
NEMLTCRS,NEMLTCRS_402S,NEMLTCRS_ROT62,Zea mays (Corn),3412.57,15051.36,2000,Conventional Till,None,No,74,11,179.996,NA,NA,0,7.5,NA,6.12,413.893,20.03619414
NEMLTCRS,NEMLTCRS_404N,NEMLTCRS_ROT60,Glycine max (Soybean),1355.32,6639.11,2000,Conventional Till,None,No,74,11,0,NA,NA,0,7.5,NA,6.54,413.893,20.03619414
NEMLTCRS,NEMLTCRS_404M,NEMLTCRS_ROT61,Glycine max (Soybean),1324.81,6142.97,2000,Conventional Till,None,No,74,11,33.592,NA,NA,0,7.5,NA,6.21,413.893,20.03619414
NEMLTCRS,NEMLTCRS_404S,NEMLTCRS_ROT62,Glycine max (Soybean),1417.53,7126.65,2000,Conventional Till,None,No,74,11,67.184,NA,NA,0,7.5,NA,5.61,413.893,20.03619414
NEMLTCRS,NEMLTCRS_406N,NEMLTCRS_ROT72,Zea mays (Corn),3306.86,14288.41,2000,Conventional Till,None,No,74,11,179.996,NA,NA,0,7.5,NA,6.05,413.893,20.03619414
NEMLTCRS,NEMLTCRS_406M,NEMLTCRS_ROT71,Zea mays (Corn),3518.53,14070.19,2000,Conventional Till,None,No,74,11,89.998,NA,NA,0,7.5,NA,6.45,413.893,20.03619414
NEMLTCRS,NEMLTCRS_406S,NEMLTCRS_ROT70,Zea mays (Corn),3914.86,16489.8,2000,Conventional Till,None,No,74,11,0,NA,NA,0,7.5,NA,6.78,413.893,20.03619414
NEMLTCRS,NEMLTCRS_407N,NEMLTCRS_ROT10,Zea mays (Corn),942.03,5661.21,2000,Conventional Till,None,No,74,11,0,NA,NA,0,7.5,NA,6.61,413.893,20.03619414
NEMLTCRS,NEMLTCRS_407M,NEMLTCRS_ROT12,Zea mays (Corn),3035,13189.21,2000,Conventional Till,None,No,74,11,179.996,NA,NA,0,7.5,NA,4.86,413.893,20.03619414
NEMLTCRS,NEMLTCRS_407S,NEMLTCRS_ROT11,Zea mays (Corn),2094.03,8986.46,2000,Conventional Till,None,No,74,11,89.998,NA,NA,0,7.5,NA,5.95,413.893,20.03619414
NEMLTCRS,NEMLTCRS_411N,NEMLTCRS_ROT22,Glycine max (Soybean),1044.04,4998.69,2000,Conventional Till,None,No,74,11,67.184,NA,NA,0,7.5,NA,6.7,413.893,20.03619414
NEMLTCRS,NEMLTCRS_411M,NEMLTCRS_ROT20,Glycine max (Soybean),1404.44,6194.59,2000,Conventional Till,None,No,74,11,0,NA,NA,0,7.5,NA,7.08,413.893,20.03619414
NEMLTCRS,NEMLTCRS_411S,NEMLTCRS_ROT21,Glycine max (Soybean),1307.84,6444.09,2000,Conventional Till,None,No,74,11,33.592,NA,NA,0,7.5,NA,6.95,413.893,20.03619414
NEMLTCRS,NEMLTCRS_412N,NEMLTCRS_ROT70,Glycine max (Soybean),1222.14,6659.18,2000,Conventional Till,None,No,74,11,0,NA,NA,0,7.5,NA,6.86,413.893,20.03619414
NEMLTCRS,NEMLTCRS_412M,NEMLTCRS_ROT71,Glycine max (Soybean),1473.47,10261.22,2000,Conventional Till,None,No,74,11,33.592,NA,NA,0,7.5,NA,6.55,413.893,20.03619414
NEMLTCRS,NEMLTCRS_412S,NEMLTCRS_ROT72,Glycine max (Soybean),1527.25,12053.64,2000,Conventional Till,None,No,74,11,67.184,NA,NA,0,7.5,NA,6.04,413.893,20.03619414
NEMLTCRS,NEMLTCRS_413N,NEMLTCRS_ROT51,Glycine max (Soybean),1228.45,6360.93,2000,Conventional Till,None,No,74,11,33.592,NA,NA,0,7.5,NA,6.49,413.893,20.03619414
NEMLTCRS,NEMLTCRS_413M,NEMLTCRS_ROT52,Glycine max (Soybean),1474.79,9197.25,2000,Conventional Till,None,No,74,11,67.184,NA,NA,0,7.5,NA,5.84,413.893,20.03619414
NEMLTCRS,NEMLTCRS_413S,NEMLTCRS_ROT50,Glycine max (Soybean),1304.52,6372.4,2000,Conventional Till,None,No,74,11,0,NA,NA,0,7.5,NA,6.75,413.893,20.03619414
NEMLTCRS,NEMLTCRS_414N,NEMLTCRS_ROT41,Zea mays (Corn),2463.56,10360.33,2000,Conventional Till,None,No,74,11,89.998,NA,NA,0,7.5,NA,6.64,413.893,20.03619414
NEMLTCRS,NEMLTCRS_414M,NEMLTCRS_ROT42,Zea mays (Corn),3126.91,12453.53,2000,Conventional Till,None,No,74,11,179.996,NA,NA,0,7.5,NA,6.24,413.893,20.03619414
NEMLTCRS,NEMLTCRS_414S,NEMLTCRS_ROT40,Zea mays (Corn),2208.33,11316,2000,Conventional Till,None,No,74,11,0,NA,NA,0,7.5,NA,6.83,413.893,20.03619414
NEMLTCRS,NEMLTCRS_502N,NEMLTCRS_ROT62,Zea mays (Corn),2633.02,11274.59,2000,Conventional Till,None,No,74,11,179.996,NA,NA,0,7.5,NA,6.66,413.893,20.03619414
NEMLTCRS,NEMLTCRS_502M,NEMLTCRS_ROT61,Zea mays (Corn),2946.02,12454.38,2000,Conventional Till,None,No,74,11,89.998,NA,NA,0,7.5,NA,6.7,413.893,20.03619414
NEMLTCRS,NEMLTCRS_502S,NEMLTCRS_ROT60,Zea mays (Corn),3603.47,16123.63,2000,Conventional Till,None,No,74,11,0,NA,NA,0,7.5,NA,6.18,413.893,20.03619414
NEMLTCRS,NEMLTCRS_503N,NEMLTCRS_ROT40,Zea mays (Corn),2464.82,9686.33,2000,Conventional Till,None,No,74,11,0,NA,NA,0,7.5,NA,7.05,413.893,20.03619414
NEMLTCRS,NEMLTCRS_503M,NEMLTCRS_ROT42,Zea mays (Corn),2587.09,10347.47,2000,Conventional Till,None,No,74,11,179.996,NA,NA,0,7.5,NA,6.24,413.893,20.03619414
NEMLTCRS,NEMLTCRS_503S,NEMLTCRS_ROT41,Zea mays (Corn),3817.92,16308.38,2000,Conventional Till,None,No,74,11,89.998,NA,NA,0,7.5,NA,6.42,413.893,20.03619414
NEMLTCRS,NEMLTCRS_505N,NEMLTCRS_ROT71,Glycine max (Soybean),1349.57,7244.23,2000,Conventional Till,None,No,74,11,33.592,NA,NA,0,7.5,NA,6.62,413.893,20.03619414
NEMLTCRS,NEMLTCRS_505M,NEMLTCRS_ROT70,Glycine max (Soybean),1413.6,8282.4,2000,Conventional Till,None,No,74,11,0,NA,NA,0,7.5,NA,6.94,413.893,20.03619414
NEMLTCRS,NEMLTCRS_505S,NEMLTCRS_ROT72,Glycine max (Soybean),1488.48,7680.15,2000,Conventional Till,None,No,74,11,67.184,NA,NA,0,7.5,NA,5.89,413.893,20.03619414
NEMLTCRS,NEMLTCRS_507N,NEMLTCRS_ROT12,Zea mays (Corn),2352.79,9780.51,2000,Conventional Till,None,No,74,11,179.996,NA,NA,0,7.5,NA,5.19,413.893,20.03619414
NEMLTCRS,NEMLTCRS_507M,NEMLTCRS_ROT11,Zea mays (Corn),2511.36,9024.2,2000,Conventional Till,None,No,74,11,89.998,NA,NA,0,7.5,NA,6.24,413.893,20.03619414
NEMLTCRS,NEMLTCRS_507S,NEMLTCRS_ROT10,Zea mays (Corn),1279.06,6271.95,2000,Conventional Till,None,No,74,11,0,NA,NA,0,7.5,NA,6.68,413.893,20.03619414
NEMLTCRS,NEMLTCRS_508N,NEMLTCRS_ROT60,Glycine max (Soybean),1387.77,7995.61,2000,Conventional Till,None,No,74,11,0,NA,NA,0,7.5,NA,6.77,413.893,20.03619414
NEMLTCRS,NEMLTCRS_508M,NEMLTCRS_ROT62,Glycine max (Soybean),1641.35,9960.1,2000,Conventional Till,None,No,74,11,67.184,NA,NA,0,7.5,NA,6.01,413.893,20.03619414
NEMLTCRS,NEMLTCRS_508S,NEMLTCRS_ROT61,Glycine max (Soybean),1569.56,8956.35,2000,Conventional Till,None,No,74,11,33.592,NA,NA,0,7.5,NA,6.41,413.893,20.03619414
NEMLTCRS,NEMLTCRS_510N,NEMLTCRS_ROT21,Glycine max (Soybean),1381.24,8348.36,2000,Conventional Till,None,No,74,11,33.592,NA,NA,0,7.5,NA,6.84,413.893,20.03619414
NEMLTCRS,NEMLTCRS_510M,NEMLTCRS_ROT20,Glycine max (Soybean),1487.49,6799.71,2000,Conventional Till,None,No,74,11,0,NA,NA,0,7.5,NA,6.92,413.893,20.03619414
NEMLTCRS,NEMLTCRS_510S,NEMLTCRS_ROT22,Glycine max (Soybean),1546.87,8709.71,2000,Conventional Till,None,No,74,11,67.184,NA,NA,0,7.5,NA,6.82,413.893,20.03619414
NEMLTCRS,NEMLTCRS_512N,NEMLTCRS_ROT40,Glycine max (Soybean),1306.49,6576.02,2000,Conventional Till,None,No,74,11,0,NA,NA,0,7.5,NA,6.71,413.893,20.03619414
NEMLTCRS,NEMLTCRS_512M,NEMLTCRS_ROT41,Glycine max (Soybean),1242.92,6099.95,2000,Conventional Till,None,No,74,11,33.592,NA,NA,0,7.5,NA,6.41,413.893,20.03619414
NEMLTCRS,NEMLTCRS_512S,NEMLTCRS_ROT42,Glycine max (Soybean),1448.7,7140.99,2000,Conventional Till,None,No,74,11,67.184,NA,NA,0,7.5,NA,5.77,413.893,20.03619414
NEMLTCRS,NEMLTCRS_513N,NEMLTCRS_ROT70,Zea mays (Corn),2512.73,10399.39,2000,Conventional Till,None,No,74,11,0,NA,NA,0,7.5,NA,6.8,413.893,20.03619414
NEMLTCRS,NEMLTCRS_513M,NEMLTCRS_ROT71,Zea mays (Corn),1809.61,8842.59,2000,Conventional Till,None,No,74,11,89.998,NA,NA,0,7.5,NA,6.52,413.893,20.03619414
NEMLTCRS,NEMLTCRS_513S,NEMLTCRS_ROT72,Zea mays (Corn),3061.88,12379.52,2000,Conventional Till,None,No,74,11,179.996,NA,NA,0,7.5,NA,5.92,413.893,20.03619414
NEMLTCRS,NEMLTCRS_514N,NEMLTCRS_ROT52,Glycine max (Soybean),1180.07,7900.97,2000,Conventional Till,None,No,74,11,67.184,NA,NA,0,7.5,NA,6.28,413.893,20.03619414
NEMLTCRS,NEMLTCRS_514M,NEMLTCRS_ROT50,Glycine max (Soybean),1183,5956.56,2000,Conventional Till,None,No,74,11,0,NA,NA,0,7.5,NA,6.94,413.893,20.03619414
NEMLTCRS,NEMLTCRS_514S,NEMLTCRS_ROT51,Glycine max (Soybean),1233.44,6142.97,2000,Conventional Till,None,No,74,11,33.592,NA,NA,0,7.5,NA,6.52,413.893,20.03619414
NEMLTCRS,NEMLTCRS_101N,NEMLTCRS_ROT52,Glycine max (Soybean),1379.39,8615.07,2001,Conventional Till,None,No,74,11,67.184,NA,NA,0,7.5,NA,5.98,490.728,20.15505737
NEMLTCRS,NEMLTCRS_101M,NEMLTCRS_ROT51,Glycine max (Soybean),1397.43,8617.94,2001,Conventional Till,None,No,74,11,33.592,NA,NA,0,7.5,NA,6.39,490.728,20.15505737
NEMLTCRS,NEMLTCRS_101S,NEMLTCRS_ROT50,Glycine max (Soybean),1025.98,6868.54,2001,Conventional Till,None,No,74,11,0,NA,NA,0,7.5,NA,6.8,490.728,20.15505737
NEMLTCRS,NEMLTCRS_102N,NEMLTCRS_ROT42,Glycine max (Soybean),1380.49,8603.6,2001,Conventional Till,None,No,74,11,67.184,NA,NA,0,7.5,NA,6.23,490.728,20.15505737
NEMLTCRS,NEMLTCRS_102M,NEMLTCRS_ROT40,Glycine max (Soybean),1208.79,8273.79,2001,Conventional Till,None,No,74,11,0,NA,NA,0,7.5,NA,6.97,490.728,20.15505737
NEMLTCRS,NEMLTCRS_102S,NEMLTCRS_ROT41,Glycine max (Soybean),1342.44,9010.83,2001,Conventional Till,None,No,74,11,33.592,NA,NA,0,7.5,NA,6.66,490.728,20.15505737
NEMLTCRS,NEMLTCRS_103N,NEMLTCRS_ROT70,Zea mays (Corn),1215.83,7070.21,2001,Conventional Till,None,No,74,11,0,NA,NA,0,7.5,NA,6.49,490.728,20.15505737
NEMLTCRS,NEMLTCRS_103M,NEMLTCRS_ROT72,Zea mays (Corn),2746.2,12898.85,2001,Conventional Till,None,No,74,11,179.996,NA,NA,0,7.5,NA,5.47,490.728,20.15505737
NEMLTCRS,NEMLTCRS_103S,NEMLTCRS_ROT71,Zea mays (Corn),3429.68,15283.14,2001,Conventional Till,None,No,74,11,89.998,NA,NA,0,7.5,NA,6.3,490.728,20.15505737
NEMLTCRS,NEMLTCRS_106N,NEMLTCRS_ROT70,Glycine max (Soybean),1176.33,7499.47,2001,Conventional Till,None,No,74,11,0,NA,NA,0,7.5,NA,6.28,490.728,20.15505737
NEMLTCRS,NEMLTCRS_106M,NEMLTCRS_ROT72,Glycine max (Soybean),1470.68,8190.63,2001,Conventional Till,None,No,74,11,67.184,NA,NA,0,7.5,NA,5.57,490.728,20.15505737
NEMLTCRS,NEMLTCRS_106S,NEMLTCRS_ROT71,Glycine max (Soybean),1381.88,7906.71,2001,Conventional Till,None,No,74,11,33.592,NA,NA,0,7.5,NA,6.29,490.728,20.15505737
NEMLTCRS,NEMLTCRS_107N,NEMLTCRS_ROT20,Glycine max (Soybean),1053.48,7095.1,2001,Conventional Till,None,No,74,11,0,NA,NA,0,7.5,NA,6.51,490.728,20.15505737
NEMLTCRS,NEMLTCRS_107M,NEMLTCRS_ROT22,Glycine max (Soybean),844.46,6254.82,2001,Conventional Till,None,No,74,11,67.184,NA,NA,0,7.5,NA,6.31,490.728,20.15505737
NEMLTCRS,NEMLTCRS_107S,NEMLTCRS_ROT21,Glycine max (Soybean),1054.31,6710.81,2001,Conventional Till,None,No,74,11,33.592,NA,NA,0,7.5,NA,6.46,490.728,20.15505737
NEMLTCRS,NEMLTCRS_108N,NEMLTCRS_ROT41,Zea mays (Corn),2658.07,13307.45,2001,Conventional Till,None,No,74,11,89.998,NA,NA,0,7.5,NA,6.04,490.728,20.15505737
NEMLTCRS,NEMLTCRS_108M,NEMLTCRS_ROT40,Zea mays (Corn),2148.52,10734.81,2001,Conventional Till,None,No,74,11,0,NA,NA,0,7.5,NA,6.6,490.728,20.15505737
NEMLTCRS,NEMLTCRS_108S,NEMLTCRS_ROT42,Zea mays (Corn),2989.68,13995.92,2001,Conventional Till,None,No,74,11,179.996,NA,NA,0,7.5,NA,5.62,490.728,20.15505737
NEMLTCRS,NEMLTCRS_109N,NEMLTCRS_ROT62,Glycine max (Soybean),1437.56,8784.27,2001,Conventional Till,None,No,74,11,67.184,NA,NA,0,7.5,NA,5.52,490.728,20.15505737
NEMLTCRS,NEMLTCRS_109M,NEMLTCRS_ROT61,Glycine max (Soybean),1534.86,9478.3,2001,Conventional Till,None,No,74,11,33.592,NA,NA,0,7.5,NA,6.41,490.728,20.15505737
NEMLTCRS,NEMLTCRS_109S,NEMLTCRS_ROT60,Glycine max (Soybean),1413.33,9045.25,2001,Conventional Till,None,No,74,11,0,NA,NA,0,7.5,NA,6.83,490.728,20.15505737
NEMLTCRS,NEMLTCRS_110N,NEMLTCRS_ROT60,Zea mays (Corn),2495.24,13023.71,2001,Conventional Till,None,No,74,11,0,NA,NA,0,7.5,NA,6.44,490.728,20.15505737
NEMLTCRS,NEMLTCRS_110M,NEMLTCRS_ROT62,Zea mays (Corn),2885.94,13972.43,2001,Conventional Till,None,No,74,11,179.996,NA,NA,0,7.5,NA,6.2,490.728,20.15505737
NEMLTCRS,NEMLTCRS_110S,NEMLTCRS_ROT61,Zea mays (Corn),2943.94,14426.6,2001,Conventional Till,None,No,74,11,89.998,NA,NA,0,7.5,NA,6.57,490.728,20.15505737
NEMLTCRS,NEMLTCRS_115N,NEMLTCRS_ROT12,Zea mays (Corn),2375.88,11563.06,2001,Conventional Till,None,No,74,11,179.996,NA,NA,0,7.5,NA,4.72,490.728,20.15505737
NEMLTCRS,NEMLTCRS_115M,NEMLTCRS_ROT11,Zea mays (Corn),1636.85,7263.75,2001,Conventional Till,None,No,74,11,0,NA,NA,0,7.5,NA,6.11,490.728,20.15505737
NEMLTCRS,NEMLTCRS_115S,NEMLTCRS_ROT10,Zea mays (Corn),2521.04,11389.63,2001,Conventional Till,None,No,74,11,89.998,NA,NA,0,7.5,NA,6.91,490.728,20.15505737
NEMLTCRS,NEMLTCRS_201N,NEMLTCRS_ROT40,Zea mays (Corn),1948.09,9715.4,2001,Conventional Till,None,No,74,11,0,NA,NA,0,7.5,NA,7.35,490.728,20.15505737
NEMLTCRS,NEMLTCRS_201M,NEMLTCRS_ROT41,Zea mays (Corn),2564.92,11882.25,2001,Conventional Till,None,No,74,11,89.998,NA,NA,0,7.5,NA,6.87,490.728,20.15505737
NEMLTCRS,NEMLTCRS_201S,NEMLTCRS_ROT42,Zea mays (Corn),3006.23,13180.54,2001,Conventional Till,None,No,74,11,179.996,NA,NA,0,7.5,NA,6.06,490.728,20.15505737
NEMLTCRS,NEMLTCRS_202N,NEMLTCRS_ROT62,Glycine max (Soybean),1484.7,8950.61,2001,Conventional Till,None,No,74,11,67.184,NA,NA,0,7.5,NA,6.6,490.728,20.15505737
NEMLTCRS,NEMLTCRS_202M,NEMLTCRS_ROT61,Glycine max (Soybean),1325.03,8681.03,2001,Conventional Till,None,No,74,11,33.592,NA,NA,0,7.5,NA,6.85,490.728,20.15505737
NEMLTCRS,NEMLTCRS_202S,NEMLTCRS_ROT60,Glycine max (Soybean),1126.17,7447.85,2001,Conventional Till,None,No,74,11,0,NA,NA,0,7.5,NA,7.2,490.728,20.15505737
NEMLTCRS,NEMLTCRS_203N,NEMLTCRS_ROT62,Zea mays (Corn),3117.78,14408.71,2001,Conventional Till,None,No,74,11,179.996,NA,NA,0,7.5,NA,6.35,490.728,20.15505737
NEMLTCRS,NEMLTCRS_203M,NEMLTCRS_ROT61,Zea mays (Corn),3318.75,14963.84,2001,Conventional Till,None,No,74,11,89.998,NA,NA,0,7.5,NA,6.83,490.728,20.15505737
NEMLTCRS,NEMLTCRS_203S,NEMLTCRS_ROT60,Zea mays (Corn),3032.98,15661.81,2001,Conventional Till,None,No,74,11,0,NA,NA,0,7.5,NA,7.21,490.728,20.15505737
NEMLTCRS,NEMLTCRS_208N,NEMLTCRS_ROT12,Zea mays (Corn),2481.78,12609.88,2001,Conventional Till,None,No,74,11,179.996,NA,NA,0,7.5,NA,5.34,490.728,20.15505737
NEMLTCRS,NEMLTCRS_208M,NEMLTCRS_ROT10,Zea mays (Corn),1083.45,6232.03,2001,Conventional Till,None,No,74,11,0,NA,NA,0,7.5,NA,6.94,490.728,20.15505737
NEMLTCRS,NEMLTCRS_208S,NEMLTCRS_ROT11,Zea mays (Corn),2423.35,11101.07,2001,Conventional Till,None,No,74,11,89.998,NA,NA,0,7.5,NA,6.08,490.728,20.15505737
NEMLTCRS,NEMLTCRS_209N,NEMLTCRS_ROT50,Glycine max (Soybean),1293.66,8055.84,2001,Conventional Till,None,No,74,11,0,NA,NA,0,7.5,NA,7.02,490.728,20.15505737
NEMLTCRS,NEMLTCRS_209M,NEMLTCRS_ROT52,Glycine max (Soybean),1295.82,8204.96,2001,Conventional Till,None,No,74,11,67.184,NA,NA,0,7.5,NA,6.45,490.728,20.15505737
NEMLTCRS,NEMLTCRS_209S,NEMLTCRS_ROT51,Glycine max (Soybean),1151.2,7430.64,2001,Conventional Till,None,No,74,11,33.592,NA,NA,0,7.5,NA,6.69,490.728,20.15505737
NEMLTCRS,NEMLTCRS_210N,NEMLTCRS_ROT41,Glycine max (Soybean),1164.98,7969.8,2001,Conventional Till,None,No,74,11,33.592,NA,NA,0,7.5,NA,6.91,490.728,20.15505737
NEMLTCRS,NEMLTCRS_210M,NEMLTCRS_ROT40,Glycine max (Soybean),1290.96,8629.41,2001,Conventional Till,None,No,74,11,0,NA,NA,0,7.5,NA,7.17,490.728,20.15505737
NEMLTCRS,NEMLTCRS_210S,NEMLTCRS_ROT42,Glycine max (Soybean),1246.27,8365.57,2001,Conventional Till,None,No,74,11,67.184,NA,NA,0,7.5,NA,6.26,490.728,20.15505737
NEMLTCRS,NEMLTCRS_211N,NEMLTCRS_ROT71,Zea mays (Corn),3112.34,13887.5,2001,Conventional Till,None,No,74,11,89.998,NA,NA,0,7.5,NA,6.65,490.728,20.15505737
NEMLTCRS,NEMLTCRS_211M,NEMLTCRS_ROT72,Zea mays (Corn),2704.19,12283.44,2001,Conventional Till,None,No,74,11,179.996,NA,NA,0,7.5,NA,5.79,490.728,20.15505737
NEMLTCRS,NEMLTCRS_211S,NEMLTCRS_ROT70,Zea mays (Corn),1420.05,8095.36,2001,Conventional Till,None,No,74,11,0,NA,NA,0,7.5,NA,7.11,490.728,20.15505737
NEMLTCRS,NEMLTCRS_214N,NEMLTCRS_ROT72,Glycine max (Soybean),1442.81,8468.81,2001,Conventional Till,None,No,74,11,67.184,NA,NA,0,7.5,NA,6.13,490.728,20.15505737
NEMLTCRS,NEMLTCRS_214M,NEMLTCRS_ROT70,Glycine max (Soybean),1295.62,8058.7,2001,Conventional Till,None,No,74,11,0,NA,NA,0,7.5,NA,6.87,490.728,20.15505737
NEMLTCRS,NEMLTCRS_214S,NEMLTCRS_ROT71,Glycine max (Soybean),1335.18,8718.31,2001,Conventional Till,None,No,74,11,33.592,NA,NA,0,7.5,NA,6.62,490.728,20.15505737
NEMLTCRS,NEMLTCRS_215N,NEMLTCRS_ROT22,Glycine max (Soybean),1063.55,6722.28,2001,Conventional Till,None,No,74,11,67.184,NA,NA,0,7.5,NA,6.26,490.728,20.15505737
NEMLTCRS,NEMLTCRS_215M,NEMLTCRS_ROT21,Glycine max (Soybean),1099.45,7014.8,2001,Conventional Till,None,No,74,11,33.592,NA,NA,0,7.5,NA,6.67,490.728,20.15505737
NEMLTCRS,NEMLTCRS_215S,NEMLTCRS_ROT20,Glycine max (Soybean),1029.65,6512.92,2001,Conventional Till,None,No,74,11,0,NA,NA,0,7.5,NA,6.84,490.728,20.15505737
NEMLTCRS,NEMLTCRS_303N,NEMLTCRS_ROT71,Glycine max (Soybean),1375.95,8182.02,2001,Conventional Till,None,No,74,11,33.592,NA,NA,0,7.5,NA,6.7,490.728,20.15505737
NEMLTCRS,NEMLTCRS_303M,NEMLTCRS_ROT70,Glycine max (Soybean),1210.62,7660.07,2001,Conventional Till,None,No,74,11,0,NA,NA,0,7.5,NA,6.8,490.728,20.15505737
NEMLTCRS,NEMLTCRS_303S,NEMLTCRS_ROT72,Glycine max (Soybean),1379.34,7777.65,2001,Conventional Till,None,No,74,11,67.184,NA,NA,0,7.5,NA,6.07,490.728,20.15505737
NEMLTCRS,NEMLTCRS_304N,NEMLTCRS_ROT22,Glycine max (Soybean),1105.85,7447.85,2001,Conventional Till,None,No,74,11,67.184,NA,NA,0,7.5,NA,6.34,490.728,20.15505737
NEMLTCRS,NEMLTCRS_304M,NEMLTCRS_ROT21,Glycine max (Soybean),901.58,6097.08,2001,Conventional Till,None,No,74,11,33.592,NA,NA,0,7.5,NA,6.61,490.728,20.15505737
NEMLTCRS,NEMLTCRS_304S,NEMLTCRS_ROT20,Glycine max (Soybean),860.98,5873.39,2001,Conventional Till,None,No,74,11,0,NA,NA,0,7.5,NA,6.59,490.728,20.15505737
NEMLTCRS,NEMLTCRS_305N,NEMLTCRS_ROT41,Zea mays (Corn),2193.38,10039.97,2001,Conventional Till,None,No,74,11,89.998,NA,NA,0,7.5,NA,6.17,490.728,20.15505737
NEMLTCRS,NEMLTCRS_305M,NEMLTCRS_ROT40,Zea mays (Corn),1700.19,8816.18,2001,Conventional Till,None,No,74,11,0,NA,NA,0,7.5,NA,6.67,490.728,20.15505737
NEMLTCRS,NEMLTCRS_305S,NEMLTCRS_ROT42,Zea mays (Corn),2342.31,10777.29,2001,Conventional Till,None,No,74,11,179.996,NA,NA,0,7.5,NA,5.56,490.728,20.15505737
NEMLTCRS,NEMLTCRS_306N,NEMLTCRS_ROT60,Glycine max (Soybean),1277.37,8445.87,2001,Conventional Till,None,No,74,11,0,NA,NA,0,7.5,NA,6.7,490.728,20.15505737
NEMLTCRS,NEMLTCRS_306M,NEMLTCRS_ROT61,Glycine max (Soybean),1278.81,8488.88,2001,Conventional Till,None,No,74,11,33.592,NA,NA,0,7.5,NA,6.44,490.728,20.15505737
NEMLTCRS,NEMLTCRS_306S,NEMLTCRS_ROT62,Glycine max (Soybean),1414.46,8732.65,2001,Conventional Till,None,No,74,11,67.184,NA,NA,0,7.5,NA,5.83,490.728,20.15505737
NEMLTCRS,NEMLTCRS_307N,NEMLTCRS_ROT60,Zea mays (Corn),2278.88,11603.94,2001,Conventional Till,None,No,74,11,0,NA,NA,0,7.5,NA,6.61,490.728,20.15505737
NEMLTCRS,NEMLTCRS_307M,NEMLTCRS_ROT62,Zea mays (Corn),2952.5,13779.51,2001,Conventional Till,None,No,74,11,179.996,NA,NA,0,7.5,NA,5.54,490.728,20.15505737
NEMLTCRS,NEMLTCRS_307S,NEMLTCRS_ROT61,Zea mays (Corn),3105.49,14572.48,2001,Conventional Till,None,No,74,11,89.998,NA,NA,0,7.5,NA,6.24,490.728,20.15505737
NEMLTCRS,NEMLTCRS_312N,NEMLTCRS_ROT10,Zea mays (Corn),903.98,5004.21,2001,Conventional Till,None,No,74,11,0,NA,NA,0,7.5,NA,6.72,490.728,20.15505737
NEMLTCRS,NEMLTCRS_312M,NEMLTCRS_ROT11,Zea mays (Corn),2684.03,12076.28,2001,Conventional Till,None,No,74,11,89.998,NA,NA,0,7.5,NA,6.11,490.728,20.15505737
NEMLTCRS,NEMLTCRS_312S,NEMLTCRS_ROT12,Zea mays (Corn),2521.24,11615.98,2001,Conventional Till,None,No,74,11,179.996,NA,NA,0,7.5,NA,5.17,490.728,20.15505737
NEMLTCRS,NEMLTCRS_313N,NEMLTCRS_ROT51,Glycine max (Soybean),1190.64,8104.59,2001,Conventional Till,None,No,74,11,33.592,NA,NA,0,7.5,NA,6.39,490.728,20.15505737
NEMLTCRS,NEMLTCRS_313M,NEMLTCRS_ROT52,Glycine max (Soybean),1410.99,9828.18,2001,Conventional Till,None,No,74,11,67.184,NA,NA,0,7.5,NA,5.76,490.728,20.15505737
NEMLTCRS,NEMLTCRS_313S,NEMLTCRS_ROT50,Glycine max (Soybean),1244.4,7823.54,2001,Conventional Till,None,No,74,11,0,NA,NA,0,7.5,NA,6.75,490.728,20.15505737
NEMLTCRS,NEMLTCRS_314N,NEMLTCRS_ROT41,Glycine max (Soybean),1282.76,7872.29,2001,Conventional Till,None,No,74,11,33.592,NA,NA,0,7.5,NA,6.6,490.728,20.15505737
NEMLTCRS,NEMLTCRS_314M,NEMLTCRS_ROT42,Glycine max (Soybean),1311.93,8078.78,2001,Conventional Till,None,No,74,11,67.184,NA,NA,0,7.5,NA,6.21,490.728,20.15505737
NEMLTCRS,NEMLTCRS_314S,NEMLTCRS_ROT40,Glycine max (Soybean),1188.74,7708.82,2001,Conventional Till,None,No,74,11,0,NA,NA,0,7.5,NA,6.92,490.728,20.15505737
NEMLTCRS,NEMLTCRS_315N,NEMLTCRS_ROT70,Zea mays (Corn),1804.5,10203.92,2001,Conventional Till,None,No,74,11,0,NA,NA,0,7.5,NA,6.74,490.728,20.15505737
NEMLTCRS,NEMLTCRS_315M,NEMLTCRS_ROT71,Zea mays (Corn),3074.99,13916.32,2001,Conventional Till,None,No,74,11,89.998,NA,NA,0,7.5,NA,6.26,490.728,20.15505737
NEMLTCRS,NEMLTCRS_315S,NEMLTCRS_ROT72,Zea mays (Corn),3215.88,14917.57,2001,Conventional Till,None,No,74,11,179.996,NA,NA,0,7.5,NA,5.66,490.728,20.15505737
NEMLTCRS,NEMLTCRS_401N,NEMLTCRS_ROT41,Zea mays (Corn),2443.48,12228.95,2001,Conventional Till,None,No,74,11,89.998,NA,NA,0,7.5,NA,6.08,490.728,20.15505737
NEMLTCRS,NEMLTCRS_401M,NEMLTCRS_ROT42,Zea mays (Corn),2180.73,11375.86,2001,Conventional Till,None,No,74,11,179.996,NA,NA,0,7.5,NA,5.49,490.728,20.15505737
NEMLTCRS,NEMLTCRS_401S,NEMLTCRS_ROT40,Zea mays (Corn),1869.94,9786.85,2001,Conventional Till,None,No,74,11,0,NA,NA,0,7.5,NA,6.45,490.728,20.15505737
NEMLTCRS,NEMLTCRS_404N,NEMLTCRS_ROT60,Zea mays (Corn),2162.52,11225.52,2001,Conventional Till,None,No,74,11,0,NA,NA,0,7.5,NA,6.54,490.728,20.15505737
NEMLTCRS,NEMLTCRS_404M,NEMLTCRS_ROT61,Zea mays (Corn),2227.14,11787.08,2001,Conventional Till,None,No,74,11,89.998,NA,NA,0,7.5,NA,6.21,490.728,20.15505737
NEMLTCRS,NEMLTCRS_404S,NEMLTCRS_ROT62,Zea mays (Corn),2586.82,11945.35,2001,Conventional Till,None,No,74,11,179.996,NA,NA,0,7.5,NA,5.61,490.728,20.15505737
NEMLTCRS,NEMLTCRS_405N,NEMLTCRS_ROT70,Zea mays (Corn),1841.12,8921.04,2001,Conventional Till,None,No,74,11,0,NA,NA,0,7.5,NA,6.62,490.728,20.15505737
NEMLTCRS,NEMLTCRS_405M,NEMLTCRS_ROT71,Zea mays (Corn),2725.6,13349.06,2001,Conventional Till,None,No,74,11,89.998,NA,NA,0,7.5,NA,6.2,490.728,20.15505737
NEMLTCRS,NEMLTCRS_405S,NEMLTCRS_ROT72,Zea mays (Corn),2910.08,13963.6,2001,Conventional Till,None,No,74,11,179.996,NA,NA,0,7.5,NA,5.83,490.728,20.15505737
NEMLTCRS,NEMLTCRS_406N,NEMLTCRS_ROT72,Glycine max (Soybean),1610.04,9971.57,2001,Conventional Till,None,No,74,11,67.184,NA,NA,0,7.5,NA,6.05,490.728,20.15505737
NEMLTCRS,NEMLTCRS_406M,NEMLTCRS_ROT71,Glycine max (Soybean),1341.9,9977.31,2001,Conventional Till,None,No,74,11,33.592,NA,NA,0,7.5,NA,6.45,490.728,20.15505737
NEMLTCRS,NEMLTCRS_406S,NEMLTCRS_ROT70,Glycine max (Soybean),1247.06,8993.63,2001,Conventional Till,None,No,74,11,0,NA,NA,0,7.5,NA,6.78,490.728,20.15505737
NEMLTCRS,NEMLTCRS_407N,NEMLTCRS_ROT10,Zea mays (Corn),1140.88,5757.4,2001,Conventional Till,None,No,74,11,0,NA,NA,0,7.5,NA,6.61,490.728,20.15505737
NEMLTCRS,NEMLTCRS_407M,NEMLTCRS_ROT12,Zea mays (Corn),3159.07,13977.06,2001,Conventional Till,None,No,74,11,179.996,NA,NA,0,7.5,NA,4.86,490.728,20.15505737
NEMLTCRS,NEMLTCRS_407S,NEMLTCRS_ROT11,Zea mays (Corn),2759.85,11634.93,2001,Conventional Till,None,No,74,11,89.998,NA,NA,0,7.5,NA,5.95,490.728,20.15505737
NEMLTCRS,NEMLTCRS_409N,NEMLTCRS_ROT51,Glycine max (Soybean),631.61,4327.61,2001,Conventional Till,None,No,74,11,33.592,NA,NA,0,7.5,NA,6.6,490.728,20.15505737
NEMLTCRS,NEMLTCRS_409M,NEMLTCRS_ROT52,Glycine max (Soybean),1146.35,6544.47,2001,Conventional Till,None,No,74,11,67.184,NA,NA,0,7.5,NA,6.05,490.728,20.15505737
NEMLTCRS,NEMLTCRS_409S,NEMLTCRS_ROT50,Glycine max (Soybean),1448.01,8887.52,2001,Conventional Till,None,No,74,11,0,NA,NA,0,7.5,NA,6.86,490.728,20.15505737
NEMLTCRS,NEMLTCRS_410N,NEMLTCRS_ROT60,Glycine max (Soybean),847.71,5437.47,2001,Conventional Till,None,No,74,11,0,NA,NA,0,7.5,NA,6.86,490.728,20.15505737
NEMLTCRS,NEMLTCRS_410M,NEMLTCRS_ROT62,Glycine max (Soybean),1553.45,8503.22,2001,Conventional Till,None,No,74,11,67.184,NA,NA,0,7.5,NA,6.13,490.728,20.15505737
NEMLTCRS,NEMLTCRS_410S,NEMLTCRS_ROT61,Glycine max (Soybean),1407.28,8778.54,2001,Conventional Till,None,No,74,11,33.592,NA,NA,0,7.5,NA,6.48,490.728,20.15505737
NEMLTCRS,NEMLTCRS_411N,NEMLTCRS_ROT22,Glycine max (Soybean),1064.93,6406.81,2001,Conventional Till,None,No,74,11,67.184,NA,NA,0,7.5,NA,6.7,490.728,20.15505737
NEMLTCRS,NEMLTCRS_411M,NEMLTCRS_ROT20,Glycine max (Soybean),1129.1,6857.07,2001,Conventional Till,None,No,74,11,0,NA,NA,0,7.5,NA,7.08,490.728,20.15505737
NEMLTCRS,NEMLTCRS_411S,NEMLTCRS_ROT21,Glycine max (Soybean),1125.62,7175.4,2001,Conventional Till,None,No,74,11,33.592,NA,NA,0,7.5,NA,6.95,490.728,20.15505737
NEMLTCRS,NEMLTCRS_414N,NEMLTCRS_ROT41,Glycine max (Soybean),1112.31,6535.87,2001,Conventional Till,None,No,74,11,33.592,NA,NA,0,7.5,NA,6.64,490.728,20.15505737
NEMLTCRS,NEMLTCRS_414M,NEMLTCRS_ROT42,Glycine max (Soybean),1176.57,7284.38,2001,Conventional Till,None,No,74,11,67.184,NA,NA,0,7.5,NA,6.24,490.728,20.15505737
NEMLTCRS,NEMLTCRS_414S,NEMLTCRS_ROT40,Glycine max (Soybean),1059.75,6444.09,2001,Conventional Till,None,No,74,11,0,NA,NA,0,7.5,NA,6.83,490.728,20.15505737
NEMLTCRS,NEMLTCRS_503N,NEMLTCRS_ROT40,Glycine max (Soybean),1059.1,7622.79,2001,Conventional Till,None,No,74,11,0,NA,NA,0,7.5,NA,7.05,490.728,20.15505737
NEMLTCRS,NEMLTCRS_503M,NEMLTCRS_ROT42,Glycine max (Soybean),1217.31,7640,2001,Conventional Till,None,No,74,11,67.184,NA,NA,0,7.5,NA,6.24,490.728,20.15505737
NEMLTCRS,NEMLTCRS_503S,NEMLTCRS_ROT41,Glycine max (Soybean),1118.96,7697.35,2001,Conventional Till,None,No,74,11,33.592,NA,NA,0,7.5,NA,6.42,490.728,20.15505737
NEMLTCRS,NEMLTCRS_504N,NEMLTCRS_ROT72,Zea mays (Corn),2428.43,13663.63,2001,Conventional Till,None,No,74,11,179.996,NA,NA,0,7.5,NA,5.63,490.728,20.15505737
NEMLTCRS,NEMLTCRS_504M,NEMLTCRS_ROT71,Zea mays (Corn),2662.39,12834.01,2001,Conventional Till,None,No,74,11,89.998,NA,NA,0,7.5,NA,6.24,490.728,20.15505737
NEMLTCRS,NEMLTCRS_504S,NEMLTCRS_ROT70,Zea mays (Corn),2455.92,10683.68,2001,Conventional Till,None,No,74,11,0,NA,NA,0,7.5,NA,6.55,490.728,20.15505737
NEMLTCRS,NEMLTCRS_506N,NEMLTCRS_ROT60,Glycine max (Soybean),1160.09,7439.24,2001,Conventional Till,None,No,74,11,0,NA,NA,0,7.5,NA,6.81,490.728,20.15505737
NEMLTCRS,NEMLTCRS_506M,NEMLTCRS_ROT62,Glycine max (Soybean),1509.2,9905.61,2001,Conventional Till,None,No,74,11,67.184,NA,NA,0,7.5,NA,6.14,490.728,20.15505737
NEMLTCRS,NEMLTCRS_506S,NEMLTCRS_ROT61,Glycine max (Soybean),1584.34,10037.53,2001,Conventional Till,None,No,74,11,33.592,NA,NA,0,7.5,NA,6.28,490.728,20.15505737
NEMLTCRS,NEMLTCRS_507N,NEMLTCRS_ROT12,Zea mays (Corn),2737.53,12022.2,2001,Conventional Till,None,No,74,11,179.996,NA,NA,0,7.5,NA,5.19,490.728,20.15505737
NEMLTCRS,NEMLTCRS_507M,NEMLTCRS_ROT11,Zea mays (Corn),2717.71,11678.39,2001,Conventional Till,None,No,74,11,89.998,NA,NA,0,7.5,NA,6.24,490.728,20.15505737
NEMLTCRS,NEMLTCRS_507S,NEMLTCRS_ROT10,Zea mays (Corn),1396.93,8382.15,2001,Conventional Till,None,No,74,11,0,NA,NA,0,7.5,NA,6.68,490.728,20.15505737
NEMLTCRS,NEMLTCRS_508N,NEMLTCRS_ROT60,Zea mays (Corn),2437.5,11811.77,2001,Conventional Till,None,No,74,11,0,NA,NA,0,7.5,NA,6.77,490.728,20.15505737
NEMLTCRS,NEMLTCRS_508M,NEMLTCRS_ROT62,Zea mays (Corn),3036.76,14979.03,2001,Conventional Till,None,No,74,11,179.996,NA,NA,0,7.5,NA,6.01,490.728,20.15505737
NEMLTCRS,NEMLTCRS_508S,NEMLTCRS_ROT61,Zea mays (Corn),3483.26,15925.42,2001,Conventional Till,None,No,74,11,89.998,NA,NA,0,7.5,NA,6.41,490.728,20.15505737
NEMLTCRS,NEMLTCRS_510N,NEMLTCRS_ROT21,Glycine max (Soybean),1212.2,6776.77,2001,Conventional Till,None,No,74,11,33.592,NA,NA,0,7.5,NA,6.84,490.728,20.15505737
NEMLTCRS,NEMLTCRS_510M,NEMLTCRS_ROT20,Glycine max (Soybean),1363.28,7465.06,2001,Conventional Till,None,No,74,11,0,NA,NA,0,7.5,NA,6.92,490.728,20.15505737
NEMLTCRS,NEMLTCRS_510S,NEMLTCRS_ROT22,Glycine max (Soybean),1282.54,7800.6,2001,Conventional Till,None,No,74,11,67.184,NA,NA,0,7.5,NA,6.82,490.728,20.15505737
NEMLTCRS,NEMLTCRS_511N,NEMLTCRS_ROT52,Glycine max (Soybean),1397.76,8689.63,2001,Conventional Till,None,No,74,11,67.184,NA,NA,0,7.5,NA,6.26,490.728,20.15505737
NEMLTCRS,NEMLTCRS_511M,NEMLTCRS_ROT51,Glycine max (Soybean),1477.26,9214.45,2001,Conventional Till,None,No,74,11,33.592,NA,NA,0,7.5,NA,6.61,490.728,20.15505737
NEMLTCRS,NEMLTCRS_511S,NEMLTCRS_ROT50,Glycine max (Soybean),1311.15,8451.6,2001,Conventional Till,None,No,74,11,0,NA,NA,0,7.5,NA,6.83,490.728,20.15505737
NEMLTCRS,NEMLTCRS_512N,NEMLTCRS_ROT40,Zea mays (Corn),1854.53,8101.31,2001,Conventional Till,None,No,74,11,0,NA,NA,0,7.5,NA,6.71,490.728,20.15505737
NEMLTCRS,NEMLTCRS_512M,NEMLTCRS_ROT41,Zea mays (Corn),2474.78,11924.44,2001,Conventional Till,None,No,74,11,89.998,NA,NA,0,7.5,NA,6.41,490.728,20.15505737
NEMLTCRS,NEMLTCRS_512S,NEMLTCRS_ROT42,Zea mays (Corn),2727.86,12810.27,2001,Conventional Till,None,No,74,11,179.996,NA,NA,0,7.5,NA,5.77,490.728,20.15505737
NEMLTCRS,NEMLTCRS_513N,NEMLTCRS_ROT70,Glycine max (Soybean),1395.57,8359.83,2001,Conventional Till,None,No,74,11,0,NA,NA,0,7.5,NA,6.8,490.728,20.15505737
NEMLTCRS,NEMLTCRS_513M,NEMLTCRS_ROT71,Glycine max (Soybean),1286.07,7614.18,2001,Conventional Till,None,No,74,11,33.592,NA,NA,0,7.5,NA,6.52,490.728,20.15505737
NEMLTCRS,NEMLTCRS_513S,NEMLTCRS_ROT72,Glycine max (Soybean),1426.79,8259.45,2001,Conventional Till,None,No,74,11,67.184,NA,NA,0,7.5,NA,5.92,490.728,20.15505737
NEMLTCRS,NEMLTCRS_102N,NEMLTCRS_ROT42,Zea mays (Corn),2269.17,9048.89,2002,Conventional Till,None,No,74,11,179.996,NA,NA,0,7.5,NA,6.23,461.01,20.41125302
NEMLTCRS,NEMLTCRS_102M,NEMLTCRS_ROT40,Zea mays (Corn),1312.75,6480.79,2002,Conventional Till,None,No,74,11,0,NA,NA,0,7.5,NA,6.97,461.01,20.41125302
NEMLTCRS,NEMLTCRS_102S,NEMLTCRS_ROT41,Zea mays (Corn),1851.14,7683.24,2002,Conventional Till,None,No,74,11,89.998,NA,NA,0,7.5,NA,6.66,461.01,20.41125302
NEMLTCRS,NEMLTCRS_103N,NEMLTCRS_ROT70,Glycine max (Soybean),1030.13,6165.91,2002,Conventional Till,None,No,74,11,0,NA,NA,0,7.5,NA,6.49,461.01,20.41125302
NEMLTCRS,NEMLTCRS_103M,NEMLTCRS_ROT72,Glycine max (Soybean),1192.22,6785.37,2002,Conventional Till,None,No,74,11,67.184,NA,NA,0,7.5,NA,5.47,461.01,20.41125302
NEMLTCRS,NEMLTCRS_103S,NEMLTCRS_ROT71,Glycine max (Soybean),1103.59,6074.14,2002,Conventional Till,None,No,74,11,33.592,NA,NA,0,7.5,NA,6.3,461.01,20.41125302
NEMLTCRS,NEMLTCRS_104N,NEMLTCRS_ROT71,Zea mays (Corn),1982.61,8437.29,2002,Conventional Till,None,No,74,11,0,NA,NA,0,7.5,NA,6.2,461.01,20.41125302
NEMLTCRS,NEMLTCRS_104M,NEMLTCRS_ROT72,Zea mays (Corn),2635.26,11117.88,2002,Conventional Till,None,No,74,11,179.996,NA,NA,0,7.5,NA,5.98,461.01,20.41125302
NEMLTCRS,NEMLTCRS_104S,NEMLTCRS_ROT70,Zea mays (Corn),1702.67,7461.42,2002,Conventional Till,None,No,74,11,89.998,NA,NA,0,7.5,NA,6.79,461.01,20.41125302
NEMLTCRS,NEMLTCRS_107N,NEMLTCRS_ROT20,Glycine max (Soybean),726.58,4204.29,2002,Conventional Till,None,No,74,11,0,NA,NA,0,7.5,NA,6.51,461.01,20.41125302
NEMLTCRS,NEMLTCRS_107M,NEMLTCRS_ROT22,Glycine max (Soybean),787.43,3820,2002,Conventional Till,None,No,74,11,67.184,NA,NA,0,7.5,NA,6.31,461.01,20.41125302
NEMLTCRS,NEMLTCRS_107S,NEMLTCRS_ROT21,Glycine max (Soybean),964.52,4450.93,2002,Conventional Till,None,No,74,11,33.592,NA,NA,0,7.5,NA,6.46,461.01,20.41125302
NEMLTCRS,NEMLTCRS_108N,NEMLTCRS_ROT41,Glycine max (Soybean),811.3,4192.82,2002,Conventional Till,None,No,74,11,33.592,NA,NA,0,7.5,NA,6.04,461.01,20.41125302
NEMLTCRS,NEMLTCRS_108M,NEMLTCRS_ROT40,Glycine max (Soybean),1098.32,5752.94,2002,Conventional Till,None,No,74,11,0,NA,NA,0,7.5,NA,6.6,461.01,20.41125302
NEMLTCRS,NEMLTCRS_108S,NEMLTCRS_ROT42,Glycine max (Soybean),906.91,6819.79,2002,Conventional Till,None,No,74,11,67.184,NA,NA,0,7.5,NA,5.62,461.01,20.41125302
NEMLTCRS,NEMLTCRS_109N,NEMLTCRS_ROT62,Zea mays (Corn),1175.04,5264.3,2002,Conventional Till,None,No,74,11,179.996,NA,NA,0,7.5,NA,5.52,461.01,20.41125302
NEMLTCRS,NEMLTCRS_109M,NEMLTCRS_ROT61,Zea mays (Corn),2035.25,8898.22,2002,Conventional Till,None,No,74,11,89.998,NA,NA,0,7.5,NA,6.41,461.01,20.41125302
NEMLTCRS,NEMLTCRS_109S,NEMLTCRS_ROT60,Zea mays (Corn),1784.4,7579.91,2002,Conventional Till,None,No,74,11,0,NA,NA,0,7.5,NA,6.83,461.01,20.41125302
NEMLTCRS,NEMLTCRS_113N,NEMLTCRS_ROT62,Glycine max (Soybean),1445.43,7645.73,2002,Conventional Till,None,No,74,11,67.184,NA,NA,0,7.5,NA,5.34,461.01,20.41125302
NEMLTCRS,NEMLTCRS_113M,NEMLTCRS_ROT60,Glycine max (Soybean),1333.64,6968.91,2002,Conventional Till,None,No,74,11,0,NA,NA,0,7.5,NA,6.99,461.01,20.41125302
NEMLTCRS,NEMLTCRS_113S,NEMLTCRS_ROT61,Glycine max (Soybean),1160.81,6246.21,2002,Conventional Till,None,No,74,11,33.592,NA,NA,0,7.5,NA,6.55,461.01,20.41125302
NEMLTCRS,NEMLTCRS_114N,NEMLTCRS_ROT52,Glycine max (Soybean),1510.33,7840.75,2002,Conventional Till,None,No,74,11,67.184,NA,NA,0,7.5,NA,5.87,461.01,20.41125302
NEMLTCRS,NEMLTCRS_114M,NEMLTCRS_ROT51,Glycine max (Soybean),976.71,4829.49,2002,Conventional Till,None,No,74,11,33.592,NA,NA,0,7.5,NA,6.98,461.01,20.41125302
NEMLTCRS,NEMLTCRS_114S,NEMLTCRS_ROT50,Glycine max (Soybean),1235.39,6464.17,2002,Conventional Till,None,No,74,11,0,NA,NA,0,7.5,NA,7.32,461.01,20.41125302
NEMLTCRS,NEMLTCRS_115N,NEMLTCRS_ROT12,Zea mays (Corn),1666.5,6828.87,2002,Conventional Till,None,No,74,11,179.996,NA,NA,0,7.5,NA,4.72,461.01,20.41125302
NEMLTCRS,NEMLTCRS_115M,NEMLTCRS_ROT11,Zea mays (Corn),1959.06,8104.83,2002,Conventional Till,None,No,74,11,0,NA,NA,0,7.5,NA,6.11,461.01,20.41125302
NEMLTCRS,NEMLTCRS_115S,NEMLTCRS_ROT10,Zea mays (Corn),962.55,4177.57,2002,Conventional Till,None,No,74,11,89.998,NA,NA,0,7.5,NA,6.91,461.01,20.41125302
NEMLTCRS,NEMLTCRS_201N,NEMLTCRS_ROT40,Glycine max (Soybean),1140.27,6114.29,2002,Conventional Till,None,No,74,11,0,NA,NA,0,7.5,NA,7.35,461.01,20.41125302
NEMLTCRS,NEMLTCRS_201M,NEMLTCRS_ROT41,Glycine max (Soybean),953.27,5076.12,2002,Conventional Till,None,No,74,11,33.592,NA,NA,0,7.5,NA,6.87,461.01,20.41125302
NEMLTCRS,NEMLTCRS_201S,NEMLTCRS_ROT42,Glycine max (Soybean),1187.37,6022.52,2002,Conventional Till,None,No,74,11,67.184,NA,NA,0,7.5,NA,6.06,461.01,20.41125302
NEMLTCRS,NEMLTCRS_202N,NEMLTCRS_ROT62,Zea mays (Corn),2490.65,9899.38,2002,Conventional Till,None,No,74,11,179.996,NA,NA,0,7.5,NA,6.6,461.01,20.41125302
NEMLTCRS,NEMLTCRS_202M,NEMLTCRS_ROT61,Zea mays (Corn),1888.63,8036.27,2002,Conventional Till,None,No,74,11,89.998,NA,NA,0,7.5,NA,6.85,461.01,20.41125302
NEMLTCRS,NEMLTCRS_202S,NEMLTCRS_ROT60,Zea mays (Corn),1364.82,6765.57,2002,Conventional Till,None,No,74,11,0,NA,NA,0,7.5,NA,7.2,461.01,20.41125302
NEMLTCRS,NEMLTCRS_206N,NEMLTCRS_ROT61,Glycine max (Soybean),1268.77,6510.06,2002,Conventional Till,None,No,74,11,33.592,NA,NA,0,7.5,NA,6.47,461.01,20.41125302
NEMLTCRS,NEMLTCRS_206M,NEMLTCRS_ROT60,Glycine max (Soybean),1320.8,6894.35,2002,Conventional Till,None,No,74,11,0,NA,NA,0,7.5,NA,6.97,461.01,20.41125302
NEMLTCRS,NEMLTCRS_206S,NEMLTCRS_ROT62,Glycine max (Soybean),1432.8,6831.26,2002,Conventional Till,None,No,74,11,67.184,NA,NA,0,7.5,NA,5.5,461.01,20.41125302
NEMLTCRS,NEMLTCRS_207N,NEMLTCRS_ROT50,Glycine max (Soybean),1200.05,6154.44,2002,Conventional Till,None,No,74,11,0,NA,NA,0,7.5,NA,6.89,461.01,20.41125302
NEMLTCRS,NEMLTCRS_207M,NEMLTCRS_ROT51,Glycine max (Soybean),1291.38,6429.76,2002,Conventional Till,None,No,74,11,33.592,NA,NA,0,7.5,NA,6.42,461.01,20.41125302
NEMLTCRS,NEMLTCRS_207S,NEMLTCRS_ROT52,Glycine max (Soybean),1178.78,6613.3,2002,Conventional Till,None,No,74,11,67.184,NA,NA,0,7.5,NA,5.53,461.01,20.41125302
NEMLTCRS,NEMLTCRS_208N,NEMLTCRS_ROT12,Zea mays (Corn),2339.24,8847.19,2002,Conventional Till,None,No,74,11,179.996,NA,NA,0,7.5,NA,5.34,461.01,20.41125302
NEMLTCRS,NEMLTCRS_208M,NEMLTCRS_ROT10,Zea mays (Corn),1237.36,5724.41,2002,Conventional Till,None,No,74,11,0,NA,NA,0,7.5,NA,6.94,461.01,20.41125302
NEMLTCRS,NEMLTCRS_208S,NEMLTCRS_ROT11,Zea mays (Corn),2123.33,8989.56,2002,Conventional Till,None,No,74,11,89.998,NA,NA,0,7.5,NA,6.08,461.01,20.41125302
NEMLTCRS,NEMLTCRS_210N,NEMLTCRS_ROT41,Zea mays (Corn),2496.1,10119.96,2002,Conventional Till,None,No,74,11,89.998,NA,NA,0,7.5,NA,6.91,461.01,20.41125302
NEMLTCRS,NEMLTCRS_210M,NEMLTCRS_ROT40,Zea mays (Corn),1491.06,7078.41,2002,Conventional Till,None,No,74,11,0,NA,NA,0,7.5,NA,7.17,461.01,20.41125302
NEMLTCRS,NEMLTCRS_210S,NEMLTCRS_ROT42,Zea mays (Corn),3046.52,11978.05,2002,Conventional Till,None,No,74,11,179.996,NA,NA,0,7.5,NA,6.26,461.01,20.41125302
NEMLTCRS,NEMLTCRS_211N,NEMLTCRS_ROT71,Glycine max (Soybean),1296.65,7525.28,2002,Conventional Till,None,No,74,11,33.592,NA,NA,0,7.5,NA,6.65,461.01,20.41125302
NEMLTCRS,NEMLTCRS_211M,NEMLTCRS_ROT72,Glycine max (Soybean),1316.58,7175.4,2002,Conventional Till,None,No,74,11,67.184,NA,NA,0,7.5,NA,5.79,461.01,20.41125302
NEMLTCRS,NEMLTCRS_211S,NEMLTCRS_ROT70,Glycine max (Soybean),1201.8,6653.45,2002,Conventional Till,None,No,74,11,0,NA,NA,0,7.5,NA,7.11,461.01,20.41125302
NEMLTCRS,NEMLTCRS_212N,NEMLTCRS_ROT71,Zea mays (Corn),1649.54,7310.11,2002,Conventional Till,None,No,74,11,89.998,NA,NA,0,7.5,NA,6.73,461.01,20.41125302
NEMLTCRS,NEMLTCRS_212M,NEMLTCRS_ROT70,Zea mays (Corn),1455.48,7694.97,2002,Conventional Till,None,No,74,11,0,NA,NA,0,7.5,NA,7.07,461.01,20.41125302
NEMLTCRS,NEMLTCRS_212S,NEMLTCRS_ROT72,Zea mays (Corn),2373.75,10352.36,2002,Conventional Till,None,No,74,11,179.996,NA,NA,0,7.5,NA,5.73,461.01,20.41125302
NEMLTCRS,NEMLTCRS_215N,NEMLTCRS_ROT22,Glycine max (Soybean),800.65,3842.94,2002,Conventional Till,None,No,74,11,67.184,NA,NA,0,7.5,NA,6.26,461.01,20.41125302
NEMLTCRS,NEMLTCRS_215M,NEMLTCRS_ROT21,Glycine max (Soybean),685.27,3447.17,2002,Conventional Till,None,No,74,11,33.592,NA,NA,0,7.5,NA,6.67,461.01,20.41125302
NEMLTCRS,NEMLTCRS_215S,NEMLTCRS_ROT20,Glycine max (Soybean),766.37,3974.86,2002,Conventional Till,None,No,74,11,0,NA,NA,0,7.5,NA,6.84,461.01,20.41125302
NEMLTCRS,NEMLTCRS_301N,NEMLTCRS_ROT71,Zea mays (Corn),1635.94,7685.43,2002,Conventional Till,None,No,74,11,89.998,NA,NA,0,7.5,NA,6.46,461.01,20.41125302
NEMLTCRS,NEMLTCRS_301M,NEMLTCRS_ROT72,Zea mays (Corn),1598.09,7238.99,2002,Conventional Till,None,No,74,11,179.996,NA,NA,0,7.5,NA,5.84,461.01,20.41125302
NEMLTCRS,NEMLTCRS_301S,NEMLTCRS_ROT70,Zea mays (Corn),1382.98,6512.89,2002,Conventional Till,None,No,74,11,0,NA,NA,0,7.5,NA,6.64,461.01,20.41125302
NEMLTCRS,NEMLTCRS_304N,NEMLTCRS_ROT22,Glycine max (Soybean),847.45,3837.2,2002,Conventional Till,None,No,74,11,67.184,NA,NA,0,7.5,NA,6.34,461.01,20.41125302
NEMLTCRS,NEMLTCRS_304M,NEMLTCRS_ROT21,Glycine max (Soybean),659.49,3154.65,2002,Conventional Till,None,No,74,11,33.592,NA,NA,0,7.5,NA,6.61,461.01,20.41125302
NEMLTCRS,NEMLTCRS_304S,NEMLTCRS_ROT20,Glycine max (Soybean),662.14,3504.53,2002,Conventional Till,None,No,74,11,0,NA,NA,0,7.5,NA,6.59,461.01,20.41125302
NEMLTCRS,NEMLTCRS_305N,NEMLTCRS_ROT41,Glycine max (Soybean),998.09,4972.88,2002,Conventional Till,None,No,74,11,33.592,NA,NA,0,7.5,NA,6.17,461.01,20.41125302
NEMLTCRS,NEMLTCRS_305M,NEMLTCRS_ROT40,Glycine max (Soybean),1059.66,5317.02,2002,Conventional Till,None,No,74,11,0,NA,NA,0,7.5,NA,6.67,461.01,20.41125302
NEMLTCRS,NEMLTCRS_305S,NEMLTCRS_ROT42,Glycine max (Soybean),1329.39,6647.71,2002,Conventional Till,None,No,74,11,67.184,NA,NA,0,7.5,NA,5.56,461.01,20.41125302
NEMLTCRS,NEMLTCRS_306N,NEMLTCRS_ROT60,Zea mays (Corn),1239.8,6647.54,2002,Conventional Till,None,No,74,11,0,NA,NA,0,7.5,NA,6.7,461.01,20.41125302
NEMLTCRS,NEMLTCRS_306M,NEMLTCRS_ROT61,Zea mays (Corn),1277.08,5882.12,2002,Conventional Till,None,No,74,11,89.998,NA,NA,0,7.5,NA,6.44,461.01,20.41125302
NEMLTCRS,NEMLTCRS_306S,NEMLTCRS_ROT62,Zea mays (Corn),2315.03,9871.05,2002,Conventional Till,None,No,74,11,179.996,NA,NA,0,7.5,NA,5.83,461.01,20.41125302
NEMLTCRS,NEMLTCRS_310N,NEMLTCRS_ROT62,Glycine max (Soybean),1590.36,8569.18,2002,Conventional Till,None,No,74,11,67.184,NA,NA,0,7.5,NA,5.62,461.01,20.41125302
NEMLTCRS,NEMLTCRS_310M,NEMLTCRS_ROT60,Glycine max (Soybean),1474.87,7341.74,2002,Conventional Till,None,No,74,11,0,NA,NA,0,7.5,NA,6.96,461.01,20.41125302
NEMLTCRS,NEMLTCRS_310S,NEMLTCRS_ROT61,Glycine max (Soybean),1090.7,5712.79,2002,Conventional Till,None,No,74,11,33.592,NA,NA,0,7.5,NA,6.54,461.01,20.41125302
NEMLTCRS,NEMLTCRS_311N,NEMLTCRS_ROT51,Glycine max (Soybean),1329.04,7026.27,2002,Conventional Till,None,No,74,11,33.592,NA,NA,0,7.5,NA,6.61,461.01,20.41125302
NEMLTCRS,NEMLTCRS_311M,NEMLTCRS_ROT52,Glycine max (Soybean),1294.66,7066.42,2002,Conventional Till,None,No,74,11,67.184,NA,NA,0,7.5,NA,6.75,461.01,20.41125302
NEMLTCRS,NEMLTCRS_311S,NEMLTCRS_ROT50,Glycine max (Soybean),1226.6,6383.87,2002,Conventional Till,None,No,74,11,0,NA,NA,0,7.5,NA,6.86,461.01,20.41125302
NEMLTCRS,NEMLTCRS_312N,NEMLTCRS_ROT10,Zea mays (Corn),1019.79,4899.22,2002,Conventional Till,None,No,74,11,0,NA,NA,0,7.5,NA,6.72,461.01,20.41125302
NEMLTCRS,NEMLTCRS_312M,NEMLTCRS_ROT11,Zea mays (Corn),2902.68,11478.46,2002,Conventional Till,None,No,74,11,89.998,NA,NA,0,7.5,NA,6.11,461.01,20.41125302
NEMLTCRS,NEMLTCRS_312S,NEMLTCRS_ROT12,Zea mays (Corn),2946.4,11898.58,2002,Conventional Till,None,No,74,11,179.996,NA,NA,0,7.5,NA,5.17,461.01,20.41125302
NEMLTCRS,NEMLTCRS_314N,NEMLTCRS_ROT41,Zea mays (Corn),2433.94,9740.83,2002,Conventional Till,None,No,74,11,89.998,NA,NA,0,7.5,NA,6.6,461.01,20.41125302
NEMLTCRS,NEMLTCRS_314M,NEMLTCRS_ROT42,Zea mays (Corn),2459.14,10103.59,2002,Conventional Till,None,No,74,11,179.996,NA,NA,0,7.5,NA,6.21,461.01,20.41125302
NEMLTCRS,NEMLTCRS_314S,NEMLTCRS_ROT40,Zea mays (Corn),1781.84,8182.7,2002,Conventional Till,None,No,74,11,0,NA,NA,0,7.5,NA,6.92,461.01,20.41125302
NEMLTCRS,NEMLTCRS_315N,NEMLTCRS_ROT70,Glycine max (Soybean),944.14,6435.49,2002,Conventional Till,None,No,74,11,0,NA,NA,0,7.5,NA,6.74,461.01,20.41125302
NEMLTCRS,NEMLTCRS_315M,NEMLTCRS_ROT71,Glycine max (Soybean),904.99,5219.52,2002,Conventional Till,None,No,74,11,33.592,NA,NA,0,7.5,NA,6.26,461.01,20.41125302
NEMLTCRS,NEMLTCRS_315S,NEMLTCRS_ROT72,Glycine max (Soybean),1016.38,6045.46,2002,Conventional Till,None,No,74,11,67.184,NA,NA,0,7.5,NA,5.66,461.01,20.41125302
NEMLTCRS,NEMLTCRS_401N,NEMLTCRS_ROT41,Glycine max (Soybean),905.73,4697.56,2002,Conventional Till,None,No,74,11,33.592,NA,NA,0,7.5,NA,6.08,461.01,20.41125302
NEMLTCRS,NEMLTCRS_401M,NEMLTCRS_ROT42,Glycine max (Soybean),896.15,5018.77,2002,Conventional Till,None,No,74,11,67.184,NA,NA,0,7.5,NA,5.49,461.01,20.41125302
NEMLTCRS,NEMLTCRS_401S,NEMLTCRS_ROT40,Glycine max (Soybean),1094.46,6206.06,2002,Conventional Till,None,No,74,11,0,NA,NA,0,7.5,NA,6.45,461.01,20.41125302
NEMLTCRS,NEMLTCRS_403N,NEMLTCRS_ROT72,Zea mays (Corn),1996.29,8801.47,2002,Conventional Till,None,No,74,11,179.996,NA,NA,0,7.5,NA,6.17,461.01,20.41125302
NEMLTCRS,NEMLTCRS_403M,NEMLTCRS_ROT70,Zea mays (Corn),788.81,5251.48,2002,Conventional Till,None,No,74,11,0,NA,NA,0,7.5,NA,6.85,461.01,20.41125302
NEMLTCRS,NEMLTCRS_403S,NEMLTCRS_ROT71,Zea mays (Corn),1176.15,6545.97,2002,Conventional Till,None,No,74,11,89.998,NA,NA,0,7.5,NA,6.57,461.01,20.41125302
NEMLTCRS,NEMLTCRS_405N,NEMLTCRS_ROT70,Glycine max (Soybean),1133.01,6142.97,2002,Conventional Till,None,No,74,11,0,NA,NA,0,7.5,NA,6.62,461.01,20.41125302
NEMLTCRS,NEMLTCRS_405M,NEMLTCRS_ROT71,Glycine max (Soybean),1312.31,7135.25,2002,Conventional Till,None,No,74,11,33.592,NA,NA,0,7.5,NA,6.2,461.01,20.41125302
NEMLTCRS,NEMLTCRS_405S,NEMLTCRS_ROT72,Glycine max (Soybean),1424.37,7152.46,2002,Conventional Till,None,No,74,11,67.184,NA,NA,0,7.5,NA,5.83,461.01,20.41125302
NEMLTCRS,NEMLTCRS_407N,NEMLTCRS_ROT10,Zea mays (Corn),1107.39,5180.18,2002,Conventional Till,None,No,74,11,0,NA,NA,0,7.5,NA,6.61,461.01,20.41125302
NEMLTCRS,NEMLTCRS_407M,NEMLTCRS_ROT12,Zea mays (Corn),2552.97,10358.67,2002,Conventional Till,None,No,74,11,179.996,NA,NA,0,7.5,NA,4.86,461.01,20.41125302
NEMLTCRS,NEMLTCRS_407S,NEMLTCRS_ROT11,Zea mays (Corn),2748.56,9549.23,2002,Conventional Till,None,No,74,11,89.998,NA,NA,0,7.5,NA,5.95,461.01,20.41125302
NEMLTCRS,NEMLTCRS_408N,NEMLTCRS_ROT62,Glycine max (Soybean),1367.8,7146.72,2002,Conventional Till,None,No,74,11,67.184,NA,NA,0,7.5,NA,5.44,461.01,20.41125302
NEMLTCRS,NEMLTCRS_408M,NEMLTCRS_ROT60,Glycine max (Soybean),1256.85,6372.4,2002,Conventional Till,None,No,74,11,0,NA,NA,0,7.5,NA,6.71,461.01,20.41125302
NEMLTCRS,NEMLTCRS_408S,NEMLTCRS_ROT61,Glycine max (Soybean),1384.22,7565.43,2002,Conventional Till,None,No,74,11,33.592,NA,NA,0,7.5,NA,6.2,461.01,20.41125302
NEMLTCRS,NEMLTCRS_410N,NEMLTCRS_ROT60,Zea mays (Corn),970.14,4266.17,2002,Conventional Till,None,No,74,11,0,NA,NA,0,7.5,NA,6.86,461.01,20.41125302
NEMLTCRS,NEMLTCRS_410M,NEMLTCRS_ROT62,Zea mays (Corn),2065.31,8489.1,2002,Conventional Till,None,No,74,11,179.996,NA,NA,0,7.5,NA,6.13,461.01,20.41125302
NEMLTCRS,NEMLTCRS_410S,NEMLTCRS_ROT61,Zea mays (Corn),2571.07,10930.31,2002,Conventional Till,None,No,74,11,89.998,NA,NA,0,7.5,NA,6.48,461.01,20.41125302
NEMLTCRS,NEMLTCRS_411N,NEMLTCRS_ROT22,Glycine max (Soybean),696.58,3303.78,2002,Conventional Till,None,No,74,11,67.184,NA,NA,0,7.5,NA,6.7,461.01,20.41125302
NEMLTCRS,NEMLTCRS_411M,NEMLTCRS_ROT20,Glycine max (Soybean),951.25,4502.55,2002,Conventional Till,None,No,74,11,0,NA,NA,0,7.5,NA,7.08,461.01,20.41125302
NEMLTCRS,NEMLTCRS_411S,NEMLTCRS_ROT21,Glycine max (Soybean),911.1,4749.19,2002,Conventional Till,None,No,74,11,33.592,NA,NA,0,7.5,NA,6.95,461.01,20.41125302
NEMLTCRS,NEMLTCRS_413N,NEMLTCRS_ROT51,Glycine max (Soybean),1038.16,5661.17,2002,Conventional Till,None,No,74,11,33.592,NA,NA,0,7.5,NA,6.49,461.01,20.41125302
NEMLTCRS,NEMLTCRS_413M,NEMLTCRS_ROT52,Glycine max (Soybean),1274.37,6229,2002,Conventional Till,None,No,74,11,67.184,NA,NA,0,7.5,NA,5.84,461.01,20.41125302
NEMLTCRS,NEMLTCRS_413S,NEMLTCRS_ROT50,Glycine max (Soybean),986.48,4886.84,2002,Conventional Till,None,No,74,11,0,NA,NA,0,7.5,NA,6.75,461.01,20.41125302
NEMLTCRS,NEMLTCRS_414N,NEMLTCRS_ROT41,Zea mays (Corn),1904.46,7974.69,2002,Conventional Till,None,No,74,11,89.998,NA,NA,0,7.5,NA,6.64,461.01,20.41125302
NEMLTCRS,NEMLTCRS_414M,NEMLTCRS_ROT42,Zea mays (Corn),2329.65,9009.14,2002,Conventional Till,None,No,74,11,179.996,NA,NA,0,7.5,NA,6.24,461.01,20.41125302
NEMLTCRS,NEMLTCRS_414S,NEMLTCRS_ROT40,Zea mays (Corn),1714.05,7383.43,2002,Conventional Till,None,No,74,11,0,NA,NA,0,7.5,NA,6.83,461.01,20.41125302
NEMLTCRS,NEMLTCRS_501N,NEMLTCRS_ROT71,Zea mays (Corn),1782.79,8493.03,2002,Conventional Till,None,No,74,11,89.998,NA,NA,0,7.5,NA,6.15,461.01,20.41125302
NEMLTCRS,NEMLTCRS_501M,NEMLTCRS_ROT72,Zea mays (Corn),1688.29,8149.55,2002,Conventional Till,None,No,74,11,179.996,NA,NA,0,7.5,NA,5.51,461.01,20.41125302
NEMLTCRS,NEMLTCRS_501S,NEMLTCRS_ROT70,Zea mays (Corn),846.44,6256.43,2002,Conventional Till,None,No,74,11,0,NA,NA,0,7.5,NA,6.33,461.01,20.41125302
NEMLTCRS,NEMLTCRS_503N,NEMLTCRS_ROT40,Zea mays (Corn),900.43,4768.05,2002,Conventional Till,None,No,74,11,0,NA,NA,0,7.5,NA,7.05,461.01,20.41125302
NEMLTCRS,NEMLTCRS_503M,NEMLTCRS_ROT42,Zea mays (Corn),1342.99,6296.62,2002,Conventional Till,None,No,74,11,179.996,NA,NA,0,7.5,NA,6.24,461.01,20.41125302
NEMLTCRS,NEMLTCRS_503S,NEMLTCRS_ROT41,Zea mays (Corn),1651.12,7256.39,2002,Conventional Till,None,No,74,11,89.998,NA,NA,0,7.5,NA,6.42,461.01,20.41125302
NEMLTCRS,NEMLTCRS_504N,NEMLTCRS_ROT72,Glycine max (Soybean),1075.67,6137.23,2002,Conventional Till,None,No,74,11,67.184,NA,NA,0,7.5,NA,5.63,461.01,20.41125302
NEMLTCRS,NEMLTCRS_504M,NEMLTCRS_ROT71,Glycine max (Soybean),896.84,5466.15,2002,Conventional Till,None,No,74,11,33.592,NA,NA,0,7.5,NA,6.24,461.01,20.41125302
NEMLTCRS,NEMLTCRS_504S,NEMLTCRS_ROT70,Glycine max (Soybean),1187.46,7032.01,2002,Conventional Till,None,No,74,11,0,NA,NA,0,7.5,NA,6.55,461.01,20.41125302
NEMLTCRS,NEMLTCRS_506N,NEMLTCRS_ROT60,Zea mays (Corn),2171.09,8742.86,2002,Conventional Till,None,No,74,11,0,NA,NA,0,7.5,NA,6.81,461.01,20.41125302
NEMLTCRS,NEMLTCRS_506M,NEMLTCRS_ROT62,Zea mays (Corn),2400.2,9285.23,2002,Conventional Till,None,No,74,11,179.996,NA,NA,0,7.5,NA,6.14,461.01,20.41125302
NEMLTCRS,NEMLTCRS_506S,NEMLTCRS_ROT61,Zea mays (Corn),2578.23,10242.75,2002,Conventional Till,None,No,74,11,89.998,NA,NA,0,7.5,NA,6.28,461.01,20.41125302
NEMLTCRS,NEMLTCRS_507N,NEMLTCRS_ROT12,Zea mays (Corn),2357.82,10389.39,2002,Conventional Till,None,No,74,11,179.996,NA,NA,0,7.5,NA,5.19,461.01,20.41125302
NEMLTCRS,NEMLTCRS_507M,NEMLTCRS_ROT11,Zea mays (Corn),2953.54,11387.5,2002,Conventional Till,None,No,74,11,89.998,NA,NA,0,7.5,NA,6.24,461.01,20.41125302
NEMLTCRS,NEMLTCRS_507S,NEMLTCRS_ROT10,Zea mays (Corn),802.94,4465.68,2002,Conventional Till,None,No,74,11,0,NA,NA,0,7.5,NA,6.68,461.01,20.41125302
NEMLTCRS,NEMLTCRS_510N,NEMLTCRS_ROT21,Glycine max (Soybean),1076.37,4795.07,2002,Conventional Till,None,No,74,11,33.592,NA,NA,0,7.5,NA,6.84,461.01,20.41125302
NEMLTCRS,NEMLTCRS_510M,NEMLTCRS_ROT20,Glycine max (Soybean),1122.75,5385.85,2002,Conventional Till,None,No,74,11,0,NA,NA,0,7.5,NA,6.92,461.01,20.41125302
NEMLTCRS,NEMLTCRS_510S,NEMLTCRS_ROT22,Glycine max (Soybean),1124.9,5208.04,2002,Conventional Till,None,No,74,11,67.184,NA,NA,0,7.5,NA,6.82,461.01,20.41125302
NEMLTCRS,NEMLTCRS_512N,NEMLTCRS_ROT40,Glycine max (Soybean),1130.24,5506.3,2002,Conventional Till,None,No,74,11,0,NA,NA,0,7.5,NA,6.71,461.01,20.41125302
NEMLTCRS,NEMLTCRS_512M,NEMLTCRS_ROT41,Glycine max (Soybean),1243.18,6183.12,2002,Conventional Till,None,No,74,11,33.592,NA,NA,0,7.5,NA,6.41,461.01,20.41125302
NEMLTCRS,NEMLTCRS_512S,NEMLTCRS_ROT42,Glycine max (Soybean),1339.8,6739.49,2002,Conventional Till,None,No,74,11,67.184,NA,NA,0,7.5,NA,5.77,461.01,20.41125302
NEMLTCRS,NEMLTCRS_514N,NEMLTCRS_ROT52,Glycine max (Soybean),1094.68,6062.67,2002,Conventional Till,None,No,74,11,67.184,NA,NA,0,7.5,NA,6.28,461.01,20.41125302
NEMLTCRS,NEMLTCRS_514M,NEMLTCRS_ROT50,Glycine max (Soybean),1142.27,5150.69,2002,Conventional Till,None,No,74,11,0,NA,NA,0,7.5,NA,6.94,461.01,20.41125302
NEMLTCRS,NEMLTCRS_514S,NEMLTCRS_ROT51,Glycine max (Soybean),974.48,4921.26,2002,Conventional Till,None,No,74,11,33.592,NA,NA,0,7.5,NA,6.52,461.01,20.41125302
NEMLTCRS,NEMLTCRS_515N,NEMLTCRS_ROT60,Glycine max (Soybean),1455.78,5598.07,2002,Conventional Till,None,No,74,11,0,NA,NA,0,7.5,NA,6.51,461.01,20.41125302
NEMLTCRS,NEMLTCRS_515M,NEMLTCRS_ROT62,Glycine max (Soybean),1102.8,6062.67,2002,Conventional Till,None,No,74,11,67.184,NA,NA,0,7.5,NA,5.86,461.01,20.41125302
NEMLTCRS,NEMLTCRS_515S,NEMLTCRS_ROT61,Glycine max (Soybean),1024.03,5907.8,2002,Conventional Till,None,No,74,11,33.592,NA,NA,0,7.5,NA,6.02,461.01,20.41125302
NEMLTCRS,NEMLTCRS_101N,NEMLTCRS_ROT52,Glycine max (Soybean),1206.3,6406.81,2003,Conventional Till,None,No,74,11,67.184,NA,NA,0,7.5,NA,5.98,382.27,19.11889795
NEMLTCRS,NEMLTCRS_101M,NEMLTCRS_ROT51,Glycine max (Soybean),1313.09,6355.19,2003,Conventional Till,None,No,74,11,33.592,NA,NA,0,7.5,NA,6.39,382.27,19.11889795
NEMLTCRS,NEMLTCRS_101S,NEMLTCRS_ROT50,Glycine max (Soybean),973.44,5506.3,2003,Conventional Till,None,No,74,11,0,NA,NA,0,7.5,NA,6.8,382.27,19.11889795
NEMLTCRS,NEMLTCRS_102N,NEMLTCRS_ROT42,Glycine max (Soybean),1362.28,7095.1,2003,Conventional Till,None,No,74,11,67.184,NA,NA,0,7.5,NA,6.23,382.27,19.11889795
NEMLTCRS,NEMLTCRS_102M,NEMLTCRS_ROT40,Glycine max (Soybean),1317.9,6596.09,2003,Conventional Till,None,No,74,11,0,NA,NA,0,7.5,NA,6.97,382.27,19.11889795
NEMLTCRS,NEMLTCRS_102S,NEMLTCRS_ROT41,Glycine max (Soybean),1365.6,7284.38,2003,Conventional Till,None,No,74,11,33.592,NA,NA,0,7.5,NA,6.66,382.27,19.11889795
NEMLTCRS,NEMLTCRS_104N,NEMLTCRS_ROT71,Glycine max (Soybean),1395.22,7783.39,2003,Conventional Till,None,No,74,11,0,NA,NA,0,7.5,NA,6.2,382.27,19.11889795
NEMLTCRS,NEMLTCRS_104M,NEMLTCRS_ROT72,Glycine max (Soybean),1792.49,8414.32,2003,Conventional Till,None,No,74,11,67.184,NA,NA,0,7.5,NA,5.98,382.27,19.11889795
NEMLTCRS,NEMLTCRS_104S,NEMLTCRS_ROT70,Glycine max (Soybean),1356.98,7513.81,2003,Conventional Till,None,No,74,11,33.592,NA,NA,0,7.5,NA,6.79,382.27,19.11889795
NEMLTCRS,NEMLTCRS_105N,NEMLTCRS_ROT72,Zea mays (Corn),3364.49,15471.73,2003,Conventional Till,None,No,74,11,179.996,NA,NA,0,7.5,NA,5.71,382.27,19.11889795
NEMLTCRS,NEMLTCRS_105M,NEMLTCRS_ROT70,Zea mays (Corn),2322.97,11967.39,2003,Conventional Till,None,No,74,11,0,NA,NA,0,7.5,NA,6.83,382.27,19.11889795
NEMLTCRS,NEMLTCRS_105S,NEMLTCRS_ROT71,Zea mays (Corn),3449.69,15420.14,2003,Conventional Till,None,No,74,11,89.998,NA,NA,0,7.5,NA,6.37,382.27,19.11889795
NEMLTCRS,NEMLTCRS_107N,NEMLTCRS_ROT20,Glycine max (Soybean),695.82,4221.5,2003,Conventional Till,None,No,74,11,0,NA,NA,0,7.5,NA,6.51,382.27,19.11889795
NEMLTCRS,NEMLTCRS_107M,NEMLTCRS_ROT22,Glycine max (Soybean),583.34,3751.17,2003,Conventional Till,None,No,74,11,67.184,NA,NA,0,7.5,NA,6.31,382.27,19.11889795
NEMLTCRS,NEMLTCRS_107S,NEMLTCRS_ROT21,Glycine max (Soybean),884.75,4714.77,2003,Conventional Till,None,No,74,11,33.592,NA,NA,0,7.5,NA,6.46,382.27,19.11889795
NEMLTCRS,NEMLTCRS_108N,NEMLTCRS_ROT41,Zea mays (Corn),3010.28,14389.17,2003,Conventional Till,None,No,74,11,89.998,NA,NA,0,7.5,NA,6.04,382.27,19.11889795
NEMLTCRS,NEMLTCRS_108M,NEMLTCRS_ROT40,Zea mays (Corn),2301.17,11292.51,2003,Conventional Till,None,No,74,11,0,NA,NA,0,7.5,NA,6.6,382.27,19.11889795
NEMLTCRS,NEMLTCRS_108S,NEMLTCRS_ROT42,Zea mays (Corn),3262.75,15039.12,2003,Conventional Till,None,No,74,11,179.996,NA,NA,0,7.5,NA,5.62,382.27,19.11889795
NEMLTCRS,NEMLTCRS_112N,NEMLTCRS_ROT60,Glycine max (Soybean),956.35,5041.71,2003,Conventional Till,None,No,74,11,0,NA,NA,0,7.5,NA,6.67,382.27,19.11889795
NEMLTCRS,NEMLTCRS_112M,NEMLTCRS_ROT62,Glycine max (Soybean),1591.7,8551.98,2003,Conventional Till,None,No,74,11,67.184,NA,NA,0,7.5,NA,6.01,382.27,19.11889795
NEMLTCRS,NEMLTCRS_112S,NEMLTCRS_ROT61,Glycine max (Soybean),1207.68,6773.9,2003,Conventional Till,None,No,74,11,33.592,NA,NA,0,7.5,NA,6.53,382.27,19.11889795
NEMLTCRS,NEMLTCRS_113N,NEMLTCRS_ROT62,Zea mays (Corn),3773.24,17442.33,2003,Conventional Till,None,No,74,11,179.996,NA,NA,0,7.5,NA,5.34,382.27,19.11889795
NEMLTCRS,NEMLTCRS_113M,NEMLTCRS_ROT60,Zea mays (Corn),1871.16,9597.06,2003,Conventional Till,None,No,74,11,0,NA,NA,0,7.5,NA,6.99,382.27,19.11889795
NEMLTCRS,NEMLTCRS_113S,NEMLTCRS_ROT61,Zea mays (Corn),2960.7,13782.64,2003,Conventional Till,None,No,74,11,89.998,NA,NA,0,7.5,NA,6.55,382.27,19.11889795
NEMLTCRS,NEMLTCRS_115N,NEMLTCRS_ROT12,Zea mays (Corn),2963.13,13647.83,2003,Conventional Till,None,No,74,11,179.996,NA,NA,0,7.5,NA,4.72,382.27,19.11889795
NEMLTCRS,NEMLTCRS_115M,NEMLTCRS_ROT11,Zea mays (Corn),3131.72,14636.53,2003,Conventional Till,None,No,74,11,0,NA,NA,0,7.5,NA,6.11,382.27,19.11889795
NEMLTCRS,NEMLTCRS_115S,NEMLTCRS_ROT10,Zea mays (Corn),1657.11,8154.77,2003,Conventional Till,None,No,74,11,89.998,NA,NA,0,7.5,NA,6.91,382.27,19.11889795
NEMLTCRS,NEMLTCRS_201N,NEMLTCRS_ROT40,Zea mays (Corn),1774.28,8766.24,2003,Conventional Till,None,No,74,11,0,NA,NA,0,7.5,NA,7.35,382.27,19.11889795
NEMLTCRS,NEMLTCRS_201M,NEMLTCRS_ROT41,Zea mays (Corn),2373.45,11062.83,2003,Conventional Till,None,No,74,11,89.998,NA,NA,0,7.5,NA,6.87,382.27,19.11889795
NEMLTCRS,NEMLTCRS_201S,NEMLTCRS_ROT42,Zea mays (Corn),2871.74,13045.07,2003,Conventional Till,None,No,74,11,179.996,NA,NA,0,7.5,NA,6.06,382.27,19.11889795
NEMLTCRS,NEMLTCRS_205N,NEMLTCRS_ROT62,Glycine max (Soybean),1614.46,9073.93,2003,Conventional Till,None,No,74,11,67.184,NA,NA,0,7.5,NA,5.92,382.27,19.11889795
NEMLTCRS,NEMLTCRS_205M,NEMLTCRS_ROT61,Glycine max (Soybean),914.07,5816.03,2003,Conventional Till,None,No,74,11,33.592,NA,NA,0,7.5,NA,6.45,382.27,19.11889795
NEMLTCRS,NEMLTCRS_205S,NEMLTCRS_ROT60,Glycine max (Soybean),1132.25,6171.65,2003,Conventional Till,None,No,74,11,0,NA,NA,0,7.5,NA,6.78,382.27,19.11889795
NEMLTCRS,NEMLTCRS_206N,NEMLTCRS_ROT61,Zea mays (Corn),3128.27,14356.49,2003,Conventional Till,None,No,74,11,89.998,NA,NA,0,7.5,NA,6.47,382.27,19.11889795
NEMLTCRS,NEMLTCRS_206M,NEMLTCRS_ROT60,Zea mays (Corn),2200.36,11962.73,2003,Conventional Till,None,No,74,11,0,NA,NA,0,7.5,NA,6.97,382.27,19.11889795
NEMLTCRS,NEMLTCRS_206S,NEMLTCRS_ROT62,Zea mays (Corn),3578.58,15499.33,2003,Conventional Till,None,No,74,11,179.996,NA,NA,0,7.5,NA,5.5,382.27,19.11889795
NEMLTCRS,NEMLTCRS_208N,NEMLTCRS_ROT12,Zea mays (Corn),3511.18,15396.61,2003,Conventional Till,None,No,74,11,179.996,NA,NA,0,7.5,NA,5.34,382.27,19.11889795
NEMLTCRS,NEMLTCRS_208M,NEMLTCRS_ROT10,Zea mays (Corn),1959.9,9397.99,2003,Conventional Till,None,No,74,11,0,NA,NA,0,7.5,NA,6.94,382.27,19.11889795
NEMLTCRS,NEMLTCRS_208S,NEMLTCRS_ROT11,Zea mays (Corn),3132.82,13615.93,2003,Conventional Till,None,No,74,11,89.998,NA,NA,0,7.5,NA,6.08,382.27,19.11889795
NEMLTCRS,NEMLTCRS_209N,NEMLTCRS_ROT50,Glycine max (Soybean),1374.79,7427.77,2003,Conventional Till,None,No,74,11,0,NA,NA,0,7.5,NA,7.02,382.27,19.11889795
NEMLTCRS,NEMLTCRS_209M,NEMLTCRS_ROT52,Glycine max (Soybean),1360.06,7152.46,2003,Conventional Till,None,No,74,11,67.184,NA,NA,0,7.5,NA,6.45,382.27,19.11889795
NEMLTCRS,NEMLTCRS_209S,NEMLTCRS_ROT51,Glycine max (Soybean),1366.49,7083.63,2003,Conventional Till,None,No,74,11,33.592,NA,NA,0,7.5,NA,6.69,382.27,19.11889795
NEMLTCRS,NEMLTCRS_210N,NEMLTCRS_ROT41,Glycine max (Soybean),1325.18,7244.23,2003,Conventional Till,None,No,74,11,33.592,NA,NA,0,7.5,NA,6.91,382.27,19.11889795
NEMLTCRS,NEMLTCRS_210M,NEMLTCRS_ROT40,Glycine max (Soybean),1289.17,6796.84,2003,Conventional Till,None,No,74,11,0,NA,NA,0,7.5,NA,7.17,382.27,19.11889795
NEMLTCRS,NEMLTCRS_210S,NEMLTCRS_ROT42,Glycine max (Soybean),1323.28,7072.16,2003,Conventional Till,None,No,74,11,67.184,NA,NA,0,7.5,NA,6.26,382.27,19.11889795
NEMLTCRS,NEMLTCRS_212N,NEMLTCRS_ROT71,Glycine max (Soybean),1514.88,7961.2,2003,Conventional Till,None,No,74,11,33.592,NA,NA,0,7.5,NA,6.73,382.27,19.11889795
NEMLTCRS,NEMLTCRS_212M,NEMLTCRS_ROT70,Glycine max (Soybean),1308.15,7525.28,2003,Conventional Till,None,No,74,11,0,NA,NA,0,7.5,NA,7.07,382.27,19.11889795
NEMLTCRS,NEMLTCRS_212S,NEMLTCRS_ROT72,Glycine max (Soybean),1245.56,6859.94,2003,Conventional Till,None,No,74,11,67.184,NA,NA,0,7.5,NA,5.73,382.27,19.11889795
NEMLTCRS,NEMLTCRS_213N,NEMLTCRS_ROT70,Zea mays (Corn),2244.94,11360.44,2003,Conventional Till,None,No,74,11,0,NA,NA,0,7.5,NA,6.82,382.27,19.11889795
NEMLTCRS,NEMLTCRS_213M,NEMLTCRS_ROT71,Zea mays (Corn),3231.56,14090.59,2003,Conventional Till,None,No,74,11,89.998,NA,NA,0,7.5,NA,6.56,382.27,19.11889795
NEMLTCRS,NEMLTCRS_213S,NEMLTCRS_ROT72,Zea mays (Corn),3297.21,14046.81,2003,Conventional Till,None,No,74,11,179.996,NA,NA,0,7.5,NA,5.9,382.27,19.11889795
NEMLTCRS,NEMLTCRS_215N,NEMLTCRS_ROT22,Glycine max (Soybean),999.48,5477.62,2003,Conventional Till,None,No,74,11,67.184,NA,NA,0,7.5,NA,6.26,382.27,19.11889795
NEMLTCRS,NEMLTCRS_215M,NEMLTCRS_ROT21,Glycine max (Soybean),909.31,5064.65,2003,Conventional Till,None,No,74,11,33.592,NA,NA,0,7.5,NA,6.67,382.27,19.11889795
NEMLTCRS,NEMLTCRS_215S,NEMLTCRS_ROT20,Glycine max (Soybean),948.44,5110.54,2003,Conventional Till,None,No,74,11,0,NA,NA,0,7.5,NA,6.84,382.27,19.11889795
NEMLTCRS,NEMLTCRS_301N,NEMLTCRS_ROT71,Glycine max (Soybean),1121.99,7376.15,2003,Conventional Till,None,No,74,11,33.592,NA,NA,0,7.5,NA,6.46,382.27,19.11889795
NEMLTCRS,NEMLTCRS_301M,NEMLTCRS_ROT72,Glycine max (Soybean),1275.81,7829.27,2003,Conventional Till,None,No,74,11,67.184,NA,NA,0,7.5,NA,5.84,382.27,19.11889795
NEMLTCRS,NEMLTCRS_301S,NEMLTCRS_ROT70,Glycine max (Soybean),855.62,5242.46,2003,Conventional Till,None,No,74,11,0,NA,NA,0,7.5,NA,6.64,382.27,19.11889795
NEMLTCRS,NEMLTCRS_302N,NEMLTCRS_ROT72,Zea mays (Corn),2284.94,11614.98,2003,Conventional Till,None,No,74,11,179.996,NA,NA,0,7.5,NA,6.27,382.27,19.11889795
NEMLTCRS,NEMLTCRS_302M,NEMLTCRS_ROT70,Zea mays (Corn),1883.24,10350.64,2003,Conventional Till,None,No,74,11,0,NA,NA,0,7.5,NA,7.02,382.27,19.11889795
NEMLTCRS,NEMLTCRS_302S,NEMLTCRS_ROT71,Zea mays (Corn),2819.14,12676.99,2003,Conventional Till,None,No,74,11,89.998,NA,NA,0,7.5,NA,6.68,382.27,19.11889795
NEMLTCRS,NEMLTCRS_304N,NEMLTCRS_ROT22,Glycine max (Soybean),696.8,4341.95,2003,Conventional Till,None,No,74,11,67.184,NA,NA,0,7.5,NA,6.34,382.27,19.11889795
NEMLTCRS,NEMLTCRS_304M,NEMLTCRS_ROT21,Glycine max (Soybean),434.05,4095.31,2003,Conventional Till,None,No,74,11,33.592,NA,NA,0,7.5,NA,6.61,382.27,19.11889795
NEMLTCRS,NEMLTCRS_304S,NEMLTCRS_ROT20,Glycine max (Soybean),624.49,3797.05,2003,Conventional Till,None,No,74,11,0,NA,NA,0,7.5,NA,6.59,382.27,19.11889795
NEMLTCRS,NEMLTCRS_305N,NEMLTCRS_ROT41,Zea mays (Corn),1963.41,9329.92,2003,Conventional Till,None,No,74,11,89.998,NA,NA,0,7.5,NA,6.17,382.27,19.11889795
NEMLTCRS,NEMLTCRS_305M,NEMLTCRS_ROT40,Zea mays (Corn),1659.72,9134.84,2003,Conventional Till,None,No,74,11,0,NA,NA,0,7.5,NA,6.67,382.27,19.11889795
NEMLTCRS,NEMLTCRS_305S,NEMLTCRS_ROT42,Zea mays (Corn),2509.13,12109.01,2003,Conventional Till,None,No,74,11,179.996,NA,NA,0,7.5,NA,5.56,382.27,19.11889795
NEMLTCRS,NEMLTCRS_309N,NEMLTCRS_ROT62,Glycine max (Soybean),1262.25,7152.46,2003,Conventional Till,None,No,74,11,67.184,NA,NA,0,7.5,NA,6.12,382.27,19.11889795
NEMLTCRS,NEMLTCRS_309M,NEMLTCRS_ROT60,Glycine max (Soybean),1282.22,6882.88,2003,Conventional Till,None,No,74,11,0,NA,NA,0,7.5,NA,6.9,382.27,19.11889795
NEMLTCRS,NEMLTCRS_309S,NEMLTCRS_ROT61,Glycine max (Soybean),794.39,5569.4,2003,Conventional Till,None,No,74,11,33.592,NA,NA,0,7.5,NA,6.69,382.27,19.11889795
NEMLTCRS,NEMLTCRS_310N,NEMLTCRS_ROT62,Zea mays (Corn),3813.44,17128.17,2003,Conventional Till,None,No,74,11,179.996,NA,NA,0,7.5,NA,5.62,382.27,19.11889795
NEMLTCRS,NEMLTCRS_310M,NEMLTCRS_ROT60,Zea mays (Corn),3487.09,16360.35,2003,Conventional Till,None,No,74,11,0,NA,NA,0,7.5,NA,6.96,382.27,19.11889795
NEMLTCRS,NEMLTCRS_310S,NEMLTCRS_ROT61,Zea mays (Corn),2903.2,13680.14,2003,Conventional Till,None,No,74,11,89.998,NA,NA,0,7.5,NA,6.54,382.27,19.11889795
NEMLTCRS,NEMLTCRS_312N,NEMLTCRS_ROT10,Zea mays (Corn),1484.74,8460.84,2003,Conventional Till,None,No,74,11,0,NA,NA,0,7.5,NA,6.72,382.27,19.11889795
NEMLTCRS,NEMLTCRS_312M,NEMLTCRS_ROT11,Zea mays (Corn),3749.54,15257.18,2003,Conventional Till,None,No,74,11,89.998,NA,NA,0,7.5,NA,6.11,382.27,19.11889795
NEMLTCRS,NEMLTCRS_312S,NEMLTCRS_ROT12,Zea mays (Corn),3763.25,16907.45,2003,Conventional Till,None,No,74,11,179.996,NA,NA,0,7.5,NA,5.17,382.27,19.11889795
NEMLTCRS,NEMLTCRS_313N,NEMLTCRS_ROT51,Glycine max (Soybean),1143.88,6165.91,2003,Conventional Till,None,No,74,11,33.592,NA,NA,0,7.5,NA,6.39,382.27,19.11889795
NEMLTCRS,NEMLTCRS_313M,NEMLTCRS_ROT52,Glycine max (Soybean),1376.78,7628.52,2003,Conventional Till,None,No,74,11,67.184,NA,NA,0,7.5,NA,5.76,382.27,19.11889795
NEMLTCRS,NEMLTCRS_313S,NEMLTCRS_ROT50,Glycine max (Soybean),1212.71,6441.23,2003,Conventional Till,None,No,74,11,0,NA,NA,0,7.5,NA,6.75,382.27,19.11889795
NEMLTCRS,NEMLTCRS_314N,NEMLTCRS_ROT41,Glycine max (Soybean),1185.82,6274.89,2003,Conventional Till,None,No,74,11,33.592,NA,NA,0,7.5,NA,6.6,382.27,19.11889795
NEMLTCRS,NEMLTCRS_314M,NEMLTCRS_ROT42,Glycine max (Soybean),1390.66,7278.64,2003,Conventional Till,None,No,74,11,67.184,NA,NA,0,7.5,NA,6.21,382.27,19.11889795
NEMLTCRS,NEMLTCRS_314S,NEMLTCRS_ROT40,Glycine max (Soybean),1115.59,6079.88,2003,Conventional Till,None,No,74,11,0,NA,NA,0,7.5,NA,6.92,382.27,19.11889795
NEMLTCRS,NEMLTCRS_401N,NEMLTCRS_ROT41,Zea mays (Corn),2161.87,11278.97,2003,Conventional Till,None,No,74,11,89.998,NA,NA,0,7.5,NA,6.08,382.27,19.11889795
NEMLTCRS,NEMLTCRS_401M,NEMLTCRS_ROT42,Zea mays (Corn),2236.44,11398.68,2003,Conventional Till,None,No,74,11,179.996,NA,NA,0,7.5,NA,5.49,382.27,19.11889795
NEMLTCRS,NEMLTCRS_401S,NEMLTCRS_ROT40,Zea mays (Corn),1676.58,9462.03,2003,Conventional Till,None,No,74,11,0,NA,NA,0,7.5,NA,6.45,382.27,19.11889795
NEMLTCRS,NEMLTCRS_402N,NEMLTCRS_ROT61,Glycine max (Soybean),910.75,5276.87,2003,Conventional Till,None,No,74,11,33.592,NA,NA,0,7.5,NA,6.59,382.27,19.11889795
NEMLTCRS,NEMLTCRS_402M,NEMLTCRS_ROT60,Glycine max (Soybean),810.45,4990.09,2003,Conventional Till,None,No,74,11,0,NA,NA,0,7.5,NA,6.76,382.27,19.11889795
NEMLTCRS,NEMLTCRS_402S,NEMLTCRS_ROT62,Glycine max (Soybean),780.84,5494.83,2003,Conventional Till,None,No,74,11,67.184,NA,NA,0,7.5,NA,6.12,382.27,19.11889795
NEMLTCRS,NEMLTCRS_403N,NEMLTCRS_ROT72,Glycine max (Soybean),1159.63,6326.51,2003,Conventional Till,None,No,74,11,67.184,NA,NA,0,7.5,NA,6.17,382.27,19.11889795
NEMLTCRS,NEMLTCRS_403M,NEMLTCRS_ROT70,Glycine max (Soybean),968.88,5540.72,2003,Conventional Till,None,No,74,11,0,NA,NA,0,7.5,NA,6.85,382.27,19.11889795
NEMLTCRS,NEMLTCRS_403S,NEMLTCRS_ROT71,Glycine max (Soybean),1109.6,6217.53,2003,Conventional Till,None,No,74,11,33.592,NA,NA,0,7.5,NA,6.57,382.27,19.11889795
NEMLTCRS,NEMLTCRS_407N,NEMLTCRS_ROT10,Zea mays (Corn),1959.54,9282.65,2003,Conventional Till,None,No,74,11,0,NA,NA,0,7.5,NA,6.61,382.27,19.11889795
NEMLTCRS,NEMLTCRS_407M,NEMLTCRS_ROT12,Zea mays (Corn),3138.59,14809.22,2003,Conventional Till,None,No,74,11,179.996,NA,NA,0,7.5,NA,4.86,382.27,19.11889795
NEMLTCRS,NEMLTCRS_407S,NEMLTCRS_ROT11,Zea mays (Corn),3220,13895.89,2003,Conventional Till,None,No,74,11,89.998,NA,NA,0,7.5,NA,5.95,382.27,19.11889795
NEMLTCRS,NEMLTCRS_408N,NEMLTCRS_ROT62,Zea mays (Corn),3761.03,17050.27,2003,Conventional Till,None,No,74,11,179.996,NA,NA,0,7.5,NA,5.44,382.27,19.11889795
NEMLTCRS,NEMLTCRS_408M,NEMLTCRS_ROT60,Zea mays (Corn),2432.14,11571.04,2003,Conventional Till,None,No,74,11,0,NA,NA,0,7.5,NA,6.71,382.27,19.11889795
NEMLTCRS,NEMLTCRS_408S,NEMLTCRS_ROT61,Zea mays (Corn),3280.62,15262.41,2003,Conventional Till,None,No,74,11,89.998,NA,NA,0,7.5,NA,6.2,382.27,19.11889795
NEMLTCRS,NEMLTCRS_409N,NEMLTCRS_ROT51,Glycine max (Soybean),368.15,2976.84,2003,Conventional Till,None,No,74,11,33.592,NA,NA,0,7.5,NA,6.6,382.27,19.11889795
NEMLTCRS,NEMLTCRS_409M,NEMLTCRS_ROT52,Glycine max (Soybean),1014.53,5552.19,2003,Conventional Till,None,No,74,11,67.184,NA,NA,0,7.5,NA,6.05,382.27,19.11889795
NEMLTCRS,NEMLTCRS_409S,NEMLTCRS_ROT50,Glycine max (Soybean),1201.14,6263.42,2003,Conventional Till,None,No,74,11,0,NA,NA,0,7.5,NA,6.86,382.27,19.11889795
NEMLTCRS,NEMLTCRS_411N,NEMLTCRS_ROT22,Glycine max (Soybean),803.78,5013.03,2003,Conventional Till,None,No,74,11,67.184,NA,NA,0,7.5,NA,6.7,382.27,19.11889795
NEMLTCRS,NEMLTCRS_411M,NEMLTCRS_ROT20,Glycine max (Soybean),993.94,5512.04,2003,Conventional Till,None,No,74,11,0,NA,NA,0,7.5,NA,7.08,382.27,19.11889795
NEMLTCRS,NEMLTCRS_411S,NEMLTCRS_ROT21,Glycine max (Soybean),1063.57,6206.06,2003,Conventional Till,None,No,74,11,33.592,NA,NA,0,7.5,NA,6.95,382.27,19.11889795
NEMLTCRS,NEMLTCRS_412N,NEMLTCRS_ROT70,Zea mays (Corn),2716.52,12768.36,2003,Conventional Till,None,No,74,11,0,NA,NA,0,7.5,NA,6.86,382.27,19.11889795
NEMLTCRS,NEMLTCRS_412M,NEMLTCRS_ROT71,Zea mays (Corn),3253.91,14796.51,2003,Conventional Till,None,No,74,11,89.998,NA,NA,0,7.5,NA,6.55,382.27,19.11889795
NEMLTCRS,NEMLTCRS_412S,NEMLTCRS_ROT72,Zea mays (Corn),3964.88,15741.59,2003,Conventional Till,None,No,74,11,179.996,NA,NA,0,7.5,NA,6.04,382.27,19.11889795
NEMLTCRS,NEMLTCRS_414N,NEMLTCRS_ROT41,Glycine max (Soybean),993.76,5586.6,2003,Conventional Till,None,No,74,11,33.592,NA,NA,0,7.5,NA,6.64,382.27,19.11889795
NEMLTCRS,NEMLTCRS_414M,NEMLTCRS_ROT42,Glycine max (Soybean),974.63,5299.82,2003,Conventional Till,None,No,74,11,67.184,NA,NA,0,7.5,NA,6.24,382.27,19.11889795
NEMLTCRS,NEMLTCRS_414S,NEMLTCRS_ROT40,Glycine max (Soybean),879.03,4789.34,2003,Conventional Till,None,No,74,11,0,NA,NA,0,7.5,NA,6.83,382.27,19.11889795
NEMLTCRS,NEMLTCRS_501N,NEMLTCRS_ROT71,Glycine max (Soybean),733.06,5959.43,2003,Conventional Till,None,No,74,11,33.592,NA,NA,0,7.5,NA,6.15,382.27,19.11889795
NEMLTCRS,NEMLTCRS_501M,NEMLTCRS_ROT72,Glycine max (Soybean),979.87,5643.96,2003,Conventional Till,None,No,74,11,67.184,NA,NA,0,7.5,NA,5.51,382.27,19.11889795
NEMLTCRS,NEMLTCRS_501S,NEMLTCRS_ROT70,Glycine max (Soybean),1063.44,5988.1,2003,Conventional Till,None,No,74,11,0,NA,NA,0,7.5,NA,6.33,382.27,19.11889795
NEMLTCRS,NEMLTCRS_502N,NEMLTCRS_ROT62,Glycine max (Soybean),875.86,4972.88,2003,Conventional Till,None,No,74,11,67.184,NA,NA,0,7.5,NA,6.66,382.27,19.11889795
NEMLTCRS,NEMLTCRS_502M,NEMLTCRS_ROT61,Glycine max (Soybean),961.23,5483.36,2003,Conventional Till,None,No,74,11,33.592,NA,NA,0,7.5,NA,6.7,382.27,19.11889795
NEMLTCRS,NEMLTCRS_502S,NEMLTCRS_ROT60,Glycine max (Soybean),930.44,5793.09,2003,Conventional Till,None,No,74,11,0,NA,NA,0,7.5,NA,6.18,382.27,19.11889795
NEMLTCRS,NEMLTCRS_503N,NEMLTCRS_ROT40,Glycine max (Soybean),671.8,4766.39,2003,Conventional Till,None,No,74,11,0,NA,NA,0,7.5,NA,7.05,382.27,19.11889795
NEMLTCRS,NEMLTCRS_503M,NEMLTCRS_ROT42,Glycine max (Soybean),1084.53,5575.13,2003,Conventional Till,None,No,74,11,67.184,NA,NA,0,7.5,NA,6.24,382.27,19.11889795
NEMLTCRS,NEMLTCRS_503S,NEMLTCRS_ROT41,Glycine max (Soybean),884.22,5225.25,2003,Conventional Till,None,No,74,11,33.592,NA,NA,0,7.5,NA,6.42,382.27,19.11889795
NEMLTCRS,NEMLTCRS_505N,NEMLTCRS_ROT71,Zea mays (Corn),3110.96,13850.95,2003,Conventional Till,None,No,74,11,89.998,NA,NA,0,7.5,NA,6.62,382.27,19.11889795
NEMLTCRS,NEMLTCRS_505M,NEMLTCRS_ROT70,Zea mays (Corn),1732.59,9101.83,2003,Conventional Till,None,No,74,11,0,NA,NA,0,7.5,NA,6.94,382.27,19.11889795
NEMLTCRS,NEMLTCRS_505S,NEMLTCRS_ROT72,Zea mays (Corn),2810.66,11388.42,2003,Conventional Till,None,No,74,11,179.996,NA,NA,0,7.5,NA,5.89,382.27,19.11889795
NEMLTCRS,NEMLTCRS_507N,NEMLTCRS_ROT12,Zea mays (Corn),3892.4,16306.04,2003,Conventional Till,None,No,74,11,179.996,NA,NA,0,7.5,NA,5.19,382.27,19.11889795
NEMLTCRS,NEMLTCRS_507M,NEMLTCRS_ROT11,Zea mays (Corn),3591.63,14719.88,2003,Conventional Till,None,No,74,11,89.998,NA,NA,0,7.5,NA,6.24,382.27,19.11889795
NEMLTCRS,NEMLTCRS_507S,NEMLTCRS_ROT10,Zea mays (Corn),2081.33,9732.54,2003,Conventional Till,None,No,74,11,0,NA,NA,0,7.5,NA,6.68,382.27,19.11889795
NEMLTCRS,NEMLTCRS_510N,NEMLTCRS_ROT21,Glycine max (Soybean),1005.76,5322.76,2003,Conventional Till,None,No,74,11,33.592,NA,NA,0,7.5,NA,6.84,382.27,19.11889795
NEMLTCRS,NEMLTCRS_510M,NEMLTCRS_ROT20,Glycine max (Soybean),1208.06,6183.12,2003,Conventional Till,None,No,74,11,0,NA,NA,0,7.5,NA,6.92,382.27,19.11889795
NEMLTCRS,NEMLTCRS_510S,NEMLTCRS_ROT22,Glycine max (Soybean),1143.59,5793.09,2003,Conventional Till,None,No,74,11,67.184,NA,NA,0,7.5,NA,6.82,382.27,19.11889795
NEMLTCRS,NEMLTCRS_511N,NEMLTCRS_ROT52,Glycine max (Soybean),921.69,5953.69,2003,Conventional Till,None,No,74,11,67.184,NA,NA,0,7.5,NA,6.26,382.27,19.11889795
NEMLTCRS,NEMLTCRS_511M,NEMLTCRS_ROT51,Glycine max (Soybean),1110.04,6051.2,2003,Conventional Till,None,No,74,11,33.592,NA,NA,0,7.5,NA,6.61,382.27,19.11889795
NEMLTCRS,NEMLTCRS_511S,NEMLTCRS_ROT50,Glycine max (Soybean),1321.88,6682.13,2003,Conventional Till,None,No,74,11,0,NA,NA,0,7.5,NA,6.83,382.27,19.11889795
NEMLTCRS,NEMLTCRS_512N,NEMLTCRS_ROT40,Zea mays (Corn),2184.23,11226.91,2003,Conventional Till,None,No,74,11,0,NA,NA,0,7.5,NA,6.71,382.27,19.11889795
NEMLTCRS,NEMLTCRS_512M,NEMLTCRS_ROT41,Zea mays (Corn),2834.72,12868.94,2003,Conventional Till,None,No,74,11,89.998,NA,NA,0,7.5,NA,6.41,382.27,19.11889795
NEMLTCRS,NEMLTCRS_512S,NEMLTCRS_ROT42,Zea mays (Corn),2979.21,14281.57,2003,Conventional Till,None,No,74,11,179.996,NA,NA,0,7.5,NA,5.77,382.27,19.11889795
NEMLTCRS,NEMLTCRS_515N,NEMLTCRS_ROT60,Zea mays (Corn),2751.92,12385.96,2003,Conventional Till,None,No,74,11,0,NA,NA,0,7.5,NA,6.51,382.27,19.11889795
NEMLTCRS,NEMLTCRS_515M,NEMLTCRS_ROT62,Zea mays (Corn),3243.38,14277.38,2003,Conventional Till,None,No,74,11,179.996,NA,NA,0,7.5,NA,5.86,382.27,19.11889795
NEMLTCRS,NEMLTCRS_515S,NEMLTCRS_ROT61,Zea mays (Corn),3362.53,14840.44,2003,Conventional Till,None,No,74,11,89.998,NA,NA,0,7.5,NA,6.02,382.27,19.11889795
NEMLTCRS,NEMLTCRS_102N,NEMLTCRS_ROT42,Zea mays (Corn),3673.74,16123.44,2004,Conventional Till,None,No,74,11,179.996,NA,NA,0,7.5,NA,6.23,377.952,19.00354318
NEMLTCRS,NEMLTCRS_102M,NEMLTCRS_ROT40,Zea mays (Corn),2406.92,11729.15,2004,Conventional Till,None,No,74,11,0,NA,NA,0,7.5,NA,6.97,377.952,19.00354318
NEMLTCRS,NEMLTCRS_102S,NEMLTCRS_ROT41,Zea mays (Corn),3756.58,15291.89,2004,Conventional Till,None,No,74,11,89.998,NA,NA,0,7.5,NA,6.66,377.952,19.00354318
NEMLTCRS,NEMLTCRS_105N,NEMLTCRS_ROT72,Glycine max (Soybean),1324.5,4818.01,2004,Conventional Till,None,No,74,11,67.184,NA,NA,0,7.5,NA,5.71,377.952,19.00354318
NEMLTCRS,NEMLTCRS_105M,NEMLTCRS_ROT70,Glycine max (Soybean),1855.24,7875.16,2004,Conventional Till,None,No,74,11,0,NA,NA,0,7.5,NA,6.83,377.952,19.00354318
NEMLTCRS,NEMLTCRS_105S,NEMLTCRS_ROT71,Glycine max (Soybean),1462.67,6515.79,2004,Conventional Till,None,No,74,11,33.592,NA,NA,0,7.5,NA,6.37,377.952,19.00354318
NEMLTCRS,NEMLTCRS_106N,NEMLTCRS_ROT70,Zea mays (Corn),3213.94,13644.21,2004,Conventional Till,None,No,74,11,0,NA,NA,0,7.5,NA,6.28,377.952,19.00354318
NEMLTCRS,NEMLTCRS_106M,NEMLTCRS_ROT72,Zea mays (Corn),3744.58,15256.52,2004,Conventional Till,None,No,74,11,179.996,NA,NA,0,7.5,NA,5.57,377.952,19.00354318
NEMLTCRS,NEMLTCRS_106S,NEMLTCRS_ROT71,Zea mays (Corn),3487.96,14502.23,2004,Conventional Till,None,No,74,11,89.998,NA,NA,0,7.5,NA,6.29,377.952,19.00354318
NEMLTCRS,NEMLTCRS_107N,NEMLTCRS_ROT20,Glycine max (Soybean),1231.24,4743.45,2004,Conventional Till,None,No,74,11,0,NA,NA,0,7.5,NA,6.51,377.952,19.00354318
NEMLTCRS,NEMLTCRS_107M,NEMLTCRS_ROT22,Glycine max (Soybean),1266.87,4640.21,2004,Conventional Till,None,No,74,11,67.184,NA,NA,0,7.5,NA,6.31,377.952,19.00354318
NEMLTCRS,NEMLTCRS_107S,NEMLTCRS_ROT21,Glycine max (Soybean),1334.76,5064.65,2004,Conventional Till,None,No,74,11,33.592,NA,NA,0,7.5,NA,6.46,377.952,19.00354318
NEMLTCRS,NEMLTCRS_108N,NEMLTCRS_ROT41,Glycine max (Soybean),1385.98,5712.79,2004,Conventional Till,None,No,74,11,33.592,NA,NA,0,7.5,NA,6.04,377.952,19.00354318
NEMLTCRS,NEMLTCRS_108M,NEMLTCRS_ROT40,Glycine max (Soybean),1620.14,6343.72,2004,Conventional Till,None,No,74,11,0,NA,NA,0,7.5,NA,6.6,377.952,19.00354318
NEMLTCRS,NEMLTCRS_108S,NEMLTCRS_ROT42,Glycine max (Soybean),1554.59,5437.47,2004,Conventional Till,None,No,74,11,67.184,NA,NA,0,7.5,NA,5.62,377.952,19.00354318
NEMLTCRS,NEMLTCRS_110N,NEMLTCRS_ROT60,Glycine max (Soybean),1472.87,6177.38,2004,Conventional Till,None,No,74,11,0,NA,NA,0,7.5,NA,6.44,377.952,19.00354318
NEMLTCRS,NEMLTCRS_110M,NEMLTCRS_ROT62,Glycine max (Soybean),1481.92,5632.49,2004,Conventional Till,None,No,74,11,67.184,NA,NA,0,7.5,NA,6.2,377.952,19.00354318
NEMLTCRS,NEMLTCRS_110S,NEMLTCRS_ROT61,Glycine max (Soybean),1325.78,5965.16,2004,Conventional Till,None,No,74,11,33.592,NA,NA,0,7.5,NA,6.57,377.952,19.00354318
NEMLTCRS,NEMLTCRS_112N,NEMLTCRS_ROT60,Zea mays (Corn),3593.94,16345.22,2004,Conventional Till,None,No,74,11,0,NA,NA,0,7.5,NA,6.67,377.952,19.00354318
NEMLTCRS,NEMLTCRS_112M,NEMLTCRS_ROT62,Zea mays (Corn),4455.1,19186.36,2004,Conventional Till,None,No,74,11,179.996,NA,NA,0,7.5,NA,6.01,377.952,19.00354318
NEMLTCRS,NEMLTCRS_112S,NEMLTCRS_ROT61,Zea mays (Corn),3887.64,16806.98,2004,Conventional Till,None,No,74,11,89.998,NA,NA,0,7.5,NA,6.53,377.952,19.00354318
NEMLTCRS,NEMLTCRS_114N,NEMLTCRS_ROT52,Glycine max (Soybean),1602.71,5798.83,2004,Conventional Till,None,No,74,11,67.184,NA,NA,0,7.5,NA,5.87,377.952,19.00354318
NEMLTCRS,NEMLTCRS_114M,NEMLTCRS_ROT51,Glycine max (Soybean),1757.32,6538.73,2004,Conventional Till,None,No,74,11,33.592,NA,NA,0,7.5,NA,6.98,377.952,19.00354318
NEMLTCRS,NEMLTCRS_114S,NEMLTCRS_ROT50,Glycine max (Soybean),1880.15,7227.02,2004,Conventional Till,None,No,74,11,0,NA,NA,0,7.5,NA,7.32,377.952,19.00354318
NEMLTCRS,NEMLTCRS_115N,NEMLTCRS_ROT12,Zea mays (Corn),3535.12,15126.74,2004,Conventional Till,None,No,74,11,179.996,NA,NA,0,7.5,NA,4.72,377.952,19.00354318
NEMLTCRS,NEMLTCRS_115M,NEMLTCRS_ROT11,Zea mays (Corn),3998.79,16247.98,2004,Conventional Till,None,No,74,11,0,NA,NA,0,7.5,NA,6.11,377.952,19.00354318
NEMLTCRS,NEMLTCRS_115S,NEMLTCRS_ROT10,Zea mays (Corn),1216.06,5982.12,2004,Conventional Till,None,No,74,11,89.998,NA,NA,0,7.5,NA,6.91,377.952,19.00354318
NEMLTCRS,NEMLTCRS_201N,NEMLTCRS_ROT40,Glycine max (Soybean),1941.41,7846.48,2004,Conventional Till,None,No,74,11,0,NA,NA,0,7.5,NA,7.35,377.952,19.00354318
NEMLTCRS,NEMLTCRS_201M,NEMLTCRS_ROT41,Glycine max (Soybean),1277.8,5190.84,2004,Conventional Till,None,No,74,11,33.592,NA,NA,0,7.5,NA,6.87,377.952,19.00354318
NEMLTCRS,NEMLTCRS_201S,NEMLTCRS_ROT42,Glycine max (Soybean),1607.23,5850.45,2004,Conventional Till,None,No,74,11,67.184,NA,NA,0,7.5,NA,6.06,377.952,19.00354318
NEMLTCRS,NEMLTCRS_203N,NEMLTCRS_ROT62,Glycine max (Soybean),1591.85,6395.34,2004,Conventional Till,None,No,74,11,67.184,NA,NA,0,7.5,NA,6.35,377.952,19.00354318
NEMLTCRS,NEMLTCRS_203M,NEMLTCRS_ROT61,Glycine max (Soybean),1483.28,5925.01,2004,Conventional Till,None,No,74,11,33.592,NA,NA,0,7.5,NA,6.83,377.952,19.00354318
NEMLTCRS,NEMLTCRS_203S,NEMLTCRS_ROT60,Glycine max (Soybean),1353.29,5707.05,2004,Conventional Till,None,No,74,11,0,NA,NA,0,7.5,NA,7.21,377.952,19.00354318
NEMLTCRS,NEMLTCRS_205N,NEMLTCRS_ROT62,Zea mays (Corn),5068.86,21235.47,2004,Conventional Till,None,No,74,11,179.996,NA,NA,0,7.5,NA,5.92,377.952,19.00354318
NEMLTCRS,NEMLTCRS_205M,NEMLTCRS_ROT61,Zea mays (Corn),4103.23,18079.42,2004,Conventional Till,None,No,74,11,89.998,NA,NA,0,7.5,NA,6.45,377.952,19.00354318
NEMLTCRS,NEMLTCRS_205S,NEMLTCRS_ROT60,Zea mays (Corn),3045.61,13972.4,2004,Conventional Till,None,No,74,11,0,NA,NA,0,7.5,NA,6.78,377.952,19.00354318
NEMLTCRS,NEMLTCRS_207N,NEMLTCRS_ROT50,Glycine max (Soybean),1605.7,6814.05,2004,Conventional Till,None,No,74,11,0,NA,NA,0,7.5,NA,6.89,377.952,19.00354318
NEMLTCRS,NEMLTCRS_207M,NEMLTCRS_ROT51,Glycine max (Soybean),1722.6,6269.16,2004,Conventional Till,None,No,74,11,33.592,NA,NA,0,7.5,NA,6.42,377.952,19.00354318
NEMLTCRS,NEMLTCRS_207S,NEMLTCRS_ROT52,Glycine max (Soybean),1554.31,5534.98,2004,Conventional Till,None,No,74,11,67.184,NA,NA,0,7.5,NA,5.53,377.952,19.00354318
NEMLTCRS,NEMLTCRS_208N,NEMLTCRS_ROT12,Zea mays (Corn),4443,20006.7,2004,Conventional Till,None,No,74,11,179.996,NA,NA,0,7.5,NA,5.34,377.952,19.00354318
NEMLTCRS,NEMLTCRS_208M,NEMLTCRS_ROT10,Zea mays (Corn),1670.83,8121.48,2004,Conventional Till,None,No,74,11,0,NA,NA,0,7.5,NA,6.94,377.952,19.00354318
NEMLTCRS,NEMLTCRS_208S,NEMLTCRS_ROT11,Zea mays (Corn),4361.43,17861.77,2004,Conventional Till,None,No,74,11,89.998,NA,NA,0,7.5,NA,6.08,377.952,19.00354318
NEMLTCRS,NEMLTCRS_210N,NEMLTCRS_ROT41,Zea mays (Corn),4065.43,16130,2004,Conventional Till,None,No,74,11,89.998,NA,NA,0,7.5,NA,6.91,377.952,19.00354318
NEMLTCRS,NEMLTCRS_210M,NEMLTCRS_ROT40,Zea mays (Corn),2645.24,12241.3,2004,Conventional Till,None,No,74,11,0,NA,NA,0,7.5,NA,7.17,377.952,19.00354318
NEMLTCRS,NEMLTCRS_210S,NEMLTCRS_ROT42,Zea mays (Corn),4312.82,17334.21,2004,Conventional Till,None,No,74,11,179.996,NA,NA,0,7.5,NA,6.26,377.952,19.00354318
NEMLTCRS,NEMLTCRS_213N,NEMLTCRS_ROT70,Glycine max (Soybean),1605.21,6997.59,2004,Conventional Till,None,No,74,11,0,NA,NA,0,7.5,NA,6.82,377.952,19.00354318
NEMLTCRS,NEMLTCRS_213M,NEMLTCRS_ROT71,Glycine max (Soybean),1551.83,5925.01,2004,Conventional Till,None,No,74,11,33.592,NA,NA,0,7.5,NA,6.56,377.952,19.00354318
NEMLTCRS,NEMLTCRS_213S,NEMLTCRS_ROT72,Glycine max (Soybean),1863.71,6991.86,2004,Conventional Till,None,No,74,11,67.184,NA,NA,0,7.5,NA,5.9,377.952,19.00354318
NEMLTCRS,NEMLTCRS_214N,NEMLTCRS_ROT72,Zea mays (Corn),4412.24,19199.7,2004,Conventional Till,None,No,74,11,179.996,NA,NA,0,7.5,NA,6.13,377.952,19.00354318
NEMLTCRS,NEMLTCRS_214M,NEMLTCRS_ROT70,Zea mays (Corn),3272.88,13984.09,2004,Conventional Till,None,No,74,11,0,NA,NA,0,7.5,NA,6.87,377.952,19.00354318
NEMLTCRS,NEMLTCRS_214S,NEMLTCRS_ROT71,Zea mays (Corn),3690.34,16776.21,2004,Conventional Till,None,No,74,11,89.998,NA,NA,0,7.5,NA,6.62,377.952,19.00354318
NEMLTCRS,NEMLTCRS_215N,NEMLTCRS_ROT22,Glycine max (Soybean),1221.36,4508.29,2004,Conventional Till,None,No,74,11,67.184,NA,NA,0,7.5,NA,6.26,377.952,19.00354318
NEMLTCRS,NEMLTCRS_215M,NEMLTCRS_ROT21,Glycine max (Soybean),1373.54,4944.2,2004,Conventional Till,None,No,74,11,33.592,NA,NA,0,7.5,NA,6.67,377.952,19.00354318
NEMLTCRS,NEMLTCRS_215S,NEMLTCRS_ROT20,Glycine max (Soybean),1607.69,5787.35,2004,Conventional Till,None,No,74,11,0,NA,NA,0,7.5,NA,6.84,377.952,19.00354318
NEMLTCRS,NEMLTCRS_302N,NEMLTCRS_ROT72,Glycine max (Soybean),1378,5225.25,2004,Conventional Till,None,No,74,11,67.184,NA,NA,0,7.5,NA,6.27,377.952,19.00354318
NEMLTCRS,NEMLTCRS_302M,NEMLTCRS_ROT70,Glycine max (Soybean),1364.49,5144.95,2004,Conventional Till,None,No,74,11,0,NA,NA,0,7.5,NA,7.02,377.952,19.00354318
NEMLTCRS,NEMLTCRS_302S,NEMLTCRS_ROT71,Glycine max (Soybean),1717.78,6332.25,2004,Conventional Till,None,No,74,11,33.592,NA,NA,0,7.5,NA,6.68,377.952,19.00354318
NEMLTCRS,NEMLTCRS_303N,NEMLTCRS_ROT71,Zea mays (Corn),3848.83,16367.1,2004,Conventional Till,None,No,74,11,89.998,NA,NA,0,7.5,NA,6.7,377.952,19.00354318
NEMLTCRS,NEMLTCRS_303M,NEMLTCRS_ROT70,Zea mays (Corn),3122.03,13345.3,2004,Conventional Till,None,No,74,11,0,NA,NA,0,7.5,NA,6.8,377.952,19.00354318
NEMLTCRS,NEMLTCRS_303S,NEMLTCRS_ROT72,Zea mays (Corn),4217.1,19164.88,2004,Conventional Till,None,No,74,11,179.996,NA,NA,0,7.5,NA,6.07,377.952,19.00354318
NEMLTCRS,NEMLTCRS_304N,NEMLTCRS_ROT22,Glycine max (Soybean),1170.88,4416.51,2004,Conventional Till,None,No,74,11,67.184,NA,NA,0,7.5,NA,6.34,377.952,19.00354318
NEMLTCRS,NEMLTCRS_304M,NEMLTCRS_ROT21,Glycine max (Soybean),1345.59,5374.38,2004,Conventional Till,None,No,74,11,33.592,NA,NA,0,7.5,NA,6.61,377.952,19.00354318
NEMLTCRS,NEMLTCRS_304S,NEMLTCRS_ROT20,Glycine max (Soybean),1237.29,4869.64,2004,Conventional Till,None,No,74,11,0,NA,NA,0,7.5,NA,6.59,377.952,19.00354318
NEMLTCRS,NEMLTCRS_305N,NEMLTCRS_ROT41,Glycine max (Soybean),1502.71,6246.21,2004,Conventional Till,None,No,74,11,33.592,NA,NA,0,7.5,NA,6.17,377.952,19.00354318
NEMLTCRS,NEMLTCRS_305M,NEMLTCRS_ROT40,Glycine max (Soybean),1390.96,5489.1,2004,Conventional Till,None,No,74,11,0,NA,NA,0,7.5,NA,6.67,377.952,19.00354318
NEMLTCRS,NEMLTCRS_305S,NEMLTCRS_ROT42,Glycine max (Soybean),1624.91,5867.65,2004,Conventional Till,None,No,74,11,67.184,NA,NA,0,7.5,NA,5.56,377.952,19.00354318
NEMLTCRS,NEMLTCRS_307N,NEMLTCRS_ROT60,Glycine max (Soybean),1664.88,5999.58,2004,Conventional Till,None,No,74,11,0,NA,NA,0,7.5,NA,6.61,377.952,19.00354318
NEMLTCRS,NEMLTCRS_307M,NEMLTCRS_ROT62,Glycine max (Soybean),1400.05,5104.8,2004,Conventional Till,None,No,74,11,67.184,NA,NA,0,7.5,NA,5.54,377.952,19.00354318
NEMLTCRS,NEMLTCRS_307S,NEMLTCRS_ROT61,Glycine max (Soybean),1491.66,6108.55,2004,Conventional Till,None,No,74,11,33.592,NA,NA,0,7.5,NA,6.24,377.952,19.00354318
NEMLTCRS,NEMLTCRS_309N,NEMLTCRS_ROT62,Zea mays (Corn),4415.99,19101.93,2004,Conventional Till,None,No,74,11,179.996,NA,NA,0,7.5,NA,6.12,377.952,19.00354318
NEMLTCRS,NEMLTCRS_309M,NEMLTCRS_ROT60,Zea mays (Corn),3261.19,14043.36,2004,Conventional Till,None,No,74,11,0,NA,NA,0,7.5,NA,6.9,377.952,19.00354318
NEMLTCRS,NEMLTCRS_309S,NEMLTCRS_ROT61,Zea mays (Corn),4440.11,18322.77,2004,Conventional Till,None,No,74,11,89.998,NA,NA,0,7.5,NA,6.69,377.952,19.00354318
NEMLTCRS,NEMLTCRS_311N,NEMLTCRS_ROT51,Glycine max (Soybean),1635.23,6332.25,2004,Conventional Till,None,No,74,11,33.592,NA,NA,0,7.5,NA,6.61,377.952,19.00354318
NEMLTCRS,NEMLTCRS_311M,NEMLTCRS_ROT52,Glycine max (Soybean),1802.23,6756.69,2004,Conventional Till,None,No,74,11,67.184,NA,NA,0,7.5,NA,6.75,377.952,19.00354318
NEMLTCRS,NEMLTCRS_311S,NEMLTCRS_ROT50,Glycine max (Soybean),1372.48,5351.44,2004,Conventional Till,None,No,74,11,0,NA,NA,0,7.5,NA,6.86,377.952,19.00354318
NEMLTCRS,NEMLTCRS_312N,NEMLTCRS_ROT10,Zea mays (Corn),1055.11,5431.83,2004,Conventional Till,None,No,74,11,0,NA,NA,0,7.5,NA,6.72,377.952,19.00354318
NEMLTCRS,NEMLTCRS_312M,NEMLTCRS_ROT11,Zea mays (Corn),3589.44,15081.32,2004,Conventional Till,None,No,74,11,89.998,NA,NA,0,7.5,NA,6.11,377.952,19.00354318
NEMLTCRS,NEMLTCRS_312S,NEMLTCRS_ROT12,Zea mays (Corn),3715.95,17705.88,2004,Conventional Till,None,No,74,11,179.996,NA,NA,0,7.5,NA,5.17,377.952,19.00354318
NEMLTCRS,NEMLTCRS_314N,NEMLTCRS_ROT41,Zea mays (Corn),3299.84,13665.8,2004,Conventional Till,None,No,74,11,89.998,NA,NA,0,7.5,NA,6.6,377.952,19.00354318
NEMLTCRS,NEMLTCRS_314M,NEMLTCRS_ROT42,Zea mays (Corn),4182.49,17119.85,2004,Conventional Till,None,No,74,11,179.996,NA,NA,0,7.5,NA,6.21,377.952,19.00354318
NEMLTCRS,NEMLTCRS_314S,NEMLTCRS_ROT40,Zea mays (Corn),2677.88,11805.03,2004,Conventional Till,None,No,74,11,0,NA,NA,0,7.5,NA,6.92,377.952,19.00354318
NEMLTCRS,NEMLTCRS_401N,NEMLTCRS_ROT41,Glycine max (Soybean),1547.55,6045.46,2004,Conventional Till,None,No,74,11,33.592,NA,NA,0,7.5,NA,6.08,377.952,19.00354318
NEMLTCRS,NEMLTCRS_401M,NEMLTCRS_ROT42,Glycine max (Soybean),1477.66,5322.76,2004,Conventional Till,None,No,74,11,67.184,NA,NA,0,7.5,NA,5.49,377.952,19.00354318
NEMLTCRS,NEMLTCRS_401S,NEMLTCRS_ROT40,Glycine max (Soybean),1407.66,5305.55,2004,Conventional Till,None,No,74,11,0,NA,NA,0,7.5,NA,6.45,377.952,19.00354318
NEMLTCRS,NEMLTCRS_402N,NEMLTCRS_ROT61,Zea mays (Corn),4209.1,18044.61,2004,Conventional Till,None,No,74,11,89.998,NA,NA,0,7.5,NA,6.59,377.952,19.00354318
NEMLTCRS,NEMLTCRS_402M,NEMLTCRS_ROT60,Zea mays (Corn),3750.81,15968.43,2004,Conventional Till,None,No,74,11,0,NA,NA,0,7.5,NA,6.76,377.952,19.00354318
NEMLTCRS,NEMLTCRS_402S,NEMLTCRS_ROT62,Zea mays (Corn),4110.92,18461.49,2004,Conventional Till,None,No,74,11,179.996,NA,NA,0,7.5,NA,6.12,377.952,19.00354318
NEMLTCRS,NEMLTCRS_404N,NEMLTCRS_ROT60,Glycine max (Soybean),1642.45,6429.76,2004,Conventional Till,None,No,74,11,0,NA,NA,0,7.5,NA,6.54,377.952,19.00354318
NEMLTCRS,NEMLTCRS_404M,NEMLTCRS_ROT61,Glycine max (Soybean),1336.55,4863.9,2004,Conventional Till,None,No,74,11,33.592,NA,NA,0,7.5,NA,6.21,377.952,19.00354318
NEMLTCRS,NEMLTCRS_404S,NEMLTCRS_ROT62,Glycine max (Soybean),1616.48,5913.54,2004,Conventional Till,None,No,74,11,67.184,NA,NA,0,7.5,NA,5.61,377.952,19.00354318
NEMLTCRS,NEMLTCRS_406N,NEMLTCRS_ROT72,Zea mays (Corn),2910.48,14115.79,2004,Conventional Till,None,No,74,11,179.996,NA,NA,0,7.5,NA,6.05,377.952,19.00354318
NEMLTCRS,NEMLTCRS_406M,NEMLTCRS_ROT71,Zea mays (Corn),3921.29,17979.41,2004,Conventional Till,None,No,74,11,89.998,NA,NA,0,7.5,NA,6.45,377.952,19.00354318
NEMLTCRS,NEMLTCRS_406S,NEMLTCRS_ROT70,Zea mays (Corn),3164.37,15238.69,2004,Conventional Till,None,No,74,11,0,NA,NA,0,7.5,NA,6.78,377.952,19.00354318
NEMLTCRS,NEMLTCRS_407N,NEMLTCRS_ROT10,Zea mays (Corn),1252.9,6340.41,2004,Conventional Till,None,No,74,11,0,NA,NA,0,7.5,NA,6.61,377.952,19.00354318
NEMLTCRS,NEMLTCRS_407M,NEMLTCRS_ROT12,Zea mays (Corn),3325.3,14164.36,2004,Conventional Till,None,No,74,11,179.996,NA,NA,0,7.5,NA,4.86,377.952,19.00354318
NEMLTCRS,NEMLTCRS_407S,NEMLTCRS_ROT11,Zea mays (Corn),3784.4,16765.43,2004,Conventional Till,None,No,74,11,89.998,NA,NA,0,7.5,NA,5.95,377.952,19.00354318
NEMLTCRS,NEMLTCRS_411N,NEMLTCRS_ROT22,Glycine max (Soybean),1202.68,4324.74,2004,Conventional Till,None,No,74,11,67.184,NA,NA,0,7.5,NA,6.7,377.952,19.00354318
NEMLTCRS,NEMLTCRS_411M,NEMLTCRS_ROT20,Glycine max (Soybean),1421.16,5202.31,2004,Conventional Till,None,No,74,11,0,NA,NA,0,7.5,NA,7.08,377.952,19.00354318
NEMLTCRS,NEMLTCRS_411S,NEMLTCRS_ROT21,Glycine max (Soybean),1492.1,5150.69,2004,Conventional Till,None,No,74,11,33.592,NA,NA,0,7.5,NA,6.95,377.952,19.00354318
NEMLTCRS,NEMLTCRS_412N,NEMLTCRS_ROT70,Glycine max (Soybean),1750.54,6498.58,2004,Conventional Till,None,No,74,11,0,NA,NA,0,7.5,NA,6.86,377.952,19.00354318
NEMLTCRS,NEMLTCRS_412M,NEMLTCRS_ROT71,Glycine max (Soybean),1896.41,6825.52,2004,Conventional Till,None,No,74,11,33.592,NA,NA,0,7.5,NA,6.55,377.952,19.00354318
NEMLTCRS,NEMLTCRS_412S,NEMLTCRS_ROT72,Glycine max (Soybean),1964.39,7043.48,2004,Conventional Till,None,No,74,11,67.184,NA,NA,0,7.5,NA,6.04,377.952,19.00354318
NEMLTCRS,NEMLTCRS_413N,NEMLTCRS_ROT51,Glycine max (Soybean),1399.81,5873.39,2004,Conventional Till,None,No,74,11,33.592,NA,NA,0,7.5,NA,6.49,377.952,19.00354318
NEMLTCRS,NEMLTCRS_413M,NEMLTCRS_ROT52,Glycine max (Soybean),1486.87,6097.08,2004,Conventional Till,None,No,74,11,67.184,NA,NA,0,7.5,NA,5.84,377.952,19.00354318
NEMLTCRS,NEMLTCRS_413S,NEMLTCRS_ROT50,Glycine max (Soybean),1244.27,5540.72,2004,Conventional Till,None,No,74,11,0,NA,NA,0,7.5,NA,6.75,377.952,19.00354318
NEMLTCRS,NEMLTCRS_414N,NEMLTCRS_ROT41,Zea mays (Corn),3909.94,16325.61,2004,Conventional Till,None,No,74,11,89.998,NA,NA,0,7.5,NA,6.64,377.952,19.00354318
NEMLTCRS,NEMLTCRS_414M,NEMLTCRS_ROT42,Zea mays (Corn),4043.99,18094.62,2004,Conventional Till,None,No,74,11,179.996,NA,NA,0,7.5,NA,6.24,377.952,19.00354318
NEMLTCRS,NEMLTCRS_414S,NEMLTCRS_ROT40,Zea mays (Corn),3295.76,13777.35,2004,Conventional Till,None,No,74,11,0,NA,NA,0,7.5,NA,6.83,377.952,19.00354318
NEMLTCRS,NEMLTCRS_502N,NEMLTCRS_ROT62,Zea mays (Corn),4009.99,18606.26,2004,Conventional Till,None,No,74,11,179.996,NA,NA,0,7.5,NA,6.66,377.952,19.00354318
NEMLTCRS,NEMLTCRS_502M,NEMLTCRS_ROT61,Zea mays (Corn),4064.69,17651.11,2004,Conventional Till,None,No,74,11,89.998,NA,NA,0,7.5,NA,6.7,377.952,19.00354318
NEMLTCRS,NEMLTCRS_502S,NEMLTCRS_ROT60,Zea mays (Corn),3994.85,17158.04,2004,Conventional Till,None,No,74,11,0,NA,NA,0,7.5,NA,6.18,377.952,19.00354318
NEMLTCRS,NEMLTCRS_503N,NEMLTCRS_ROT40,Zea mays (Corn),3523.29,15239.8,2004,Conventional Till,None,No,74,11,0,NA,NA,0,7.5,NA,7.05,377.952,19.00354318
NEMLTCRS,NEMLTCRS_503M,NEMLTCRS_ROT42,Zea mays (Corn),3744.73,15045.7,2004,Conventional Till,None,No,74,11,179.996,NA,NA,0,7.5,NA,6.24,377.952,19.00354318
NEMLTCRS,NEMLTCRS_503S,NEMLTCRS_ROT41,Zea mays (Corn),4251.43,18922.27,2004,Conventional Till,None,No,74,11,89.998,NA,NA,0,7.5,NA,6.42,377.952,19.00354318
NEMLTCRS,NEMLTCRS_505N,NEMLTCRS_ROT71,Glycine max (Soybean),1415.79,6882.88,2004,Conventional Till,None,No,74,11,33.592,NA,NA,0,7.5,NA,6.62,377.952,19.00354318
NEMLTCRS,NEMLTCRS_505M,NEMLTCRS_ROT70,Glycine max (Soybean),1296.26,6401.08,2004,Conventional Till,None,No,74,11,0,NA,NA,0,7.5,NA,6.94,377.952,19.00354318
NEMLTCRS,NEMLTCRS_505S,NEMLTCRS_ROT72,Glycine max (Soybean),965.53,4663.15,2004,Conventional Till,None,No,74,11,67.184,NA,NA,0,7.5,NA,5.89,377.952,19.00354318
NEMLTCRS,NEMLTCRS_507N,NEMLTCRS_ROT12,Zea mays (Corn),3468.68,15748.29,2004,Conventional Till,None,No,74,11,179.996,NA,NA,0,7.5,NA,5.19,377.952,19.00354318
NEMLTCRS,NEMLTCRS_507M,NEMLTCRS_ROT11,Zea mays (Corn),3907.41,16900.77,2004,Conventional Till,None,No,74,11,89.998,NA,NA,0,7.5,NA,6.24,377.952,19.00354318
NEMLTCRS,NEMLTCRS_507S,NEMLTCRS_ROT10,Zea mays (Corn),1677.81,8122.65,2004,Conventional Till,None,No,74,11,0,NA,NA,0,7.5,NA,6.68,377.952,19.00354318
NEMLTCRS,NEMLTCRS_508N,NEMLTCRS_ROT60,Glycine max (Soybean),1628.02,6424.02,2004,Conventional Till,None,No,74,11,0,NA,NA,0,7.5,NA,6.77,377.952,19.00354318
NEMLTCRS,NEMLTCRS_508M,NEMLTCRS_ROT62,Glycine max (Soybean),2052.84,8075.91,2004,Conventional Till,None,No,74,11,67.184,NA,NA,0,7.5,NA,6.01,377.952,19.00354318
NEMLTCRS,NEMLTCRS_508S,NEMLTCRS_ROT61,Glycine max (Soybean),1730.49,7032.01,2004,Conventional Till,None,No,74,11,33.592,NA,NA,0,7.5,NA,6.41,377.952,19.00354318
NEMLTCRS,NEMLTCRS_510N,NEMLTCRS_ROT21,Glycine max (Soybean),1421.08,5219.52,2004,Conventional Till,None,No,74,11,33.592,NA,NA,0,7.5,NA,6.84,377.952,19.00354318
NEMLTCRS,NEMLTCRS_510M,NEMLTCRS_ROT20,Glycine max (Soybean),1639.18,6200.33,2004,Conventional Till,None,No,74,11,0,NA,NA,0,7.5,NA,6.92,377.952,19.00354318
NEMLTCRS,NEMLTCRS_510S,NEMLTCRS_ROT22,Glycine max (Soybean),1384.57,5058.92,2004,Conventional Till,None,No,74,11,67.184,NA,NA,0,7.5,NA,6.82,377.952,19.00354318
NEMLTCRS,NEMLTCRS_512N,NEMLTCRS_ROT40,Glycine max (Soybean),1519.39,6211.8,2004,Conventional Till,None,No,74,11,0,NA,NA,0,7.5,NA,6.71,377.952,19.00354318
NEMLTCRS,NEMLTCRS_512M,NEMLTCRS_ROT41,Glycine max (Soybean),1715.95,7353.21,2004,Conventional Till,None,No,74,11,33.592,NA,NA,0,7.5,NA,6.41,377.952,19.00354318
NEMLTCRS,NEMLTCRS_512S,NEMLTCRS_ROT42,Glycine max (Soybean),1375.45,5248.19,2004,Conventional Till,None,No,74,11,67.184,NA,NA,0,7.5,NA,5.77,377.952,19.00354318
NEMLTCRS,NEMLTCRS_513N,NEMLTCRS_ROT70,Zea mays (Corn),3374.56,15777.15,2004,Conventional Till,None,No,74,11,0,NA,NA,0,7.5,NA,6.8,377.952,19.00354318
NEMLTCRS,NEMLTCRS_513M,NEMLTCRS_ROT71,Zea mays (Corn),3507.12,15700.75,2004,Conventional Till,None,No,74,11,89.998,NA,NA,0,7.5,NA,6.52,377.952,19.00354318
NEMLTCRS,NEMLTCRS_513S,NEMLTCRS_ROT72,Zea mays (Corn),3184.74,14593.66,2004,Conventional Till,None,No,74,11,179.996,NA,NA,0,7.5,NA,5.92,377.952,19.00354318
NEMLTCRS,NEMLTCRS_514N,NEMLTCRS_ROT52,Glycine max (Soybean),1463.81,5385.85,2004,Conventional Till,None,No,74,11,67.184,NA,NA,0,7.5,NA,6.28,377.952,19.00354318
NEMLTCRS,NEMLTCRS_514M,NEMLTCRS_ROT50,Glycine max (Soybean),1430.09,5689.85,2004,Conventional Till,None,No,74,11,0,NA,NA,0,7.5,NA,6.94,377.952,19.00354318
NEMLTCRS,NEMLTCRS_514S,NEMLTCRS_ROT51,Glycine max (Soybean),1626.23,6515.79,2004,Conventional Till,None,No,74,11,33.592,NA,NA,0,7.5,NA,6.52,377.952,19.00354318
NEMLTCRS,NEMLTCRS_101N,NEMLTCRS_ROT52,Glycine max (Soybean),1433.23,5322.76,2005,Conventional Till,None,No,74,11,67.184,NA,NA,0,7.5,NA,5.98,388.0612,20.4188904
NEMLTCRS,NEMLTCRS_101M,NEMLTCRS_ROT51,Glycine max (Soybean),1544,5770.15,2005,Conventional Till,None,No,74,11,33.592,NA,NA,0,7.5,NA,6.39,388.0612,20.4188904
NEMLTCRS,NEMLTCRS_101S,NEMLTCRS_ROT50,Glycine max (Soybean),1224.38,4881.11,2005,Conventional Till,None,No,74,11,0,NA,NA,0,7.5,NA,6.8,388.0612,20.4188904
NEMLTCRS,NEMLTCRS_102N,NEMLTCRS_ROT42,Glycine max (Soybean),1086.55,3739.7,2005,Conventional Till,None,No,74,11,67.184,NA,NA,0,7.5,NA,6.23,388.0612,20.4188904
NEMLTCRS,NEMLTCRS_102M,NEMLTCRS_ROT40,Glycine max (Soybean),1657.4,5833.24,2005,Conventional Till,None,No,74,11,0,NA,NA,0,7.5,NA,6.97,388.0612,20.4188904
NEMLTCRS,NEMLTCRS_102S,NEMLTCRS_ROT41,Glycine max (Soybean),1553.01,5213.78,2005,Conventional Till,None,No,74,11,33.592,NA,NA,0,7.5,NA,6.66,388.0612,20.4188904
NEMLTCRS,NEMLTCRS_103N,NEMLTCRS_ROT70,Zea mays (Corn),2696.03,11940.98,2005,Conventional Till,None,No,74,11,0,NA,NA,0,7.5,NA,6.49,388.0612,20.4188904
NEMLTCRS,NEMLTCRS_103M,NEMLTCRS_ROT72,Zea mays (Corn),2766.7,12636.29,2005,Conventional Till,None,No,74,11,179.996,NA,NA,0,7.5,NA,5.47,388.0612,20.4188904
NEMLTCRS,NEMLTCRS_103S,NEMLTCRS_ROT71,Zea mays (Corn),2965.67,12270.4,2005,Conventional Till,None,No,74,11,89.998,NA,NA,0,7.5,NA,6.3,388.0612,20.4188904
NEMLTCRS,NEMLTCRS_106N,NEMLTCRS_ROT70,Glycine max (Soybean),1744.4,6005.31,2005,Conventional Till,None,No,74,11,0,NA,NA,0,7.5,NA,6.28,388.0612,20.4188904
NEMLTCRS,NEMLTCRS_106M,NEMLTCRS_ROT72,Glycine max (Soybean),2028.64,7072.16,2005,Conventional Till,None,No,74,11,67.184,NA,NA,0,7.5,NA,5.57,388.0612,20.4188904
NEMLTCRS,NEMLTCRS_106S,NEMLTCRS_ROT71,Glycine max (Soybean),1615.88,5993.84,2005,Conventional Till,None,No,74,11,33.592,NA,NA,0,7.5,NA,6.29,388.0612,20.4188904
NEMLTCRS,NEMLTCRS_107N,NEMLTCRS_ROT20,Glycine max (Soybean),1429.53,6005.31,2005,Conventional Till,None,No,74,11,0,NA,NA,0,7.5,NA,6.51,388.0612,20.4188904
NEMLTCRS,NEMLTCRS_107M,NEMLTCRS_ROT22,Glycine max (Soybean),1514.02,5638.22,2005,Conventional Till,None,No,74,11,67.184,NA,NA,0,7.5,NA,6.31,388.0612,20.4188904
NEMLTCRS,NEMLTCRS_107S,NEMLTCRS_ROT21,Glycine max (Soybean),1526.6,5466.15,2005,Conventional Till,None,No,74,11,33.592,NA,NA,0,7.5,NA,6.46,388.0612,20.4188904
NEMLTCRS,NEMLTCRS_108N,NEMLTCRS_ROT41,Zea mays (Corn),3432.93,15650.85,2005,Conventional Till,None,No,74,11,89.998,NA,NA,0,7.5,NA,6.04,388.0612,20.4188904
NEMLTCRS,NEMLTCRS_108M,NEMLTCRS_ROT40,Zea mays (Corn),2826.81,11442.29,2005,Conventional Till,None,No,74,11,0,NA,NA,0,7.5,NA,6.6,388.0612,20.4188904
NEMLTCRS,NEMLTCRS_108S,NEMLTCRS_ROT42,Zea mays (Corn),2896.62,12444.72,2005,Conventional Till,None,No,74,11,179.996,NA,NA,0,7.5,NA,5.62,388.0612,20.4188904
NEMLTCRS,NEMLTCRS_109N,NEMLTCRS_ROT62,Glycine max (Soybean),1586.61,6005.31,2005,Conventional Till,None,No,74,11,67.184,NA,NA,0,7.5,NA,5.52,388.0612,20.4188904
NEMLTCRS,NEMLTCRS_109M,NEMLTCRS_ROT61,Glycine max (Soybean),1601.45,5902.07,2005,Conventional Till,None,No,74,11,33.592,NA,NA,0,7.5,NA,6.41,388.0612,20.4188904
NEMLTCRS,NEMLTCRS_109S,NEMLTCRS_ROT60,Glycine max (Soybean),1320.63,4904.05,2005,Conventional Till,None,No,74,11,0,NA,NA,0,7.5,NA,6.83,388.0612,20.4188904
NEMLTCRS,NEMLTCRS_110N,NEMLTCRS_ROT60,Zea mays (Corn),2679.9,11976.1,2005,Conventional Till,None,No,74,11,0,NA,NA,0,7.5,NA,6.44,388.0612,20.4188904
NEMLTCRS,NEMLTCRS_110M,NEMLTCRS_ROT62,Zea mays (Corn),2794.19,12153.26,2005,Conventional Till,None,No,74,11,179.996,NA,NA,0,7.5,NA,6.2,388.0612,20.4188904
NEMLTCRS,NEMLTCRS_110S,NEMLTCRS_ROT61,Zea mays (Corn),3356.78,13523.94,2005,Conventional Till,None,No,74,11,89.998,NA,NA,0,7.5,NA,6.57,388.0612,20.4188904
NEMLTCRS,NEMLTCRS_115N,NEMLTCRS_ROT12,Zea mays (Corn),3122.34,13171.96,2005,Conventional Till,None,No,74,11,179.996,NA,NA,0,7.5,NA,4.72,388.0612,20.4188904
NEMLTCRS,NEMLTCRS_115M,NEMLTCRS_ROT11,Zea mays (Corn),3055.67,13504.29,2005,Conventional Till,None,No,74,11,0,NA,NA,0,7.5,NA,6.11,388.0612,20.4188904
NEMLTCRS,NEMLTCRS_115S,NEMLTCRS_ROT10,Zea mays (Corn),1065,4666.32,2005,Conventional Till,None,No,74,11,89.998,NA,NA,0,7.5,NA,6.91,388.0612,20.4188904
NEMLTCRS,NEMLTCRS_201N,NEMLTCRS_ROT40,Zea mays (Corn),2146.65,10007.41,2005,Conventional Till,None,No,74,11,0,NA,NA,0,7.5,NA,7.35,388.0612,20.4188904
NEMLTCRS,NEMLTCRS_201M,NEMLTCRS_ROT41,Zea mays (Corn),2978.11,11790.01,2005,Conventional Till,None,No,74,11,89.998,NA,NA,0,7.5,NA,6.87,388.0612,20.4188904
NEMLTCRS,NEMLTCRS_201S,NEMLTCRS_ROT42,Zea mays (Corn),2900.45,12629,2005,Conventional Till,None,No,74,11,179.996,NA,NA,0,7.5,NA,6.06,388.0612,20.4188904
NEMLTCRS,NEMLTCRS_202N,NEMLTCRS_ROT62,Glycine max (Soybean),1531.82,5317.02,2005,Conventional Till,None,No,74,11,67.184,NA,NA,0,7.5,NA,6.6,388.0612,20.4188904
NEMLTCRS,NEMLTCRS_202M,NEMLTCRS_ROT61,Glycine max (Soybean),1357.46,4645.94,2005,Conventional Till,None,No,74,11,33.592,NA,NA,0,7.5,NA,6.85,388.0612,20.4188904
NEMLTCRS,NEMLTCRS_202S,NEMLTCRS_ROT60,Glycine max (Soybean),1327.58,5380.12,2005,Conventional Till,None,No,74,11,0,NA,NA,0,7.5,NA,7.2,388.0612,20.4188904
NEMLTCRS,NEMLTCRS_203N,NEMLTCRS_ROT62,Zea mays (Corn),3621.89,15102.84,2005,Conventional Till,None,No,74,11,179.996,NA,NA,0,7.5,NA,6.35,388.0612,20.4188904
NEMLTCRS,NEMLTCRS_203M,NEMLTCRS_ROT61,Zea mays (Corn),3089.79,12745.47,2005,Conventional Till,None,No,74,11,89.998,NA,NA,0,7.5,NA,6.83,388.0612,20.4188904
NEMLTCRS,NEMLTCRS_203S,NEMLTCRS_ROT60,Zea mays (Corn),3600.62,14790.88,2005,Conventional Till,None,No,74,11,0,NA,NA,0,7.5,NA,7.21,388.0612,20.4188904
NEMLTCRS,NEMLTCRS_208N,NEMLTCRS_ROT12,Zea mays (Corn),2367.68,11487.88,2005,Conventional Till,None,No,74,11,179.996,NA,NA,0,7.5,NA,5.34,388.0612,20.4188904
NEMLTCRS,NEMLTCRS_208M,NEMLTCRS_ROT10,Zea mays (Corn),1541.09,7420.51,2005,Conventional Till,None,No,74,11,0,NA,NA,0,7.5,NA,6.94,388.0612,20.4188904
NEMLTCRS,NEMLTCRS_208S,NEMLTCRS_ROT11,Zea mays (Corn),2625.85,11311.9,2005,Conventional Till,None,No,74,11,89.998,NA,NA,0,7.5,NA,6.08,388.0612,20.4188904
NEMLTCRS,NEMLTCRS_209N,NEMLTCRS_ROT50,Glycine max (Soybean),1706.61,6074.14,2005,Conventional Till,None,No,74,11,0,NA,NA,0,7.5,NA,7.02,388.0612,20.4188904
NEMLTCRS,NEMLTCRS_209M,NEMLTCRS_ROT52,Glycine max (Soybean),1677.3,5936.48,2005,Conventional Till,None,No,74,11,67.184,NA,NA,0,7.5,NA,6.45,388.0612,20.4188904
NEMLTCRS,NEMLTCRS_209S,NEMLTCRS_ROT51,Glycine max (Soybean),1620.18,5988.1,2005,Conventional Till,None,No,74,11,33.592,NA,NA,0,7.5,NA,6.69,388.0612,20.4188904
NEMLTCRS,NEMLTCRS_210N,NEMLTCRS_ROT41,Glycine max (Soybean),1840.46,6366.66,2005,Conventional Till,None,No,74,11,33.592,NA,NA,0,7.5,NA,6.91,388.0612,20.4188904
NEMLTCRS,NEMLTCRS_210M,NEMLTCRS_ROT40,Glycine max (Soybean),1447.06,4881.11,2005,Conventional Till,None,No,74,11,0,NA,NA,0,7.5,NA,7.17,388.0612,20.4188904
NEMLTCRS,NEMLTCRS_210S,NEMLTCRS_ROT42,Glycine max (Soybean),1155.83,4020.75,2005,Conventional Till,None,No,74,11,67.184,NA,NA,0,7.5,NA,6.26,388.0612,20.4188904
NEMLTCRS,NEMLTCRS_211N,NEMLTCRS_ROT71,Zea mays (Corn),3301.06,14223.89,2005,Conventional Till,None,No,74,11,89.998,NA,NA,0,7.5,NA,6.65,388.0612,20.4188904
NEMLTCRS,NEMLTCRS_211M,NEMLTCRS_ROT72,Zea mays (Corn),4022.78,17176.83,2005,Conventional Till,None,No,74,11,179.996,NA,NA,0,7.5,NA,5.79,388.0612,20.4188904
NEMLTCRS,NEMLTCRS_211S,NEMLTCRS_ROT70,Zea mays (Corn),2766.14,11980.71,2005,Conventional Till,None,No,74,11,0,NA,NA,0,7.5,NA,7.11,388.0612,20.4188904
NEMLTCRS,NEMLTCRS_214N,NEMLTCRS_ROT72,Glycine max (Soybean),1630.01,5758.67,2005,Conventional Till,None,No,74,11,67.184,NA,NA,0,7.5,NA,6.13,388.0612,20.4188904
NEMLTCRS,NEMLTCRS_214M,NEMLTCRS_ROT70,Glycine max (Soybean),1563.74,5775.88,2005,Conventional Till,None,No,74,11,0,NA,NA,0,7.5,NA,6.87,388.0612,20.4188904
NEMLTCRS,NEMLTCRS_214S,NEMLTCRS_ROT71,Glycine max (Soybean),1894.67,6269.16,2005,Conventional Till,None,No,74,11,33.592,NA,NA,0,7.5,NA,6.62,388.0612,20.4188904
NEMLTCRS,NEMLTCRS_215N,NEMLTCRS_ROT22,Glycine max (Soybean),1498.46,5781.62,2005,Conventional Till,None,No,74,11,67.184,NA,NA,0,7.5,NA,6.26,388.0612,20.4188904
NEMLTCRS,NEMLTCRS_215M,NEMLTCRS_ROT21,Glycine max (Soybean),1282.51,4760.66,2005,Conventional Till,None,No,74,11,33.592,NA,NA,0,7.5,NA,6.67,388.0612,20.4188904
NEMLTCRS,NEMLTCRS_215S,NEMLTCRS_ROT20,Glycine max (Soybean),1650.2,6326.51,2005,Conventional Till,None,No,74,11,0,NA,NA,0,7.5,NA,6.84,388.0612,20.4188904
NEMLTCRS,NEMLTCRS_303N,NEMLTCRS_ROT71,Glycine max (Soybean),1462.5,5099.07,2005,Conventional Till,None,No,74,11,33.592,NA,NA,0,7.5,NA,6.7,388.0612,20.4188904
NEMLTCRS,NEMLTCRS_303M,NEMLTCRS_ROT70,Glycine max (Soybean),1684.06,6424.02,2005,Conventional Till,None,No,74,11,0,NA,NA,0,7.5,NA,6.8,388.0612,20.4188904
NEMLTCRS,NEMLTCRS_303S,NEMLTCRS_ROT72,Glycine max (Soybean),1381.32,5701.32,2005,Conventional Till,None,No,74,11,67.184,NA,NA,0,7.5,NA,6.07,388.0612,20.4188904
NEMLTCRS,NEMLTCRS_304N,NEMLTCRS_ROT22,Glycine max (Soybean),1436.85,5322.76,2005,Conventional Till,None,No,74,11,67.184,NA,NA,0,7.5,NA,6.34,388.0612,20.4188904
NEMLTCRS,NEMLTCRS_304M,NEMLTCRS_ROT21,Glycine max (Soybean),1116.56,4542.7,2005,Conventional Till,None,No,74,11,33.592,NA,NA,0,7.5,NA,6.61,388.0612,20.4188904
NEMLTCRS,NEMLTCRS_304S,NEMLTCRS_ROT20,Glycine max (Soybean),1163.88,5093.33,2005,Conventional Till,None,No,74,11,0,NA,NA,0,7.5,NA,6.59,388.0612,20.4188904
NEMLTCRS,NEMLTCRS_305N,NEMLTCRS_ROT41,Zea mays (Corn),3343.75,13130.87,2005,Conventional Till,None,No,74,11,89.998,NA,NA,0,7.5,NA,6.17,388.0612,20.4188904
NEMLTCRS,NEMLTCRS_305M,NEMLTCRS_ROT40,Zea mays (Corn),1907.96,8440.17,2005,Conventional Till,None,No,74,11,0,NA,NA,0,7.5,NA,6.67,388.0612,20.4188904
NEMLTCRS,NEMLTCRS_305S,NEMLTCRS_ROT42,Zea mays (Corn),3401.92,13645.02,2005,Conventional Till,None,No,74,11,179.996,NA,NA,0,7.5,NA,5.56,388.0612,20.4188904
NEMLTCRS,NEMLTCRS_306N,NEMLTCRS_ROT60,Glycine max (Soybean),1669.83,6114.29,2005,Conventional Till,None,No,74,11,0,NA,NA,0,7.5,NA,6.7,388.0612,20.4188904
NEMLTCRS,NEMLTCRS_306M,NEMLTCRS_ROT61,Glycine max (Soybean),1497.61,5649.7,2005,Conventional Till,None,No,74,11,33.592,NA,NA,0,7.5,NA,6.44,388.0612,20.4188904
NEMLTCRS,NEMLTCRS_306S,NEMLTCRS_ROT62,Glycine max (Soybean),1734.06,6389.61,2005,Conventional Till,None,No,74,11,67.184,NA,NA,0,7.5,NA,5.83,388.0612,20.4188904
NEMLTCRS,NEMLTCRS_307N,NEMLTCRS_ROT60,Zea mays (Corn),2822.51,11594.81,2005,Conventional Till,None,No,74,11,0,NA,NA,0,7.5,NA,6.61,388.0612,20.4188904
NEMLTCRS,NEMLTCRS_307M,NEMLTCRS_ROT62,Zea mays (Corn),3518.61,14690.74,2005,Conventional Till,None,No,74,11,179.996,NA,NA,0,7.5,NA,5.54,388.0612,20.4188904
NEMLTCRS,NEMLTCRS_307S,NEMLTCRS_ROT61,Zea mays (Corn),3520.41,15024.86,2005,Conventional Till,None,No,74,11,89.998,NA,NA,0,7.5,NA,6.24,388.0612,20.4188904
NEMLTCRS,NEMLTCRS_312N,NEMLTCRS_ROT10,Zea mays (Corn),737.06,3949.34,2005,Conventional Till,None,No,74,11,0,NA,NA,0,7.5,NA,6.72,388.0612,20.4188904
NEMLTCRS,NEMLTCRS_312M,NEMLTCRS_ROT11,Zea mays (Corn),2310.16,9722.89,2005,Conventional Till,None,No,74,11,89.998,NA,NA,0,7.5,NA,6.11,388.0612,20.4188904
NEMLTCRS,NEMLTCRS_312S,NEMLTCRS_ROT12,Zea mays (Corn),2562.02,11586.86,2005,Conventional Till,None,No,74,11,179.996,NA,NA,0,7.5,NA,5.17,388.0612,20.4188904
NEMLTCRS,NEMLTCRS_313N,NEMLTCRS_ROT51,Glycine max (Soybean),1311.91,4548.44,2005,Conventional Till,None,No,74,11,33.592,NA,NA,0,7.5,NA,6.39,388.0612,20.4188904
NEMLTCRS,NEMLTCRS_313M,NEMLTCRS_ROT52,Glycine max (Soybean),1732.46,6217.53,2005,Conventional Till,None,No,74,11,67.184,NA,NA,0,7.5,NA,5.76,388.0612,20.4188904
NEMLTCRS,NEMLTCRS_313S,NEMLTCRS_ROT50,Glycine max (Soybean),1076.54,3596.3,2005,Conventional Till,None,No,74,11,0,NA,NA,0,7.5,NA,6.75,388.0612,20.4188904
NEMLTCRS,NEMLTCRS_314N,NEMLTCRS_ROT41,Glycine max (Soybean),1358.85,4749.19,2005,Conventional Till,None,No,74,11,33.592,NA,NA,0,7.5,NA,6.6,388.0612,20.4188904
NEMLTCRS,NEMLTCRS_314M,NEMLTCRS_ROT42,Glycine max (Soybean),1406.54,4875.37,2005,Conventional Till,None,No,74,11,67.184,NA,NA,0,7.5,NA,6.21,388.0612,20.4188904
NEMLTCRS,NEMLTCRS_314S,NEMLTCRS_ROT40,Glycine max (Soybean),1368.56,4961.41,2005,Conventional Till,None,No,74,11,0,NA,NA,0,7.5,NA,6.92,388.0612,20.4188904
NEMLTCRS,NEMLTCRS_315N,NEMLTCRS_ROT70,Zea mays (Corn),2634.41,10664.43,2005,Conventional Till,None,No,74,11,0,NA,NA,0,7.5,NA,6.74,388.0612,20.4188904
NEMLTCRS,NEMLTCRS_315M,NEMLTCRS_ROT71,Zea mays (Corn),2744.04,12793.78,2005,Conventional Till,None,No,74,11,89.998,NA,NA,0,7.5,NA,6.26,388.0612,20.4188904
NEMLTCRS,NEMLTCRS_315S,NEMLTCRS_ROT72,Zea mays (Corn),3058.31,12884.2,2005,Conventional Till,None,No,74,11,179.996,NA,NA,0,7.5,NA,5.66,388.0612,20.4188904
NEMLTCRS,NEMLTCRS_401N,NEMLTCRS_ROT41,Zea mays (Corn),2750.89,11642.99,2005,Conventional Till,None,No,74,11,89.998,NA,NA,0,7.5,NA,6.08,388.0612,20.4188904
NEMLTCRS,NEMLTCRS_401M,NEMLTCRS_ROT42,Zea mays (Corn),2067.07,10394.95,2005,Conventional Till,None,No,74,11,179.996,NA,NA,0,7.5,NA,5.49,388.0612,20.4188904
NEMLTCRS,NEMLTCRS_401S,NEMLTCRS_ROT40,Zea mays (Corn),2346.25,10865.63,2005,Conventional Till,None,No,74,11,0,NA,NA,0,7.5,NA,6.45,388.0612,20.4188904
NEMLTCRS,NEMLTCRS_404N,NEMLTCRS_ROT60,Zea mays (Corn),2626,11699.93,2005,Conventional Till,None,No,74,11,0,NA,NA,0,7.5,NA,6.54,388.0612,20.4188904
NEMLTCRS,NEMLTCRS_404M,NEMLTCRS_ROT61,Zea mays (Corn),3496.15,14858.56,2005,Conventional Till,None,No,74,11,89.998,NA,NA,0,7.5,NA,6.21,388.0612,20.4188904
NEMLTCRS,NEMLTCRS_404S,NEMLTCRS_ROT62,Zea mays (Corn),3664.86,15542.84,2005,Conventional Till,None,No,74,11,179.996,NA,NA,0,7.5,NA,5.61,388.0612,20.4188904
NEMLTCRS,NEMLTCRS_405N,NEMLTCRS_ROT70,Zea mays (Corn),2136.6,10289.03,2005,Conventional Till,None,No,74,11,0,NA,NA,0,7.5,NA,6.62,388.0612,20.4188904
NEMLTCRS,NEMLTCRS_405M,NEMLTCRS_ROT71,Zea mays (Corn),2477.96,11745.16,2005,Conventional Till,None,No,74,11,89.998,NA,NA,0,7.5,NA,6.2,388.0612,20.4188904
NEMLTCRS,NEMLTCRS_405S,NEMLTCRS_ROT72,Zea mays (Corn),3275.32,14512.49,2005,Conventional Till,None,No,74,11,179.996,NA,NA,0,7.5,NA,5.83,388.0612,20.4188904
NEMLTCRS,NEMLTCRS_406N,NEMLTCRS_ROT72,Glycine max (Soybean),2044.68,7353.21,2005,Conventional Till,None,No,74,11,67.184,NA,NA,0,7.5,NA,6.05,388.0612,20.4188904
NEMLTCRS,NEMLTCRS_406M,NEMLTCRS_ROT71,Glycine max (Soybean),1618.34,5816.03,2005,Conventional Till,None,No,74,11,33.592,NA,NA,0,7.5,NA,6.45,388.0612,20.4188904
NEMLTCRS,NEMLTCRS_406S,NEMLTCRS_ROT70,Glycine max (Soybean),1706.61,6429.76,2005,Conventional Till,None,No,74,11,0,NA,NA,0,7.5,NA,6.78,388.0612,20.4188904
NEMLTCRS,NEMLTCRS_407N,NEMLTCRS_ROT10,Zea mays (Corn),1047.77,4817.66,2005,Conventional Till,None,No,74,11,0,NA,NA,0,7.5,NA,6.61,388.0612,20.4188904
NEMLTCRS,NEMLTCRS_407M,NEMLTCRS_ROT12,Zea mays (Corn),2735.85,11139.74,2005,Conventional Till,None,No,74,11,179.996,NA,NA,0,7.5,NA,4.86,388.0612,20.4188904
NEMLTCRS,NEMLTCRS_407S,NEMLTCRS_ROT11,Zea mays (Corn),3125.49,13619.94,2005,Conventional Till,None,No,74,11,89.998,NA,NA,0,7.5,NA,5.95,388.0612,20.4188904
NEMLTCRS,NEMLTCRS_409N,NEMLTCRS_ROT51,Glycine max (Soybean),1227.23,3194.8,2005,Conventional Till,None,No,74,11,33.592,NA,NA,0,7.5,NA,6.6,388.0612,20.4188904
NEMLTCRS,NEMLTCRS_409M,NEMLTCRS_ROT52,Glycine max (Soybean),1474.34,4961.41,2005,Conventional Till,None,No,74,11,67.184,NA,NA,0,7.5,NA,6.05,388.0612,20.4188904
NEMLTCRS,NEMLTCRS_409S,NEMLTCRS_ROT50,Glycine max (Soybean),1588.42,5752.94,2005,Conventional Till,None,No,74,11,0,NA,NA,0,7.5,NA,6.86,388.0612,20.4188904
NEMLTCRS,NEMLTCRS_410N,NEMLTCRS_ROT60,Glycine max (Soybean),1223.04,3028.47,2005,Conventional Till,None,No,74,11,0,NA,NA,0,7.5,NA,6.86,388.0612,20.4188904
NEMLTCRS,NEMLTCRS_410M,NEMLTCRS_ROT62,Glycine max (Soybean),1939.49,6802.58,2005,Conventional Till,None,No,74,11,67.184,NA,NA,0,7.5,NA,6.13,388.0612,20.4188904
NEMLTCRS,NEMLTCRS_410S,NEMLTCRS_ROT61,Glycine max (Soybean),1521.15,5156.42,2005,Conventional Till,None,No,74,11,33.592,NA,NA,0,7.5,NA,6.48,388.0612,20.4188904
NEMLTCRS,NEMLTCRS_411N,NEMLTCRS_ROT22,Glycine max (Soybean),1246.61,4617.26,2005,Conventional Till,None,No,74,11,67.184,NA,NA,0,7.5,NA,6.7,388.0612,20.4188904
NEMLTCRS,NEMLTCRS_411M,NEMLTCRS_ROT20,Glycine max (Soybean),1123.56,4244.44,2005,Conventional Till,None,No,74,11,0,NA,NA,0,7.5,NA,7.08,388.0612,20.4188904
NEMLTCRS,NEMLTCRS_411S,NEMLTCRS_ROT21,Glycine max (Soybean),1335.26,4617.26,2005,Conventional Till,None,No,74,11,33.592,NA,NA,0,7.5,NA,6.95,388.0612,20.4188904
NEMLTCRS,NEMLTCRS_414N,NEMLTCRS_ROT41,Glycine max (Soybean),1142.81,4026.48,2005,Conventional Till,None,No,74,11,33.592,NA,NA,0,7.5,NA,6.64,388.0612,20.4188904
NEMLTCRS,NEMLTCRS_414M,NEMLTCRS_ROT42,Glycine max (Soybean),1356.62,4433.72,2005,Conventional Till,None,No,74,11,67.184,NA,NA,0,7.5,NA,6.24,388.0612,20.4188904
NEMLTCRS,NEMLTCRS_414S,NEMLTCRS_ROT40,Glycine max (Soybean),1216.72,4060.9,2005,Conventional Till,None,No,74,11,0,NA,NA,0,7.5,NA,6.83,388.0612,20.4188904
NEMLTCRS,NEMLTCRS_503N,NEMLTCRS_ROT40,Glycine max (Soybean),1396.16,5695.58,2005,Conventional Till,None,No,74,11,0,NA,NA,0,7.5,NA,7.05,388.0612,20.4188904
NEMLTCRS,NEMLTCRS_503M,NEMLTCRS_ROT42,Glycine max (Soybean),1522.59,6011.05,2005,Conventional Till,None,No,74,11,67.184,NA,NA,0,7.5,NA,6.24,388.0612,20.4188904
NEMLTCRS,NEMLTCRS_503S,NEMLTCRS_ROT41,Glycine max (Soybean),1350.44,6131.5,2005,Conventional Till,None,No,74,11,33.592,NA,NA,0,7.5,NA,6.42,388.0612,20.4188904
NEMLTCRS,NEMLTCRS_504N,NEMLTCRS_ROT72,Zea mays (Corn),2987.05,14519.03,2005,Conventional Till,None,No,74,11,179.996,NA,NA,0,7.5,NA,5.63,388.0612,20.4188904
NEMLTCRS,NEMLTCRS_504M,NEMLTCRS_ROT71,Zea mays (Corn),2715.18,13323.19,2005,Conventional Till,None,No,74,11,89.998,NA,NA,0,7.5,NA,6.24,388.0612,20.4188904
NEMLTCRS,NEMLTCRS_504S,NEMLTCRS_ROT70,Zea mays (Corn),2505.69,11259.73,2005,Conventional Till,None,No,74,11,0,NA,NA,0,7.5,NA,6.55,388.0612,20.4188904
NEMLTCRS,NEMLTCRS_506N,NEMLTCRS_ROT60,Glycine max (Soybean),1378.89,4829.49,2005,Conventional Till,None,No,74,11,0,NA,NA,0,7.5,NA,6.81,388.0612,20.4188904
NEMLTCRS,NEMLTCRS_506M,NEMLTCRS_ROT62,Glycine max (Soybean),1716.67,5953.69,2005,Conventional Till,None,No,74,11,67.184,NA,NA,0,7.5,NA,6.14,388.0612,20.4188904
NEMLTCRS,NEMLTCRS_506S,NEMLTCRS_ROT61,Glycine max (Soybean),2023.02,7737.5,2005,Conventional Till,None,No,74,11,33.592,NA,NA,0,7.5,NA,6.28,388.0612,20.4188904
NEMLTCRS,NEMLTCRS_507N,NEMLTCRS_ROT12,Zea mays (Corn),3356.49,14204.15,2005,Conventional Till,None,No,74,11,179.996,NA,NA,0,7.5,NA,5.19,388.0612,20.4188904
NEMLTCRS,NEMLTCRS_507M,NEMLTCRS_ROT11,Zea mays (Corn),3035.73,12450.54,2005,Conventional Till,None,No,74,11,89.998,NA,NA,0,7.5,NA,6.24,388.0612,20.4188904
NEMLTCRS,NEMLTCRS_507S,NEMLTCRS_ROT10,Zea mays (Corn),821.44,4832.51,2005,Conventional Till,None,No,74,11,0,NA,NA,0,7.5,NA,6.68,388.0612,20.4188904
NEMLTCRS,NEMLTCRS_508N,NEMLTCRS_ROT60,Zea mays (Corn),3160.66,13712.73,2005,Conventional Till,None,No,74,11,0,NA,NA,0,7.5,NA,6.77,388.0612,20.4188904
NEMLTCRS,NEMLTCRS_508M,NEMLTCRS_ROT62,Zea mays (Corn),4095.91,16797.68,2005,Conventional Till,None,No,74,11,179.996,NA,NA,0,7.5,NA,6.01,388.0612,20.4188904
NEMLTCRS,NEMLTCRS_508S,NEMLTCRS_ROT61,Zea mays (Corn),3922.24,16738.46,2005,Conventional Till,None,No,74,11,89.998,NA,NA,0,7.5,NA,6.41,388.0612,20.4188904
NEMLTCRS,NEMLTCRS_510N,NEMLTCRS_ROT21,Glycine max (Soybean),1498.42,5523.51,2005,Conventional Till,None,No,74,11,33.592,NA,NA,0,7.5,NA,6.84,388.0612,20.4188904
NEMLTCRS,NEMLTCRS_510M,NEMLTCRS_ROT20,Glycine max (Soybean),1441.03,5190.84,2005,Conventional Till,None,No,74,11,0,NA,NA,0,7.5,NA,6.92,388.0612,20.4188904
NEMLTCRS,NEMLTCRS_510S,NEMLTCRS_ROT22,Glycine max (Soybean),1762.54,6435.49,2005,Conventional Till,None,No,74,11,67.184,NA,NA,0,7.5,NA,6.82,388.0612,20.4188904
NEMLTCRS,NEMLTCRS_511N,NEMLTCRS_ROT52,Glycine max (Soybean),1281.15,4577.11,2005,Conventional Till,None,No,74,11,67.184,NA,NA,0,7.5,NA,6.26,388.0612,20.4188904
NEMLTCRS,NEMLTCRS_511M,NEMLTCRS_ROT51,Glycine max (Soybean),1527.64,5311.29,2005,Conventional Till,None,No,74,11,33.592,NA,NA,0,7.5,NA,6.61,388.0612,20.4188904
NEMLTCRS,NEMLTCRS_511S,NEMLTCRS_ROT50,Glycine max (Soybean),1637.23,5764.41,2005,Conventional Till,None,No,74,11,0,NA,NA,0,7.5,NA,6.83,388.0612,20.4188904
NEMLTCRS,NEMLTCRS_512N,NEMLTCRS_ROT40,Zea mays (Corn),2131.06,9796.24,2005,Conventional Till,None,No,74,11,0,NA,NA,0,7.5,NA,6.71,388.0612,20.4188904
NEMLTCRS,NEMLTCRS_512M,NEMLTCRS_ROT41,Zea mays (Corn),2128.37,10642.84,2005,Conventional Till,None,No,74,11,89.998,NA,NA,0,7.5,NA,6.41,388.0612,20.4188904
NEMLTCRS,NEMLTCRS_512S,NEMLTCRS_ROT42,Zea mays (Corn),2985.35,13125.46,2005,Conventional Till,None,No,74,11,179.996,NA,NA,0,7.5,NA,5.77,388.0612,20.4188904
NEMLTCRS,NEMLTCRS_513N,NEMLTCRS_ROT70,Glycine max (Soybean),1733.16,6102.82,2005,Conventional Till,None,No,74,11,0,NA,NA,0,7.5,NA,6.8,388.0612,20.4188904
NEMLTCRS,NEMLTCRS_513M,NEMLTCRS_ROT71,Glycine max (Soybean),1575.19,5821.77,2005,Conventional Till,None,No,74,11,33.592,NA,NA,0,7.5,NA,6.52,388.0612,20.4188904
NEMLTCRS,NEMLTCRS_513S,NEMLTCRS_ROT72,Glycine max (Soybean),1634.07,5661.17,2005,Conventional Till,None,No,74,11,67.184,NA,NA,0,7.5,NA,5.92,388.0612,20.4188904
NEMLTCRS,NEMLTCRS_102N,NEMLTCRS_ROT42,Zea mays (Corn),3543.6,18724.03,2006,Conventional Till,None,No,74,11,179.996,NA,NA,0,7.5,NA,6.23,470.916,19.80608092
NEMLTCRS,NEMLTCRS_102M,NEMLTCRS_ROT40,Zea mays (Corn),1853.7,7531.42,2006,Conventional Till,None,No,74,11,0,NA,NA,0,7.5,NA,6.97,470.916,19.80608092
NEMLTCRS,NEMLTCRS_102S,NEMLTCRS_ROT41,Zea mays (Corn),3781.3,16560.97,2006,Conventional Till,None,No,74,11,89.998,NA,NA,0,7.5,NA,6.66,470.916,19.80608092
NEMLTCRS,NEMLTCRS_103N,NEMLTCRS_ROT70,Glycine max (Soybean),1218.16,7875.16,2006,Conventional Till,None,No,74,11,0,NA,NA,0,7.5,NA,6.49,470.916,19.80608092
NEMLTCRS,NEMLTCRS_103M,NEMLTCRS_ROT72,Glycine max (Soybean),1202.74,7014.8,2006,Conventional Till,None,No,74,11,67.184,NA,NA,0,7.5,NA,5.47,470.916,19.80608092
NEMLTCRS,NEMLTCRS_103S,NEMLTCRS_ROT71,Glycine max (Soybean),958.16,6114.29,2006,Conventional Till,None,No,74,11,33.592,NA,NA,0,7.5,NA,6.3,470.916,19.80608092
NEMLTCRS,NEMLTCRS_104N,NEMLTCRS_ROT71,Zea mays (Corn),3562.01,14424.06,2006,Conventional Till,None,No,74,11,0,NA,NA,0,7.5,NA,6.2,470.916,19.80608092
NEMLTCRS,NEMLTCRS_104M,NEMLTCRS_ROT72,Zea mays (Corn),4110.65,16806.06,2006,Conventional Till,None,No,74,11,179.996,NA,NA,0,7.5,NA,5.98,470.916,19.80608092
NEMLTCRS,NEMLTCRS_104S,NEMLTCRS_ROT70,Zea mays (Corn),3230.53,15533.95,2006,Conventional Till,None,No,74,11,89.998,NA,NA,0,7.5,NA,6.79,470.916,19.80608092
NEMLTCRS,NEMLTCRS_107N,NEMLTCRS_ROT20,Glycine max (Soybean),1520.21,7163.93,2006,Conventional Till,None,No,74,11,0,NA,NA,0,7.5,NA,6.51,470.916,19.80608092
NEMLTCRS,NEMLTCRS_107M,NEMLTCRS_ROT22,Glycine max (Soybean),1270.28,5781.62,2006,Conventional Till,None,No,74,11,67.184,NA,NA,0,7.5,NA,6.31,470.916,19.80608092
NEMLTCRS,NEMLTCRS_107S,NEMLTCRS_ROT21,Glycine max (Soybean),1456.6,6928.76,2006,Conventional Till,None,No,74,11,33.592,NA,NA,0,7.5,NA,6.46,470.916,19.80608092
NEMLTCRS,NEMLTCRS_108N,NEMLTCRS_ROT41,Glycine max (Soybean),1361.41,7192.61,2006,Conventional Till,None,No,74,11,33.592,NA,NA,0,7.5,NA,6.04,470.916,19.80608092
NEMLTCRS,NEMLTCRS_108M,NEMLTCRS_ROT40,Glycine max (Soybean),1366.74,7536.75,2006,Conventional Till,None,No,74,11,0,NA,NA,0,7.5,NA,6.6,470.916,19.80608092
NEMLTCRS,NEMLTCRS_108S,NEMLTCRS_ROT42,Glycine max (Soybean),1321.91,7531.02,2006,Conventional Till,None,No,74,11,67.184,NA,NA,0,7.5,NA,5.62,470.916,19.80608092
NEMLTCRS,NEMLTCRS_109N,NEMLTCRS_ROT62,Zea mays (Corn),3918.79,18037.44,2006,Conventional Till,None,No,74,11,179.996,NA,NA,0,7.5,NA,5.52,470.916,19.80608092
NEMLTCRS,NEMLTCRS_109M,NEMLTCRS_ROT61,Zea mays (Corn),3830.83,19667.87,2006,Conventional Till,None,No,74,11,89.998,NA,NA,0,7.5,NA,6.41,470.916,19.80608092
NEMLTCRS,NEMLTCRS_109S,NEMLTCRS_ROT60,Zea mays (Corn),3114.87,13172.04,2006,Conventional Till,None,No,74,11,0,NA,NA,0,7.5,NA,6.83,470.916,19.80608092
NEMLTCRS,NEMLTCRS_113N,NEMLTCRS_ROT62,Glycine max (Soybean),1392.01,8179.15,2006,Conventional Till,None,No,74,11,67.184,NA,NA,0,7.5,NA,5.34,470.916,19.80608092
NEMLTCRS,NEMLTCRS_113M,NEMLTCRS_ROT60,Glycine max (Soybean),1391.03,7789.12,2006,Conventional Till,None,No,74,11,0,NA,NA,0,7.5,NA,6.99,470.916,19.80608092
NEMLTCRS,NEMLTCRS_113S,NEMLTCRS_ROT61,Glycine max (Soybean),1636.06,8987.89,2006,Conventional Till,None,No,74,11,33.592,NA,NA,0,7.5,NA,6.55,470.916,19.80608092
NEMLTCRS,NEMLTCRS_114N,NEMLTCRS_ROT52,Glycine max (Soybean),1496.73,8638.01,2006,Conventional Till,None,No,74,11,67.184,NA,NA,0,7.5,NA,5.87,470.916,19.80608092
NEMLTCRS,NEMLTCRS_114M,NEMLTCRS_ROT51,Glycine max (Soybean),1651.12,9171.44,2006,Conventional Till,None,No,74,11,33.592,NA,NA,0,7.5,NA,6.98,470.916,19.80608092
NEMLTCRS,NEMLTCRS_114S,NEMLTCRS_ROT50,Glycine max (Soybean),1319.79,8328.28,2006,Conventional Till,None,No,74,11,0,NA,NA,0,7.5,NA,7.32,470.916,19.80608092
NEMLTCRS,NEMLTCRS_115N,NEMLTCRS_ROT12,Zea mays (Corn),3499.85,15703.86,2006,Conventional Till,None,No,74,11,179.996,NA,NA,0,7.5,NA,4.72,470.916,19.80608092
NEMLTCRS,NEMLTCRS_115M,NEMLTCRS_ROT11,Zea mays (Corn),3502.88,15352.11,2006,Conventional Till,None,No,74,11,0,NA,NA,0,7.5,NA,6.11,470.916,19.80608092
NEMLTCRS,NEMLTCRS_115S,NEMLTCRS_ROT10,Zea mays (Corn),1199.31,6220.71,2006,Conventional Till,None,No,74,11,89.998,NA,NA,0,7.5,NA,6.91,470.916,19.80608092
NEMLTCRS,NEMLTCRS_201N,NEMLTCRS_ROT40,Glycine max (Soybean),1295.34,7932.52,2006,Conventional Till,None,No,74,11,0,NA,NA,0,7.5,NA,7.35,470.916,19.80608092
NEMLTCRS,NEMLTCRS_201M,NEMLTCRS_ROT41,Glycine max (Soybean),1209.3,7066.42,2006,Conventional Till,None,No,74,11,33.592,NA,NA,0,7.5,NA,6.87,470.916,19.80608092
NEMLTCRS,NEMLTCRS_201S,NEMLTCRS_ROT42,Glycine max (Soybean),1230.57,7347.47,2006,Conventional Till,None,No,74,11,67.184,NA,NA,0,7.5,NA,6.06,470.916,19.80608092
NEMLTCRS,NEMLTCRS_202N,NEMLTCRS_ROT62,Zea mays (Corn),4304.9,18014.03,2006,Conventional Till,None,No,74,11,179.996,NA,NA,0,7.5,NA,6.6,470.916,19.80608092
NEMLTCRS,NEMLTCRS_202M,NEMLTCRS_ROT61,Zea mays (Corn),4191.15,17551.83,2006,Conventional Till,None,No,74,11,89.998,NA,NA,0,7.5,NA,6.85,470.916,19.80608092
NEMLTCRS,NEMLTCRS_202S,NEMLTCRS_ROT60,Zea mays (Corn),3375.81,13415.53,2006,Conventional Till,None,No,74,11,0,NA,NA,0,7.5,NA,7.2,470.916,19.80608092
NEMLTCRS,NEMLTCRS_206N,NEMLTCRS_ROT61,Glycine max (Soybean),1255.88,8953.48,2006,Conventional Till,None,No,74,11,33.592,NA,NA,0,7.5,NA,6.47,470.916,19.80608092
NEMLTCRS,NEMLTCRS_206M,NEMLTCRS_ROT60,Glycine max (Soybean),1578.32,9188.64,2006,Conventional Till,None,No,74,11,0,NA,NA,0,7.5,NA,6.97,470.916,19.80608092
NEMLTCRS,NEMLTCRS_206S,NEMLTCRS_ROT62,Glycine max (Soybean),1606.91,8792.88,2006,Conventional Till,None,No,74,11,67.184,NA,NA,0,7.5,NA,5.5,470.916,19.80608092
NEMLTCRS,NEMLTCRS_207N,NEMLTCRS_ROT50,Glycine max (Soybean),1274.72,8695.37,2006,Conventional Till,None,No,74,11,0,NA,NA,0,7.5,NA,6.89,470.916,19.80608092
NEMLTCRS,NEMLTCRS_207M,NEMLTCRS_ROT51,Glycine max (Soybean),1831.95,10083.42,2006,Conventional Till,None,No,74,11,33.592,NA,NA,0,7.5,NA,6.42,470.916,19.80608092
NEMLTCRS,NEMLTCRS_207S,NEMLTCRS_ROT52,Glycine max (Soybean),1633.65,9188.64,2006,Conventional Till,None,No,74,11,67.184,NA,NA,0,7.5,NA,5.53,470.916,19.80608092
NEMLTCRS,NEMLTCRS_208N,NEMLTCRS_ROT12,Zea mays (Corn),3852.45,16381.15,2006,Conventional Till,None,No,74,11,179.996,NA,NA,0,7.5,NA,5.34,470.916,19.80608092
NEMLTCRS,NEMLTCRS_208M,NEMLTCRS_ROT10,Zea mays (Corn),1478.4,7039.84,2006,Conventional Till,None,No,74,11,0,NA,NA,0,7.5,NA,6.94,470.916,19.80608092
NEMLTCRS,NEMLTCRS_208S,NEMLTCRS_ROT11,Zea mays (Corn),3547.93,15001.56,2006,Conventional Till,None,No,74,11,89.998,NA,NA,0,7.5,NA,6.08,470.916,19.80608092
NEMLTCRS,NEMLTCRS_210N,NEMLTCRS_ROT41,Zea mays (Corn),3595.06,15605.18,2006,Conventional Till,None,No,74,11,89.998,NA,NA,0,7.5,NA,6.91,470.916,19.80608092
NEMLTCRS,NEMLTCRS_210M,NEMLTCRS_ROT40,Zea mays (Corn),2263.65,10168.59,2006,Conventional Till,None,No,74,11,0,NA,NA,0,7.5,NA,7.17,470.916,19.80608092
NEMLTCRS,NEMLTCRS_210S,NEMLTCRS_ROT42,Zea mays (Corn),3684.13,16148.05,2006,Conventional Till,None,No,74,11,179.996,NA,NA,0,7.5,NA,6.26,470.916,19.80608092
NEMLTCRS,NEMLTCRS_211N,NEMLTCRS_ROT71,Glycine max (Soybean),1256.77,7903.84,2006,Conventional Till,None,No,74,11,33.592,NA,NA,0,7.5,NA,6.65,470.916,19.80608092
NEMLTCRS,NEMLTCRS_211M,NEMLTCRS_ROT72,Glycine max (Soybean),1431.32,8207.83,2006,Conventional Till,None,No,74,11,67.184,NA,NA,0,7.5,NA,5.79,470.916,19.80608092
NEMLTCRS,NEMLTCRS_211S,NEMLTCRS_ROT70,Glycine max (Soybean),1284.44,8225.04,2006,Conventional Till,None,No,74,11,0,NA,NA,0,7.5,NA,7.11,470.916,19.80608092
NEMLTCRS,NEMLTCRS_212N,NEMLTCRS_ROT71,Zea mays (Corn),3828.58,16033.05,2006,Conventional Till,None,No,74,11,89.998,NA,NA,0,7.5,NA,6.73,470.916,19.80608092
NEMLTCRS,NEMLTCRS_212M,NEMLTCRS_ROT70,Zea mays (Corn),3415.34,14426.05,2006,Conventional Till,None,No,74,11,0,NA,NA,0,7.5,NA,7.07,470.916,19.80608092
NEMLTCRS,NEMLTCRS_212S,NEMLTCRS_ROT72,Zea mays (Corn),3815.21,16771.99,2006,Conventional Till,None,No,74,11,179.996,NA,NA,0,7.5,NA,5.73,470.916,19.80608092
NEMLTCRS,NEMLTCRS_215N,NEMLTCRS_ROT22,Glycine max (Soybean),1363.55,7278.64,2006,Conventional Till,None,No,74,11,67.184,NA,NA,0,7.5,NA,6.26,470.916,19.80608092
NEMLTCRS,NEMLTCRS_215M,NEMLTCRS_ROT21,Glycine max (Soybean),1477.45,8540.5,2006,Conventional Till,None,No,74,11,33.592,NA,NA,0,7.5,NA,6.67,470.916,19.80608092
NEMLTCRS,NEMLTCRS_215S,NEMLTCRS_ROT20,Glycine max (Soybean),1470.58,7766.18,2006,Conventional Till,None,No,74,11,0,NA,NA,0,7.5,NA,6.84,470.916,19.80608092
NEMLTCRS,NEMLTCRS_301N,NEMLTCRS_ROT71,Zea mays (Corn),3501.27,15809.71,2006,Conventional Till,None,No,74,11,89.998,NA,NA,0,7.5,NA,6.46,470.916,19.80608092
NEMLTCRS,NEMLTCRS_301M,NEMLTCRS_ROT72,Zea mays (Corn),3797.4,16315.22,2006,Conventional Till,None,No,74,11,179.996,NA,NA,0,7.5,NA,5.84,470.916,19.80608092
NEMLTCRS,NEMLTCRS_301S,NEMLTCRS_ROT70,Zea mays (Corn),3364.35,15626.38,2006,Conventional Till,None,No,74,11,0,NA,NA,0,7.5,NA,6.64,470.916,19.80608092
NEMLTCRS,NEMLTCRS_304N,NEMLTCRS_ROT22,Glycine max (Soybean),1471.86,6733.75,2006,Conventional Till,None,No,74,11,67.184,NA,NA,0,7.5,NA,6.34,470.916,19.80608092
NEMLTCRS,NEMLTCRS_304M,NEMLTCRS_ROT21,Glycine max (Soybean),1378.59,6825.52,2006,Conventional Till,None,No,74,11,33.592,NA,NA,0,7.5,NA,6.61,470.916,19.80608092
NEMLTCRS,NEMLTCRS_304S,NEMLTCRS_ROT20,Glycine max (Soybean),1328.93,7095.1,2006,Conventional Till,None,No,74,11,0,NA,NA,0,7.5,NA,6.59,470.916,19.80608092
NEMLTCRS,NEMLTCRS_305N,NEMLTCRS_ROT41,Glycine max (Soybean),1431.74,7777.65,2006,Conventional Till,None,No,74,11,33.592,NA,NA,0,7.5,NA,6.17,470.916,19.80608092
NEMLTCRS,NEMLTCRS_305M,NEMLTCRS_ROT40,Glycine max (Soybean),1269.07,7680.15,2006,Conventional Till,None,No,74,11,0,NA,NA,0,7.5,NA,6.67,470.916,19.80608092
NEMLTCRS,NEMLTCRS_305S,NEMLTCRS_ROT42,Glycine max (Soybean),1451.62,7943.99,2006,Conventional Till,None,No,74,11,67.184,NA,NA,0,7.5,NA,5.56,470.916,19.80608092
NEMLTCRS,NEMLTCRS_306N,NEMLTCRS_ROT60,Zea mays (Corn),2524.01,10732.18,2006,Conventional Till,None,No,74,11,0,NA,NA,0,7.5,NA,6.7,470.916,19.80608092
NEMLTCRS,NEMLTCRS_306M,NEMLTCRS_ROT61,Zea mays (Corn),2937.28,14589.93,2006,Conventional Till,None,No,74,11,89.998,NA,NA,0,7.5,NA,6.44,470.916,19.80608092
NEMLTCRS,NEMLTCRS_306S,NEMLTCRS_ROT62,Zea mays (Corn),3658.18,16966.87,2006,Conventional Till,None,No,74,11,179.996,NA,NA,0,7.5,NA,5.83,470.916,19.80608092
NEMLTCRS,NEMLTCRS_310N,NEMLTCRS_ROT62,Glycine max (Soybean),1346.89,7857.95,2006,Conventional Till,None,No,74,11,67.184,NA,NA,0,7.5,NA,5.62,470.916,19.80608092
NEMLTCRS,NEMLTCRS_310M,NEMLTCRS_ROT60,Glycine max (Soybean),1705.99,8500.35,2006,Conventional Till,None,No,74,11,0,NA,NA,0,7.5,NA,6.96,470.916,19.80608092
NEMLTCRS,NEMLTCRS_310S,NEMLTCRS_ROT61,Glycine max (Soybean),1763.57,9435.28,2006,Conventional Till,None,No,74,11,33.592,NA,NA,0,7.5,NA,6.54,470.916,19.80608092
NEMLTCRS,NEMLTCRS_311N,NEMLTCRS_ROT51,Glycine max (Soybean),1336.36,8615.07,2006,Conventional Till,None,No,74,11,33.592,NA,NA,0,7.5,NA,6.61,470.916,19.80608092
NEMLTCRS,NEMLTCRS_311M,NEMLTCRS_ROT52,Glycine max (Soybean),1500.03,8523.3,2006,Conventional Till,None,No,74,11,67.184,NA,NA,0,7.5,NA,6.75,470.916,19.80608092
NEMLTCRS,NEMLTCRS_311S,NEMLTCRS_ROT50,Glycine max (Soybean),1245.37,7244.23,2006,Conventional Till,None,No,74,11,0,NA,NA,0,7.5,NA,6.86,470.916,19.80608092
NEMLTCRS,NEMLTCRS_312N,NEMLTCRS_ROT10,Zea mays (Corn),1173.62,5873.67,2006,Conventional Till,None,No,74,11,0,NA,NA,0,7.5,NA,6.72,470.916,19.80608092
NEMLTCRS,NEMLTCRS_312M,NEMLTCRS_ROT11,Zea mays (Corn),3750.8,14929.95,2006,Conventional Till,None,No,74,11,89.998,NA,NA,0,7.5,NA,6.11,470.916,19.80608092
NEMLTCRS,NEMLTCRS_312S,NEMLTCRS_ROT12,Zea mays (Corn),3476.03,14620.66,2006,Conventional Till,None,No,74,11,179.996,NA,NA,0,7.5,NA,5.17,470.916,19.80608092
NEMLTCRS,NEMLTCRS_314N,NEMLTCRS_ROT41,Zea mays (Corn),3848.63,15916.59,2006,Conventional Till,None,No,74,11,89.998,NA,NA,0,7.5,NA,6.6,470.916,19.80608092
NEMLTCRS,NEMLTCRS_314M,NEMLTCRS_ROT42,Zea mays (Corn),4318.07,19511.02,2006,Conventional Till,None,No,74,11,179.996,NA,NA,0,7.5,NA,6.21,470.916,19.80608092
NEMLTCRS,NEMLTCRS_314S,NEMLTCRS_ROT40,Zea mays (Corn),2095.65,9701.99,2006,Conventional Till,None,No,74,11,0,NA,NA,0,7.5,NA,6.92,470.916,19.80608092
NEMLTCRS,NEMLTCRS_315N,NEMLTCRS_ROT70,Glycine max (Soybean),1129.88,7548.22,2006,Conventional Till,None,No,74,11,0,NA,NA,0,7.5,NA,6.74,470.916,19.80608092
NEMLTCRS,NEMLTCRS_315M,NEMLTCRS_ROT71,Glycine max (Soybean),1311.39,8368.43,2006,Conventional Till,None,No,74,11,33.592,NA,NA,0,7.5,NA,6.26,470.916,19.80608092
NEMLTCRS,NEMLTCRS_315S,NEMLTCRS_ROT72,Glycine max (Soybean),1060.79,7485.13,2006,Conventional Till,None,No,74,11,67.184,NA,NA,0,7.5,NA,5.66,470.916,19.80608092
NEMLTCRS,NEMLTCRS_401N,NEMLTCRS_ROT41,Glycine max (Soybean),1186.76,7508.07,2006,Conventional Till,None,No,74,11,33.592,NA,NA,0,7.5,NA,6.08,470.916,19.80608092
NEMLTCRS,NEMLTCRS_401M,NEMLTCRS_ROT42,Glycine max (Soybean),1374.17,7875.16,2006,Conventional Till,None,No,74,11,67.184,NA,NA,0,7.5,NA,5.49,470.916,19.80608092
NEMLTCRS,NEMLTCRS_401S,NEMLTCRS_ROT40,Glycine max (Soybean),1231.6,7393.36,2006,Conventional Till,None,No,74,11,0,NA,NA,0,7.5,NA,6.45,470.916,19.80608092
NEMLTCRS,NEMLTCRS_403N,NEMLTCRS_ROT72,Zea mays (Corn),3798.45,15402.29,2006,Conventional Till,None,No,74,11,179.996,NA,NA,0,7.5,NA,6.17,470.916,19.80608092
NEMLTCRS,NEMLTCRS_403M,NEMLTCRS_ROT70,Zea mays (Corn),2705.77,13365.66,2006,Conventional Till,None,No,74,11,0,NA,NA,0,7.5,NA,6.85,470.916,19.80608092
NEMLTCRS,NEMLTCRS_403S,NEMLTCRS_ROT71,Zea mays (Corn),4227.42,18747.22,2006,Conventional Till,None,No,74,11,89.998,NA,NA,0,7.5,NA,6.57,470.916,19.80608092
NEMLTCRS,NEMLTCRS_405N,NEMLTCRS_ROT70,Glycine max (Soybean),1429.24,8207.83,2006,Conventional Till,None,No,74,11,0,NA,NA,0,7.5,NA,6.62,470.916,19.80608092
NEMLTCRS,NEMLTCRS_405M,NEMLTCRS_ROT71,Glycine max (Soybean),1375.63,8660.96,2006,Conventional Till,None,No,74,11,33.592,NA,NA,0,7.5,NA,6.2,470.916,19.80608092
NEMLTCRS,NEMLTCRS_405S,NEMLTCRS_ROT72,Glycine max (Soybean),1205.92,7249.97,2006,Conventional Till,None,No,74,11,67.184,NA,NA,0,7.5,NA,5.83,470.916,19.80608092
NEMLTCRS,NEMLTCRS_407N,NEMLTCRS_ROT10,Zea mays (Corn),1202.53,6111.58,2006,Conventional Till,None,No,74,11,0,NA,NA,0,7.5,NA,6.61,470.916,19.80608092
NEMLTCRS,NEMLTCRS_407M,NEMLTCRS_ROT12,Zea mays (Corn),2499.6,11619.7,2006,Conventional Till,None,No,74,11,179.996,NA,NA,0,7.5,NA,4.86,470.916,19.80608092
NEMLTCRS,NEMLTCRS_407S,NEMLTCRS_ROT11,Zea mays (Corn),2571.68,11375.45,2006,Conventional Till,None,No,74,11,89.998,NA,NA,0,7.5,NA,5.95,470.916,19.80608092
NEMLTCRS,NEMLTCRS_408N,NEMLTCRS_ROT62,Glycine max (Soybean),1249.52,7892.37,2006,Conventional Till,None,No,74,11,67.184,NA,NA,0,7.5,NA,5.44,470.916,19.80608092
NEMLTCRS,NEMLTCRS_408M,NEMLTCRS_ROT60,Glycine max (Soybean),1339.29,7932.52,2006,Conventional Till,None,No,74,11,0,NA,NA,0,7.5,NA,6.71,470.916,19.80608092
NEMLTCRS,NEMLTCRS_408S,NEMLTCRS_ROT61,Glycine max (Soybean),708.83,8173.42,2006,Conventional Till,None,No,74,11,33.592,NA,NA,0,7.5,NA,6.2,470.916,19.80608092
NEMLTCRS,NEMLTCRS_410N,NEMLTCRS_ROT60,Zea mays (Corn),1817.91,9938.22,2006,Conventional Till,None,No,74,11,0,NA,NA,0,7.5,NA,6.86,470.916,19.80608092
NEMLTCRS,NEMLTCRS_410M,NEMLTCRS_ROT62,Zea mays (Corn),3426.19,15737.33,2006,Conventional Till,None,No,74,11,179.996,NA,NA,0,7.5,NA,6.13,470.916,19.80608092
NEMLTCRS,NEMLTCRS_410S,NEMLTCRS_ROT61,Zea mays (Corn),4089,18207.8,2006,Conventional Till,None,No,74,11,89.998,NA,NA,0,7.5,NA,6.48,470.916,19.80608092
NEMLTCRS,NEMLTCRS_411N,NEMLTCRS_ROT22,Glycine max (Soybean),1229.35,6991.86,2006,Conventional Till,None,No,74,11,67.184,NA,NA,0,7.5,NA,6.7,470.916,19.80608092
NEMLTCRS,NEMLTCRS_411M,NEMLTCRS_ROT20,Glycine max (Soybean),1271.95,7347.47,2006,Conventional Till,None,No,74,11,0,NA,NA,0,7.5,NA,7.08,470.916,19.80608092
NEMLTCRS,NEMLTCRS_411S,NEMLTCRS_ROT21,Glycine max (Soybean),1264.54,7462.19,2006,Conventional Till,None,No,74,11,33.592,NA,NA,0,7.5,NA,6.95,470.916,19.80608092
NEMLTCRS,NEMLTCRS_413N,NEMLTCRS_ROT51,Glycine max (Soybean),1295.19,7932.52,2006,Conventional Till,None,No,74,11,33.592,NA,NA,0,7.5,NA,6.49,470.916,19.80608092
NEMLTCRS,NEMLTCRS_413M,NEMLTCRS_ROT52,Glycine max (Soybean),1575.49,8414.32,2006,Conventional Till,None,No,74,11,67.184,NA,NA,0,7.5,NA,5.84,470.916,19.80608092
NEMLTCRS,NEMLTCRS_413S,NEMLTCRS_ROT50,Glycine max (Soybean),1148.03,7880.9,2006,Conventional Till,None,No,74,11,0,NA,NA,0,7.5,NA,6.75,470.916,19.80608092
NEMLTCRS,NEMLTCRS_414N,NEMLTCRS_ROT41,Zea mays (Corn),3763.36,15791.93,2006,Conventional Till,None,No,74,11,89.998,NA,NA,0,7.5,NA,6.64,470.916,19.80608092
NEMLTCRS,NEMLTCRS_414M,NEMLTCRS_ROT42,Zea mays (Corn),3326.38,14444.66,2006,Conventional Till,None,No,74,11,179.996,NA,NA,0,7.5,NA,6.24,470.916,19.80608092
NEMLTCRS,NEMLTCRS_414S,NEMLTCRS_ROT40,Zea mays (Corn),2215.95,10660.1,2006,Conventional Till,None,No,74,11,0,NA,NA,0,7.5,NA,6.83,470.916,19.80608092
NEMLTCRS,NEMLTCRS_501N,NEMLTCRS_ROT71,Zea mays (Corn),3641.49,15159.14,2006,Conventional Till,None,No,74,11,89.998,NA,NA,0,7.5,NA,6.15,470.916,19.80608092
NEMLTCRS,NEMLTCRS_501M,NEMLTCRS_ROT72,Zea mays (Corn),4193.68,18783.33,2006,Conventional Till,None,No,74,11,179.996,NA,NA,0,7.5,NA,5.51,470.916,19.80608092
NEMLTCRS,NEMLTCRS_501S,NEMLTCRS_ROT70,Zea mays (Corn),3591.82,17437.73,2006,Conventional Till,None,No,74,11,0,NA,NA,0,7.5,NA,6.33,470.916,19.80608092
NEMLTCRS,NEMLTCRS_503N,NEMLTCRS_ROT40,Zea mays (Corn),2408.88,11575.76,2006,Conventional Till,None,No,74,11,0,NA,NA,0,7.5,NA,7.05,470.916,19.80608092
NEMLTCRS,NEMLTCRS_503M,NEMLTCRS_ROT42,Zea mays (Corn),3074.8,14803.73,2006,Conventional Till,None,No,74,11,179.996,NA,NA,0,7.5,NA,6.24,470.916,19.80608092
NEMLTCRS,NEMLTCRS_503S,NEMLTCRS_ROT41,Zea mays (Corn),3596.01,16496.95,2006,Conventional Till,None,No,74,11,89.998,NA,NA,0,7.5,NA,6.42,470.916,19.80608092
NEMLTCRS,NEMLTCRS_504N,NEMLTCRS_ROT72,Glycine max (Soybean),1410.94,7949.72,2006,Conventional Till,None,No,74,11,67.184,NA,NA,0,7.5,NA,5.63,470.916,19.80608092
NEMLTCRS,NEMLTCRS_504M,NEMLTCRS_ROT71,Glycine max (Soybean),1457.05,9504.11,2006,Conventional Till,None,No,74,11,33.592,NA,NA,0,7.5,NA,6.24,470.916,19.80608092
NEMLTCRS,NEMLTCRS_504S,NEMLTCRS_ROT70,Glycine max (Soybean),1504.39,8769.93,2006,Conventional Till,None,No,74,11,0,NA,NA,0,7.5,NA,6.55,470.916,19.80608092
NEMLTCRS,NEMLTCRS_506N,NEMLTCRS_ROT60,Zea mays (Corn),2743.74,11054.65,2006,Conventional Till,None,No,74,11,0,NA,NA,0,7.5,NA,6.81,470.916,19.80608092
NEMLTCRS,NEMLTCRS_506M,NEMLTCRS_ROT62,Zea mays (Corn),4055.01,24914.12,2006,Conventional Till,None,No,74,11,179.996,NA,NA,0,7.5,NA,6.14,470.916,19.80608092
NEMLTCRS,NEMLTCRS_506S,NEMLTCRS_ROT61,Zea mays (Corn),3884.74,16886.69,2006,Conventional Till,None,No,74,11,89.998,NA,NA,0,7.5,NA,6.28,470.916,19.80608092
NEMLTCRS,NEMLTCRS_507N,NEMLTCRS_ROT12,Zea mays (Corn),3364.95,15018.65,2006,Conventional Till,None,No,74,11,179.996,NA,NA,0,7.5,NA,5.19,470.916,19.80608092
NEMLTCRS,NEMLTCRS_507M,NEMLTCRS_ROT11,Zea mays (Corn),3240.8,12506.1,2006,Conventional Till,None,No,74,11,89.998,NA,NA,0,7.5,NA,6.24,470.916,19.80608092
NEMLTCRS,NEMLTCRS_507S,NEMLTCRS_ROT10,Zea mays (Corn),1328.49,5706.93,2006,Conventional Till,None,No,74,11,0,NA,NA,0,7.5,NA,6.68,470.916,19.80608092
NEMLTCRS,NEMLTCRS_510N,NEMLTCRS_ROT21,Glycine max (Soybean),1293.39,7198.34,2006,Conventional Till,None,No,74,11,33.592,NA,NA,0,7.5,NA,6.84,470.916,19.80608092
NEMLTCRS,NEMLTCRS_510M,NEMLTCRS_ROT20,Glycine max (Soybean),1465.06,8144.74,2006,Conventional Till,None,No,74,11,0,NA,NA,0,7.5,NA,6.92,470.916,19.80608092
NEMLTCRS,NEMLTCRS_510S,NEMLTCRS_ROT22,Glycine max (Soybean),1440.22,6229,2006,Conventional Till,None,No,74,11,67.184,NA,NA,0,7.5,NA,6.82,470.916,19.80608092
NEMLTCRS,NEMLTCRS_512N,NEMLTCRS_ROT40,Glycine max (Soybean),1332.76,8362.7,2006,Conventional Till,None,No,74,11,0,NA,NA,0,7.5,NA,6.71,470.916,19.80608092
NEMLTCRS,NEMLTCRS_512M,NEMLTCRS_ROT41,Glycine max (Soybean),1288.35,7961.2,2006,Conventional Till,None,No,74,11,33.592,NA,NA,0,7.5,NA,6.41,470.916,19.80608092
NEMLTCRS,NEMLTCRS_512S,NEMLTCRS_ROT42,Glycine max (Soybean),1192.55,7095.1,2006,Conventional Till,None,No,74,11,67.184,NA,NA,0,7.5,NA,5.77,470.916,19.80608092
NEMLTCRS,NEMLTCRS_514N,NEMLTCRS_ROT52,Glycine max (Soybean),1592.93,8884.65,2006,Conventional Till,None,No,74,11,67.184,NA,NA,0,7.5,NA,6.28,470.916,19.80608092
NEMLTCRS,NEMLTCRS_514M,NEMLTCRS_ROT50,Glycine max (Soybean),1654.46,8741.26,2006,Conventional Till,None,No,74,11,0,NA,NA,0,7.5,NA,6.94,470.916,19.80608092
NEMLTCRS,NEMLTCRS_514S,NEMLTCRS_ROT51,Glycine max (Soybean),1612.39,7932.52,2006,Conventional Till,None,No,74,11,33.592,NA,NA,0,7.5,NA,6.52,470.916,19.80608092
NEMLTCRS,NEMLTCRS_515N,NEMLTCRS_ROT60,Glycine max (Soybean),1496.59,8626.54,2006,Conventional Till,None,No,74,11,0,NA,NA,0,7.5,NA,6.51,470.916,19.80608092
NEMLTCRS,NEMLTCRS_515M,NEMLTCRS_ROT62,Glycine max (Soybean),1583.07,8408.58,2006,Conventional Till,None,No,74,11,67.184,NA,NA,0,7.5,NA,5.86,470.916,19.80608092
NEMLTCRS,NEMLTCRS_515S,NEMLTCRS_ROT61,Glycine max (Soybean),1399.24,7857.95,2006,Conventional Till,None,No,74,11,33.592,NA,NA,0,7.5,NA,6.02,470.916,19.80608092
NEMLTCRS,NEMLTCRS_101N,NEMLTCRS_ROT52,Glycine max (Soybean),1925,9429.54,2007,Conventional Till,None,No,74,11,67.184,NA,NA,0,7.5,NA,5.98,712.724,20.92047554
NEMLTCRS,NEMLTCRS_101M,NEMLTCRS_ROT51,Glycine max (Soybean),1699.29,8483.15,2007,Conventional Till,None,No,74,11,33.592,NA,NA,0,7.5,NA,6.39,712.724,20.92047554
NEMLTCRS,NEMLTCRS_101S,NEMLTCRS_ROT50,Glycine max (Soybean),1529.38,8247.98,2007,Conventional Till,None,No,74,11,0,NA,NA,0,7.5,NA,6.8,712.724,20.92047554
NEMLTCRS,NEMLTCRS_102N,NEMLTCRS_ROT42,Glycine max (Soybean),1793.27,8947.74,2007,Conventional Till,None,No,74,11,67.184,NA,NA,0,7.5,NA,6.23,712.724,20.92047554
NEMLTCRS,NEMLTCRS_102M,NEMLTCRS_ROT40,Glycine max (Soybean),1559.07,8093.12,2007,Conventional Till,None,No,74,11,0,NA,NA,0,7.5,NA,6.97,712.724,20.92047554
NEMLTCRS,NEMLTCRS_102S,NEMLTCRS_ROT41,Glycine max (Soybean),1359.66,6836.99,2007,Conventional Till,None,No,74,11,33.592,NA,NA,0,7.5,NA,6.66,712.724,20.92047554
NEMLTCRS,NEMLTCRS_104N,NEMLTCRS_ROT71,Glycine max (Soybean),1765.27,8993.63,2007,Conventional Till,None,No,74,11,0,NA,NA,0,7.5,NA,6.2,712.724,20.92047554
NEMLTCRS,NEMLTCRS_104M,NEMLTCRS_ROT72,Glycine max (Soybean),1744.15,8678.16,2007,Conventional Till,None,No,74,11,67.184,NA,NA,0,7.5,NA,5.98,712.724,20.92047554
NEMLTCRS,NEMLTCRS_104S,NEMLTCRS_ROT70,Glycine max (Soybean),1711.12,9286.15,2007,Conventional Till,None,No,74,11,33.592,NA,NA,0,7.5,NA,6.79,712.724,20.92047554
NEMLTCRS,NEMLTCRS_105N,NEMLTCRS_ROT72,Zea mays (Corn),4087.63,18896.44,2007,Conventional Till,None,No,74,11,179.996,NA,NA,0,7.5,NA,5.71,712.724,20.92047554
NEMLTCRS,NEMLTCRS_105M,NEMLTCRS_ROT70,Zea mays (Corn),1435.21,7495.22,2007,Conventional Till,None,No,74,11,0,NA,NA,0,7.5,NA,6.83,712.724,20.92047554
NEMLTCRS,NEMLTCRS_105S,NEMLTCRS_ROT71,Zea mays (Corn),3470.41,14656.15,2007,Conventional Till,None,No,74,11,89.998,NA,NA,0,7.5,NA,6.37,712.724,20.92047554
NEMLTCRS,NEMLTCRS_107N,NEMLTCRS_ROT20,Glycine max (Soybean),994.98,5879.13,2007,Conventional Till,None,No,74,11,0,NA,NA,0,7.5,NA,6.51,712.724,20.92047554
NEMLTCRS,NEMLTCRS_107M,NEMLTCRS_ROT22,Glycine max (Soybean),1047.71,5993.84,2007,Conventional Till,None,No,74,11,67.184,NA,NA,0,7.5,NA,6.31,712.724,20.92047554
NEMLTCRS,NEMLTCRS_107S,NEMLTCRS_ROT21,Glycine max (Soybean),1032.27,5781.62,2007,Conventional Till,None,No,74,11,33.592,NA,NA,0,7.5,NA,6.46,712.724,20.92047554
NEMLTCRS,NEMLTCRS_108N,NEMLTCRS_ROT41,Zea mays (Corn),3619.17,15229.5,2007,Conventional Till,None,No,74,11,89.998,NA,NA,0,7.5,NA,6.04,712.724,20.92047554
NEMLTCRS,NEMLTCRS_108M,NEMLTCRS_ROT40,Zea mays (Corn),2111.99,9097.89,2007,Conventional Till,None,No,74,11,0,NA,NA,0,7.5,NA,6.6,712.724,20.92047554
NEMLTCRS,NEMLTCRS_108S,NEMLTCRS_ROT42,Zea mays (Corn),3265.2,16299.93,2007,Conventional Till,None,No,74,11,179.996,NA,NA,0,7.5,NA,5.62,712.724,20.92047554
NEMLTCRS,NEMLTCRS_112N,NEMLTCRS_ROT60,Glycine max (Soybean),1431.11,7657.2,2007,Conventional Till,None,No,74,11,0,NA,NA,0,7.5,NA,6.67,712.724,20.92047554
NEMLTCRS,NEMLTCRS_112M,NEMLTCRS_ROT62,Glycine max (Soybean),1634.37,8471.68,2007,Conventional Till,None,No,74,11,67.184,NA,NA,0,7.5,NA,6.01,712.724,20.92047554
NEMLTCRS,NEMLTCRS_112S,NEMLTCRS_ROT61,Glycine max (Soybean),1268.69,7158.19,2007,Conventional Till,None,No,74,11,33.592,NA,NA,0,7.5,NA,6.53,712.724,20.92047554
NEMLTCRS,NEMLTCRS_113N,NEMLTCRS_ROT62,Zea mays (Corn),3808.19,17210.44,2007,Conventional Till,None,No,74,11,179.996,NA,NA,0,7.5,NA,5.34,712.724,20.92047554
NEMLTCRS,NEMLTCRS_113M,NEMLTCRS_ROT60,Zea mays (Corn),2625.26,11540.29,2007,Conventional Till,None,No,74,11,0,NA,NA,0,7.5,NA,6.99,712.724,20.92047554
NEMLTCRS,NEMLTCRS_113S,NEMLTCRS_ROT61,Zea mays (Corn),3631.7,16351.94,2007,Conventional Till,None,No,74,11,89.998,NA,NA,0,7.5,NA,6.55,712.724,20.92047554
NEMLTCRS,NEMLTCRS_115N,NEMLTCRS_ROT12,Zea mays (Corn),3620.74,16350.01,2007,Conventional Till,None,No,74,11,179.996,NA,NA,0,7.5,NA,4.72,712.724,20.92047554
NEMLTCRS,NEMLTCRS_115M,NEMLTCRS_ROT11,Zea mays (Corn),3117.19,12538.03,2007,Conventional Till,None,No,74,11,0,NA,NA,0,7.5,NA,6.11,712.724,20.92047554
NEMLTCRS,NEMLTCRS_115S,NEMLTCRS_ROT10,Zea mays (Corn),676.28,4535.21,2007,Conventional Till,None,No,74,11,89.998,NA,NA,0,7.5,NA,6.91,712.724,20.92047554
NEMLTCRS,NEMLTCRS_201N,NEMLTCRS_ROT40,Zea mays (Corn),2288.96,10575.68,2007,Conventional Till,None,No,74,11,0,NA,NA,0,7.5,NA,7.35,712.724,20.92047554
NEMLTCRS,NEMLTCRS_201M,NEMLTCRS_ROT41,Zea mays (Corn),3927.4,16707.79,2007,Conventional Till,None,No,74,11,89.998,NA,NA,0,7.5,NA,6.87,712.724,20.92047554
NEMLTCRS,NEMLTCRS_201S,NEMLTCRS_ROT42,Zea mays (Corn),3929.75,16280.21,2007,Conventional Till,None,No,74,11,179.996,NA,NA,0,7.5,NA,6.06,712.724,20.92047554
NEMLTCRS,NEMLTCRS_205N,NEMLTCRS_ROT62,Glycine max (Soybean),1900.22,8431.53,2007,Conventional Till,None,No,74,11,67.184,NA,NA,0,7.5,NA,5.92,712.724,20.92047554
NEMLTCRS,NEMLTCRS_205M,NEMLTCRS_ROT61,Glycine max (Soybean),1482.56,9274.68,2007,Conventional Till,None,No,74,11,33.592,NA,NA,0,7.5,NA,6.45,712.724,20.92047554
NEMLTCRS,NEMLTCRS_205S,NEMLTCRS_ROT60,Glycine max (Soybean),1511.94,8190.63,2007,Conventional Till,None,No,74,11,0,NA,NA,0,7.5,NA,6.78,712.724,20.92047554
NEMLTCRS,NEMLTCRS_206N,NEMLTCRS_ROT61,Zea mays (Corn),4015.76,16726.58,2007,Conventional Till,None,No,74,11,89.998,NA,NA,0,7.5,NA,6.47,712.724,20.92047554
NEMLTCRS,NEMLTCRS_206M,NEMLTCRS_ROT60,Zea mays (Corn),3140.25,14174.86,2007,Conventional Till,None,No,74,11,0,NA,NA,0,7.5,NA,6.97,712.724,20.92047554
NEMLTCRS,NEMLTCRS_206S,NEMLTCRS_ROT62,Zea mays (Corn),4050.74,16226.35,2007,Conventional Till,None,No,74,11,179.996,NA,NA,0,7.5,NA,5.5,712.724,20.92047554
NEMLTCRS,NEMLTCRS_208N,NEMLTCRS_ROT12,Zea mays (Corn),3458.53,16240.42,2007,Conventional Till,None,No,74,11,179.996,NA,NA,0,7.5,NA,5.34,712.724,20.92047554
NEMLTCRS,NEMLTCRS_208M,NEMLTCRS_ROT10,Zea mays (Corn),1415.44,9122.42,2007,Conventional Till,None,No,74,11,0,NA,NA,0,7.5,NA,6.94,712.724,20.92047554
NEMLTCRS,NEMLTCRS_208S,NEMLTCRS_ROT11,Zea mays (Corn),3344.7,11618.38,2007,Conventional Till,None,No,74,11,89.998,NA,NA,0,7.5,NA,6.08,712.724,20.92047554
NEMLTCRS,NEMLTCRS_209N,NEMLTCRS_ROT50,Glycine max (Soybean),1633.89,8190.63,2007,Conventional Till,None,No,74,11,0,NA,NA,0,7.5,NA,7.02,712.724,20.92047554
NEMLTCRS,NEMLTCRS_209M,NEMLTCRS_ROT52,Glycine max (Soybean),1568.45,7909.57,2007,Conventional Till,None,No,74,11,67.184,NA,NA,0,7.5,NA,6.45,712.724,20.92047554
NEMLTCRS,NEMLTCRS_209S,NEMLTCRS_ROT51,Glycine max (Soybean),1702.88,8810.08,2007,Conventional Till,None,No,74,11,33.592,NA,NA,0,7.5,NA,6.69,712.724,20.92047554
NEMLTCRS,NEMLTCRS_210N,NEMLTCRS_ROT41,Glycine max (Soybean),1393.61,7955.46,2007,Conventional Till,None,No,74,11,33.592,NA,NA,0,7.5,NA,6.91,712.724,20.92047554
NEMLTCRS,NEMLTCRS_210M,NEMLTCRS_ROT40,Glycine max (Soybean),1008.31,6641.98,2007,Conventional Till,None,No,74,11,0,NA,NA,0,7.5,NA,7.17,712.724,20.92047554
NEMLTCRS,NEMLTCRS_210S,NEMLTCRS_ROT42,Glycine max (Soybean),1329.71,7054.95,2007,Conventional Till,None,No,74,11,67.184,NA,NA,0,7.5,NA,6.26,712.724,20.92047554
NEMLTCRS,NEMLTCRS_212N,NEMLTCRS_ROT71,Glycine max (Soybean),1358.6,7095.1,2007,Conventional Till,None,No,74,11,33.592,NA,NA,0,7.5,NA,6.73,712.724,20.92047554
NEMLTCRS,NEMLTCRS_212M,NEMLTCRS_ROT70,Glycine max (Soybean),1313.92,7410.57,2007,Conventional Till,None,No,74,11,0,NA,NA,0,7.5,NA,7.07,712.724,20.92047554
NEMLTCRS,NEMLTCRS_212S,NEMLTCRS_ROT72,Glycine max (Soybean),1371.64,7726.03,2007,Conventional Till,None,No,74,11,67.184,NA,NA,0,7.5,NA,5.73,712.724,20.92047554
NEMLTCRS,NEMLTCRS_213N,NEMLTCRS_ROT70,Zea mays (Corn),1144.95,6382.36,2007,Conventional Till,None,No,74,11,0,NA,NA,0,7.5,NA,6.82,712.724,20.92047554
NEMLTCRS,NEMLTCRS_213M,NEMLTCRS_ROT71,Zea mays (Corn),2857.09,12815.83,2007,Conventional Till,None,No,74,11,89.998,NA,NA,0,7.5,NA,6.56,712.724,20.92047554
NEMLTCRS,NEMLTCRS_213S,NEMLTCRS_ROT72,Zea mays (Corn),3295.47,13856.23,2007,Conventional Till,None,No,74,11,179.996,NA,NA,0,7.5,NA,5.9,712.724,20.92047554
NEMLTCRS,NEMLTCRS_215N,NEMLTCRS_ROT22,Glycine max (Soybean),1247.02,6882.88,2007,Conventional Till,None,No,74,11,67.184,NA,NA,0,7.5,NA,6.26,712.724,20.92047554
NEMLTCRS,NEMLTCRS_215M,NEMLTCRS_ROT21,Glycine max (Soybean),1342.38,7244.23,2007,Conventional Till,None,No,74,11,33.592,NA,NA,0,7.5,NA,6.67,712.724,20.92047554
NEMLTCRS,NEMLTCRS_215S,NEMLTCRS_ROT20,Glycine max (Soybean),1476.49,6986.12,2007,Conventional Till,None,No,74,11,0,NA,NA,0,7.5,NA,6.84,712.724,20.92047554
NEMLTCRS,NEMLTCRS_301N,NEMLTCRS_ROT71,Glycine max (Soybean),1624.61,8397.11,2007,Conventional Till,None,No,74,11,33.592,NA,NA,0,7.5,NA,6.46,712.724,20.92047554
NEMLTCRS,NEMLTCRS_301M,NEMLTCRS_ROT72,Glycine max (Soybean),1576.97,7892.37,2007,Conventional Till,None,No,74,11,67.184,NA,NA,0,7.5,NA,5.84,712.724,20.92047554
NEMLTCRS,NEMLTCRS_301S,NEMLTCRS_ROT70,Glycine max (Soybean),1392.89,7812.07,2007,Conventional Till,None,No,74,11,0,NA,NA,0,7.5,NA,6.64,712.724,20.92047554
NEMLTCRS,NEMLTCRS_302N,NEMLTCRS_ROT72,Zea mays (Corn),2953.11,12105.63,2007,Conventional Till,None,No,74,11,179.996,NA,NA,0,7.5,NA,6.27,712.724,20.92047554
NEMLTCRS,NEMLTCRS_302M,NEMLTCRS_ROT70,Zea mays (Corn),1606.7,8657.34,2007,Conventional Till,None,No,74,11,0,NA,NA,0,7.5,NA,7.02,712.724,20.92047554
NEMLTCRS,NEMLTCRS_302S,NEMLTCRS_ROT71,Zea mays (Corn),3464.44,16185.98,2007,Conventional Till,None,No,74,11,89.998,NA,NA,0,7.5,NA,6.68,712.724,20.92047554
NEMLTCRS,NEMLTCRS_304N,NEMLTCRS_ROT22,Glycine max (Soybean),1024.2,5506.3,2007,Conventional Till,None,No,74,11,67.184,NA,NA,0,7.5,NA,6.34,712.724,20.92047554
NEMLTCRS,NEMLTCRS_304M,NEMLTCRS_ROT21,Glycine max (Soybean),1100.29,6211.8,2007,Conventional Till,None,No,74,11,33.592,NA,NA,0,7.5,NA,6.61,712.724,20.92047554
NEMLTCRS,NEMLTCRS_304S,NEMLTCRS_ROT20,Glycine max (Soybean),883.52,5655.43,2007,Conventional Till,None,No,74,11,0,NA,NA,0,7.5,NA,6.59,712.724,20.92047554
NEMLTCRS,NEMLTCRS_305N,NEMLTCRS_ROT41,Zea mays (Corn),3284.35,14688.89,2007,Conventional Till,None,No,74,11,89.998,NA,NA,0,7.5,NA,6.17,712.724,20.92047554
NEMLTCRS,NEMLTCRS_305M,NEMLTCRS_ROT40,Zea mays (Corn),2135.28,9783.14,2007,Conventional Till,None,No,74,11,0,NA,NA,0,7.5,NA,6.67,712.724,20.92047554
NEMLTCRS,NEMLTCRS_305S,NEMLTCRS_ROT42,Zea mays (Corn),4568.02,19313.33,2007,Conventional Till,None,No,74,11,179.996,NA,NA,0,7.5,NA,5.56,712.724,20.92047554
NEMLTCRS,NEMLTCRS_309N,NEMLTCRS_ROT62,Glycine max (Soybean),1481.34,8362.7,2007,Conventional Till,None,No,74,11,67.184,NA,NA,0,7.5,NA,6.12,712.724,20.92047554
NEMLTCRS,NEMLTCRS_309M,NEMLTCRS_ROT60,Glycine max (Soybean),1651.3,9005.1,2007,Conventional Till,None,No,74,11,0,NA,NA,0,7.5,NA,6.9,712.724,20.92047554
NEMLTCRS,NEMLTCRS_309S,NEMLTCRS_ROT61,Glycine max (Soybean),1337.64,7651.47,2007,Conventional Till,None,No,74,11,33.592,NA,NA,0,7.5,NA,6.69,712.724,20.92047554
NEMLTCRS,NEMLTCRS_310N,NEMLTCRS_ROT62,Zea mays (Corn),3701.66,17204.01,2007,Conventional Till,None,No,74,11,179.996,NA,NA,0,7.5,NA,5.62,712.724,20.92047554
NEMLTCRS,NEMLTCRS_310M,NEMLTCRS_ROT60,Zea mays (Corn),3360.23,14764,2007,Conventional Till,None,No,74,11,0,NA,NA,0,7.5,NA,6.96,712.724,20.92047554
NEMLTCRS,NEMLTCRS_310S,NEMLTCRS_ROT61,Zea mays (Corn),3790.3,16341.02,2007,Conventional Till,None,No,74,11,89.998,NA,NA,0,7.5,NA,6.54,712.724,20.92047554
NEMLTCRS,NEMLTCRS_312N,NEMLTCRS_ROT10,Zea mays (Corn),519.58,3819.71,2007,Conventional Till,None,No,74,11,0,NA,NA,0,7.5,NA,6.72,712.724,20.92047554
NEMLTCRS,NEMLTCRS_312M,NEMLTCRS_ROT11,Zea mays (Corn),3444.35,13671.88,2007,Conventional Till,None,No,74,11,89.998,NA,NA,0,7.5,NA,6.11,712.724,20.92047554
NEMLTCRS,NEMLTCRS_312S,NEMLTCRS_ROT12,Zea mays (Corn),4007.89,17008.75,2007,Conventional Till,None,No,74,11,179.996,NA,NA,0,7.5,NA,5.17,712.724,20.92047554
NEMLTCRS,NEMLTCRS_313N,NEMLTCRS_ROT51,Glycine max (Soybean),1302.65,7353.21,2007,Conventional Till,None,No,74,11,33.592,NA,NA,0,7.5,NA,6.39,712.724,20.92047554
NEMLTCRS,NEMLTCRS_313M,NEMLTCRS_ROT52,Glycine max (Soybean),1277.73,7261.44,2007,Conventional Till,None,No,74,11,67.184,NA,NA,0,7.5,NA,5.76,712.724,20.92047554
NEMLTCRS,NEMLTCRS_313S,NEMLTCRS_ROT50,Glycine max (Soybean),1351.2,7668.67,2007,Conventional Till,None,No,74,11,0,NA,NA,0,7.5,NA,6.75,712.724,20.92047554
NEMLTCRS,NEMLTCRS_314N,NEMLTCRS_ROT41,Glycine max (Soybean),1367.07,7502.34,2007,Conventional Till,None,No,74,11,33.592,NA,NA,0,7.5,NA,6.6,712.724,20.92047554
NEMLTCRS,NEMLTCRS_314M,NEMLTCRS_ROT42,Glycine max (Soybean),1632.1,8408.58,2007,Conventional Till,None,No,74,11,67.184,NA,NA,0,7.5,NA,6.21,712.724,20.92047554
NEMLTCRS,NEMLTCRS_314S,NEMLTCRS_ROT40,Glycine max (Soybean),1135.04,6578.88,2007,Conventional Till,None,No,74,11,0,NA,NA,0,7.5,NA,6.92,712.724,20.92047554
NEMLTCRS,NEMLTCRS_401N,NEMLTCRS_ROT41,Zea mays (Corn),3647.87,15855.97,2007,Conventional Till,None,No,74,11,89.998,NA,NA,0,7.5,NA,6.08,712.724,20.92047554
NEMLTCRS,NEMLTCRS_401M,NEMLTCRS_ROT42,Zea mays (Corn),4181.59,19585.63,2007,Conventional Till,None,No,74,11,179.996,NA,NA,0,7.5,NA,5.49,712.724,20.92047554
NEMLTCRS,NEMLTCRS_401S,NEMLTCRS_ROT40,Zea mays (Corn),3017.62,13670.33,2007,Conventional Till,None,No,74,11,0,NA,NA,0,7.5,NA,6.45,712.724,20.92047554
NEMLTCRS,NEMLTCRS_402N,NEMLTCRS_ROT61,Glycine max (Soybean),1670.14,8643.75,2007,Conventional Till,None,No,74,11,33.592,NA,NA,0,7.5,NA,6.59,712.724,20.92047554
NEMLTCRS,NEMLTCRS_402M,NEMLTCRS_ROT60,Glycine max (Soybean),1665.11,8477.41,2007,Conventional Till,None,No,74,11,0,NA,NA,0,7.5,NA,6.76,712.724,20.92047554
NEMLTCRS,NEMLTCRS_402S,NEMLTCRS_ROT62,Glycine max (Soybean),1971.97,9595.88,2007,Conventional Till,None,No,74,11,67.184,NA,NA,0,7.5,NA,6.12,712.724,20.92047554
NEMLTCRS,NEMLTCRS_403N,NEMLTCRS_ROT72,Glycine max (Soybean),1291.93,6894.35,2007,Conventional Till,None,No,74,11,67.184,NA,NA,0,7.5,NA,6.17,712.724,20.92047554
NEMLTCRS,NEMLTCRS_403M,NEMLTCRS_ROT70,Glycine max (Soybean),1495.29,7754.71,2007,Conventional Till,None,No,74,11,0,NA,NA,0,7.5,NA,6.85,712.724,20.92047554
NEMLTCRS,NEMLTCRS_403S,NEMLTCRS_ROT71,Glycine max (Soybean),1168.93,6871.41,2007,Conventional Till,None,No,74,11,33.592,NA,NA,0,7.5,NA,6.57,712.724,20.92047554
NEMLTCRS,NEMLTCRS_407N,NEMLTCRS_ROT10,Zea mays (Corn),949.07,4930.19,2007,Conventional Till,None,No,74,11,0,NA,NA,0,7.5,NA,6.61,712.724,20.92047554
NEMLTCRS,NEMLTCRS_407M,NEMLTCRS_ROT12,Zea mays (Corn),3267.37,13156.51,2007,Conventional Till,None,No,74,11,179.996,NA,NA,0,7.5,NA,4.86,712.724,20.92047554
NEMLTCRS,NEMLTCRS_407S,NEMLTCRS_ROT11,Zea mays (Corn),3859.37,15787.11,2007,Conventional Till,None,No,74,11,89.998,NA,NA,0,7.5,NA,5.95,712.724,20.92047554
NEMLTCRS,NEMLTCRS_408N,NEMLTCRS_ROT62,Zea mays (Corn),3851.69,16856.7,2007,Conventional Till,None,No,74,11,179.996,NA,NA,0,7.5,NA,5.44,712.724,20.92047554
NEMLTCRS,NEMLTCRS_408M,NEMLTCRS_ROT60,Zea mays (Corn),3650.83,16220.51,2007,Conventional Till,None,No,74,11,0,NA,NA,0,7.5,NA,6.71,712.724,20.92047554
NEMLTCRS,NEMLTCRS_408S,NEMLTCRS_ROT61,Zea mays (Corn),3809.89,15919.11,2007,Conventional Till,None,No,74,11,89.998,NA,NA,0,7.5,NA,6.2,712.724,20.92047554
NEMLTCRS,NEMLTCRS_409N,NEMLTCRS_ROT51,Glycine max (Soybean),858.46,5276.87,2007,Conventional Till,None,No,74,11,33.592,NA,NA,0,7.5,NA,6.6,712.724,20.92047554
NEMLTCRS,NEMLTCRS_409M,NEMLTCRS_ROT52,Glycine max (Soybean),1295.63,7295.85,2007,Conventional Till,None,No,74,11,67.184,NA,NA,0,7.5,NA,6.05,712.724,20.92047554
NEMLTCRS,NEMLTCRS_409S,NEMLTCRS_ROT50,Glycine max (Soybean),1590.86,8322.55,2007,Conventional Till,None,No,74,11,0,NA,NA,0,7.5,NA,6.86,712.724,20.92047554
NEMLTCRS,NEMLTCRS_411N,NEMLTCRS_ROT22,Glycine max (Soybean),1295.28,7490.87,2007,Conventional Till,None,No,74,11,67.184,NA,NA,0,7.5,NA,6.7,712.724,20.92047554
NEMLTCRS,NEMLTCRS_411M,NEMLTCRS_ROT20,Glycine max (Soybean),1208.4,6641.98,2007,Conventional Till,None,No,74,11,0,NA,NA,0,7.5,NA,7.08,712.724,20.92047554
NEMLTCRS,NEMLTCRS_411S,NEMLTCRS_ROT21,Glycine max (Soybean),1067.37,6274.89,2007,Conventional Till,None,No,74,11,33.592,NA,NA,0,7.5,NA,6.95,712.724,20.92047554
NEMLTCRS,NEMLTCRS_412N,NEMLTCRS_ROT70,Zea mays (Corn),937.83,5936.42,2007,Conventional Till,None,No,74,11,0,NA,NA,0,7.5,NA,6.86,712.724,20.92047554
NEMLTCRS,NEMLTCRS_412M,NEMLTCRS_ROT71,Zea mays (Corn),2506.35,12068.98,2007,Conventional Till,None,No,74,11,89.998,NA,NA,0,7.5,NA,6.55,712.724,20.92047554
NEMLTCRS,NEMLTCRS_412S,NEMLTCRS_ROT72,Zea mays (Corn),3270.09,15664.22,2007,Conventional Till,None,No,74,11,179.996,NA,NA,0,7.5,NA,6.04,712.724,20.92047554
NEMLTCRS,NEMLTCRS_414N,NEMLTCRS_ROT41,Glycine max (Soybean),1070.92,6320.78,2007,Conventional Till,None,No,74,11,33.592,NA,NA,0,7.5,NA,6.64,712.724,20.92047554
NEMLTCRS,NEMLTCRS_414M,NEMLTCRS_ROT42,Glycine max (Soybean),1467.88,7427.77,2007,Conventional Till,None,No,74,11,67.184,NA,NA,0,7.5,NA,6.24,712.724,20.92047554
NEMLTCRS,NEMLTCRS_414S,NEMLTCRS_ROT40,Glycine max (Soybean),1304.65,7175.4,2007,Conventional Till,None,No,74,11,0,NA,NA,0,7.5,NA,6.83,712.724,20.92047554
NEMLTCRS,NEMLTCRS_501N,NEMLTCRS_ROT71,Glycine max (Soybean),1750.84,8758.46,2007,Conventional Till,None,No,74,11,33.592,NA,NA,0,7.5,NA,6.15,712.724,20.92047554
NEMLTCRS,NEMLTCRS_501M,NEMLTCRS_ROT72,Glycine max (Soybean),1650.92,8397.11,2007,Conventional Till,None,No,74,11,67.184,NA,NA,0,7.5,NA,5.51,712.724,20.92047554
NEMLTCRS,NEMLTCRS_501S,NEMLTCRS_ROT70,Glycine max (Soybean),1496.25,9205.85,2007,Conventional Till,None,No,74,11,0,NA,NA,0,7.5,NA,6.33,712.724,20.92047554
NEMLTCRS,NEMLTCRS_502N,NEMLTCRS_ROT62,Glycine max (Soybean),1637.43,8787.14,2007,Conventional Till,None,No,74,11,67.184,NA,NA,0,7.5,NA,6.66,712.724,20.92047554
NEMLTCRS,NEMLTCRS_502M,NEMLTCRS_ROT61,Glycine max (Soybean),1849.1,9056.72,2007,Conventional Till,None,No,74,11,33.592,NA,NA,0,7.5,NA,6.7,712.724,20.92047554
NEMLTCRS,NEMLTCRS_502S,NEMLTCRS_ROT60,Glycine max (Soybean),1774.88,8810.08,2007,Conventional Till,None,No,74,11,0,NA,NA,0,7.5,NA,6.18,712.724,20.92047554
NEMLTCRS,NEMLTCRS_503N,NEMLTCRS_ROT40,Glycine max (Soybean),1501.57,7651.47,2007,Conventional Till,None,No,74,11,0,NA,NA,0,7.5,NA,7.05,712.724,20.92047554
NEMLTCRS,NEMLTCRS_503M,NEMLTCRS_ROT42,Glycine max (Soybean),1525.86,7840.75,2007,Conventional Till,None,No,74,11,67.184,NA,NA,0,7.5,NA,6.24,712.724,20.92047554
NEMLTCRS,NEMLTCRS_503S,NEMLTCRS_ROT41,Glycine max (Soybean),1301.38,7393.36,2007,Conventional Till,None,No,74,11,33.592,NA,NA,0,7.5,NA,6.42,712.724,20.92047554
NEMLTCRS,NEMLTCRS_505N,NEMLTCRS_ROT71,Zea mays (Corn),2329.26,11570.32,2007,Conventional Till,None,No,74,11,89.998,NA,NA,0,7.5,NA,6.62,712.724,20.92047554
NEMLTCRS,NEMLTCRS_505M,NEMLTCRS_ROT70,Zea mays (Corn),2011.08,10019.63,2007,Conventional Till,None,No,74,11,0,NA,NA,0,7.5,NA,6.94,712.724,20.92047554
NEMLTCRS,NEMLTCRS_505S,NEMLTCRS_ROT72,Zea mays (Corn),3768.57,16590.9,2007,Conventional Till,None,No,74,11,179.996,NA,NA,0,7.5,NA,5.89,712.724,20.92047554
NEMLTCRS,NEMLTCRS_507N,NEMLTCRS_ROT12,Zea mays (Corn),2644.68,13230.61,2007,Conventional Till,None,No,74,11,179.996,NA,NA,0,7.5,NA,5.19,712.724,20.92047554
NEMLTCRS,NEMLTCRS_507M,NEMLTCRS_ROT11,Zea mays (Corn),2936.88,12832.59,2007,Conventional Till,None,No,74,11,89.998,NA,NA,0,7.5,NA,6.24,712.724,20.92047554
NEMLTCRS,NEMLTCRS_507S,NEMLTCRS_ROT10,Zea mays (Corn),938.66,5159.43,2007,Conventional Till,None,No,74,11,0,NA,NA,0,7.5,NA,6.68,712.724,20.92047554
NEMLTCRS,NEMLTCRS_510N,NEMLTCRS_ROT21,Glycine max (Soybean),1430.69,6659.18,2007,Conventional Till,None,No,74,11,33.592,NA,NA,0,7.5,NA,6.84,712.724,20.92047554
NEMLTCRS,NEMLTCRS_510M,NEMLTCRS_ROT20,Glycine max (Soybean),1261.94,6894.35,2007,Conventional Till,None,No,74,11,0,NA,NA,0,7.5,NA,6.92,712.724,20.92047554
NEMLTCRS,NEMLTCRS_510S,NEMLTCRS_ROT22,Glycine max (Soybean),1499.04,7806.33,2007,Conventional Till,None,No,74,11,67.184,NA,NA,0,7.5,NA,6.82,712.724,20.92047554
NEMLTCRS,NEMLTCRS_511N,NEMLTCRS_ROT52,Glycine max (Soybean),1538.43,8041.5,2007,Conventional Till,None,No,74,11,67.184,NA,NA,0,7.5,NA,6.26,712.724,20.92047554
NEMLTCRS,NEMLTCRS_511M,NEMLTCRS_ROT51,Glycine max (Soybean),1401.78,6263.42,2007,Conventional Till,None,No,74,11,33.592,NA,NA,0,7.5,NA,6.61,712.724,20.92047554
NEMLTCRS,NEMLTCRS_511S,NEMLTCRS_ROT50,Glycine max (Soybean),1496.2,8293.87,2007,Conventional Till,None,No,74,11,0,NA,NA,0,7.5,NA,6.83,712.724,20.92047554
NEMLTCRS,NEMLTCRS_512N,NEMLTCRS_ROT40,Zea mays (Corn),1879.56,10521.99,2007,Conventional Till,None,No,74,11,0,NA,NA,0,7.5,NA,6.71,712.724,20.92047554
NEMLTCRS,NEMLTCRS_512M,NEMLTCRS_ROT41,Zea mays (Corn),3334.68,14220.74,2007,Conventional Till,None,No,74,11,89.998,NA,NA,0,7.5,NA,6.41,712.724,20.92047554
NEMLTCRS,NEMLTCRS_512S,NEMLTCRS_ROT42,Zea mays (Corn),3753.89,16359.36,2007,Conventional Till,None,No,74,11,179.996,NA,NA,0,7.5,NA,5.77,712.724,20.92047554
NEMLTCRS,NEMLTCRS_515N,NEMLTCRS_ROT60,Zea mays (Corn),2158.48,9774.74,2007,Conventional Till,None,No,74,11,0,NA,NA,0,7.5,NA,6.51,712.724,20.92047554
NEMLTCRS,NEMLTCRS_515M,NEMLTCRS_ROT62,Zea mays (Corn),4666.22,20693.71,2007,Conventional Till,None,No,74,11,179.996,NA,NA,0,7.5,NA,5.86,712.724,20.92047554
NEMLTCRS,NEMLTCRS_515S,NEMLTCRS_ROT61,Zea mays (Corn),3875.61,17891.25,2007,Conventional Till,None,No,74,11,89.998,NA,NA,0,7.5,NA,6.02,712.724,20.92047554
NEMLTCRS,NEMLTCRS_102N,NEMLTCRS_ROT42,Zea mays (Corn),2990.34,14853.5,2008,Conventional Till,None,No,74,11,179.996,NA,NA,0,7.5,NA,6.23,753.364,19.18572766
NEMLTCRS,NEMLTCRS_102M,NEMLTCRS_ROT40,Zea mays (Corn),2181.22,9991.56,2008,Conventional Till,None,No,74,11,0,NA,NA,0,7.5,NA,6.97,753.364,19.18572766
NEMLTCRS,NEMLTCRS_102S,NEMLTCRS_ROT41,Zea mays (Corn),3693.03,16747.65,2008,Conventional Till,None,No,74,11,89.998,NA,NA,0,7.5,NA,6.66,753.364,19.18572766
NEMLTCRS,NEMLTCRS_105N,NEMLTCRS_ROT72,Glycine max (Soybean),1554.71,6928.76,2008,Conventional Till,None,No,74,11,67.184,NA,NA,0,7.5,NA,5.71,753.364,19.18572766
NEMLTCRS,NEMLTCRS_105M,NEMLTCRS_ROT70,Glycine max (Soybean),1317.87,5821.77,2008,Conventional Till,None,No,74,11,0,NA,NA,0,7.5,NA,6.83,753.364,19.18572766
NEMLTCRS,NEMLTCRS_105S,NEMLTCRS_ROT71,Glycine max (Soybean),1549.57,7232.76,2008,Conventional Till,None,No,74,11,33.592,NA,NA,0,7.5,NA,6.37,753.364,19.18572766
NEMLTCRS,NEMLTCRS_106N,NEMLTCRS_ROT70,Zea mays (Corn),3831.62,16695.95,2008,Conventional Till,None,No,74,11,0,NA,NA,0,7.5,NA,6.28,753.364,19.18572766
NEMLTCRS,NEMLTCRS_106M,NEMLTCRS_ROT72,Zea mays (Corn),4090.67,18802.75,2008,Conventional Till,None,No,74,11,179.996,NA,NA,0,7.5,NA,5.57,753.364,19.18572766
NEMLTCRS,NEMLTCRS_106S,NEMLTCRS_ROT71,Zea mays (Corn),4573.25,20467.29,2008,Conventional Till,None,No,74,11,89.998,NA,NA,0,7.5,NA,6.29,753.364,19.18572766
NEMLTCRS,NEMLTCRS_107N,NEMLTCRS_ROT20,Glycine max (Soybean),1439.3,5328.5,2008,Conventional Till,None,No,74,11,0,NA,NA,0,7.5,NA,6.51,753.364,19.18572766
NEMLTCRS,NEMLTCRS_107M,NEMLTCRS_ROT22,Glycine max (Soybean),1107.51,5053.18,2008,Conventional Till,None,No,74,11,67.184,NA,NA,0,7.5,NA,6.31,753.364,19.18572766
NEMLTCRS,NEMLTCRS_107S,NEMLTCRS_ROT21,Glycine max (Soybean),1145.99,4565.64,2008,Conventional Till,None,No,74,11,33.592,NA,NA,0,7.5,NA,6.46,753.364,19.18572766
NEMLTCRS,NEMLTCRS_108N,NEMLTCRS_ROT41,Glycine max (Soybean),1476.44,6487.11,2008,Conventional Till,None,No,74,11,33.592,NA,NA,0,7.5,NA,6.04,753.364,19.18572766
NEMLTCRS,NEMLTCRS_108M,NEMLTCRS_ROT40,Glycine max (Soybean),1185.04,6257.68,2008,Conventional Till,None,No,74,11,0,NA,NA,0,7.5,NA,6.6,753.364,19.18572766
NEMLTCRS,NEMLTCRS_108S,NEMLTCRS_ROT42,Glycine max (Soybean),1538.56,6865.67,2008,Conventional Till,None,No,74,11,67.184,NA,NA,0,7.5,NA,5.62,753.364,19.18572766
NEMLTCRS,NEMLTCRS_110N,NEMLTCRS_ROT60,Glycine max (Soybean),1530.01,7135.25,2008,Conventional Till,None,No,74,11,0,NA,NA,0,7.5,NA,6.44,753.364,19.18572766
NEMLTCRS,NEMLTCRS_110M,NEMLTCRS_ROT62,Glycine max (Soybean),1416.83,6177.38,2008,Conventional Till,None,No,74,11,67.184,NA,NA,0,7.5,NA,6.2,753.364,19.18572766
NEMLTCRS,NEMLTCRS_110S,NEMLTCRS_ROT61,Glycine max (Soybean),1492.9,6533,2008,Conventional Till,None,No,74,11,33.592,NA,NA,0,7.5,NA,6.57,753.364,19.18572766
NEMLTCRS,NEMLTCRS_112N,NEMLTCRS_ROT60,Zea mays (Corn),3331.98,14247.09,2008,Conventional Till,None,No,74,11,0,NA,NA,0,7.5,NA,6.67,753.364,19.18572766
NEMLTCRS,NEMLTCRS_112M,NEMLTCRS_ROT62,Zea mays (Corn),4175.29,18683.4,2008,Conventional Till,None,No,74,11,179.996,NA,NA,0,7.5,NA,6.01,753.364,19.18572766
NEMLTCRS,NEMLTCRS_112S,NEMLTCRS_ROT61,Zea mays (Corn),3745.24,17388.9,2008,Conventional Till,None,No,74,11,89.998,NA,NA,0,7.5,NA,6.53,753.364,19.18572766
NEMLTCRS,NEMLTCRS_114N,NEMLTCRS_ROT52,Glycine max (Soybean),1441.47,6418.28,2008,Conventional Till,None,No,74,11,67.184,NA,NA,0,7.5,NA,5.87,753.364,19.18572766
NEMLTCRS,NEMLTCRS_114M,NEMLTCRS_ROT51,Glycine max (Soybean),1652.28,7106.57,2008,Conventional Till,None,No,74,11,33.592,NA,NA,0,7.5,NA,6.98,753.364,19.18572766
NEMLTCRS,NEMLTCRS_114S,NEMLTCRS_ROT50,Glycine max (Soybean),1249.17,5770.15,2008,Conventional Till,None,No,74,11,0,NA,NA,0,7.5,NA,7.32,753.364,19.18572766
NEMLTCRS,NEMLTCRS_115N,NEMLTCRS_ROT12,Zea mays (Corn),3582.39,16228.74,2008,Conventional Till,None,No,74,11,179.996,NA,NA,0,7.5,NA,4.72,753.364,19.18572766
NEMLTCRS,NEMLTCRS_115M,NEMLTCRS_ROT11,Zea mays (Corn),2395.64,11578.23,2008,Conventional Till,None,No,74,11,0,NA,NA,0,7.5,NA,6.11,753.364,19.18572766
NEMLTCRS,NEMLTCRS_115S,NEMLTCRS_ROT10,Zea mays (Corn),590.52,4171.56,2008,Conventional Till,None,No,74,11,89.998,NA,NA,0,7.5,NA,6.91,753.364,19.18572766
NEMLTCRS,NEMLTCRS_201N,NEMLTCRS_ROT40,Glycine max (Soybean),1546.28,6945.97,2008,Conventional Till,None,No,74,11,0,NA,NA,0,7.5,NA,7.35,753.364,19.18572766
NEMLTCRS,NEMLTCRS_201M,NEMLTCRS_ROT41,Glycine max (Soybean),1360.98,6229,2008,Conventional Till,None,No,74,11,33.592,NA,NA,0,7.5,NA,6.87,753.364,19.18572766
NEMLTCRS,NEMLTCRS_201S,NEMLTCRS_ROT42,Glycine max (Soybean),1443.77,7313.06,2008,Conventional Till,None,No,74,11,67.184,NA,NA,0,7.5,NA,6.06,753.364,19.18572766
NEMLTCRS,NEMLTCRS_203N,NEMLTCRS_ROT62,Glycine max (Soybean),1442.28,6670.66,2008,Conventional Till,None,No,74,11,67.184,NA,NA,0,7.5,NA,6.35,753.364,19.18572766
NEMLTCRS,NEMLTCRS_203M,NEMLTCRS_ROT61,Glycine max (Soybean),1491.37,6854.2,2008,Conventional Till,None,No,74,11,33.592,NA,NA,0,7.5,NA,6.83,753.364,19.18572766
NEMLTCRS,NEMLTCRS_203S,NEMLTCRS_ROT60,Glycine max (Soybean),1642.95,7553.96,2008,Conventional Till,None,No,74,11,0,NA,NA,0,7.5,NA,7.21,753.364,19.18572766
NEMLTCRS,NEMLTCRS_205N,NEMLTCRS_ROT62,Zea mays (Corn),3319.7,15222.46,2008,Conventional Till,None,No,74,11,179.996,NA,NA,0,7.5,NA,5.92,753.364,19.18572766
NEMLTCRS,NEMLTCRS_205M,NEMLTCRS_ROT61,Zea mays (Corn),4039.02,17838.72,2008,Conventional Till,None,No,74,11,89.998,NA,NA,0,7.5,NA,6.45,753.364,19.18572766
NEMLTCRS,NEMLTCRS_205S,NEMLTCRS_ROT60,Zea mays (Corn),2504.94,12381.56,2008,Conventional Till,None,No,74,11,0,NA,NA,0,7.5,NA,6.78,753.364,19.18572766
NEMLTCRS,NEMLTCRS_207N,NEMLTCRS_ROT50,Glycine max (Soybean),1513.87,7743.24,2008,Conventional Till,None,No,74,11,0,NA,NA,0,7.5,NA,6.89,753.364,19.18572766
NEMLTCRS,NEMLTCRS_207M,NEMLTCRS_ROT51,Glycine max (Soybean),1833.75,8299.6,2008,Conventional Till,None,No,74,11,33.592,NA,NA,0,7.5,NA,6.42,753.364,19.18572766
NEMLTCRS,NEMLTCRS_207S,NEMLTCRS_ROT52,Glycine max (Soybean),1503.34,7181.14,2008,Conventional Till,None,No,74,11,67.184,NA,NA,0,7.5,NA,5.53,753.364,19.18572766
NEMLTCRS,NEMLTCRS_208N,NEMLTCRS_ROT12,Zea mays (Corn),3741.95,16641.17,2008,Conventional Till,None,No,74,11,179.996,NA,NA,0,7.5,NA,5.34,753.364,19.18572766
NEMLTCRS,NEMLTCRS_208M,NEMLTCRS_ROT10,Zea mays (Corn),960.89,6117.45,2008,Conventional Till,None,No,74,11,0,NA,NA,0,7.5,NA,6.94,753.364,19.18572766
NEMLTCRS,NEMLTCRS_208S,NEMLTCRS_ROT11,Zea mays (Corn),2816.98,12905.06,2008,Conventional Till,None,No,74,11,89.998,NA,NA,0,7.5,NA,6.08,753.364,19.18572766
NEMLTCRS,NEMLTCRS_210N,NEMLTCRS_ROT41,Zea mays (Corn),3298.34,16453.03,2008,Conventional Till,None,No,74,11,89.998,NA,NA,0,7.5,NA,6.91,753.364,19.18572766
NEMLTCRS,NEMLTCRS_210M,NEMLTCRS_ROT40,Zea mays (Corn),2114.55,9944.19,2008,Conventional Till,None,No,74,11,0,NA,NA,0,7.5,NA,7.17,753.364,19.18572766
NEMLTCRS,NEMLTCRS_210S,NEMLTCRS_ROT42,Zea mays (Corn),3870.42,15995.34,2008,Conventional Till,None,No,74,11,179.996,NA,NA,0,7.5,NA,6.26,753.364,19.18572766
NEMLTCRS,NEMLTCRS_213N,NEMLTCRS_ROT70,Glycine max (Soybean),1598.75,6928.76,2008,Conventional Till,None,No,74,11,0,NA,NA,0,7.5,NA,6.82,753.364,19.18572766
NEMLTCRS,NEMLTCRS_213M,NEMLTCRS_ROT71,Glycine max (Soybean),1388.91,6062.67,2008,Conventional Till,None,No,74,11,33.592,NA,NA,0,7.5,NA,6.56,753.364,19.18572766
NEMLTCRS,NEMLTCRS_213S,NEMLTCRS_ROT72,Glycine max (Soybean),1603.79,7863.69,2008,Conventional Till,None,No,74,11,67.184,NA,NA,0,7.5,NA,5.9,753.364,19.18572766
NEMLTCRS,NEMLTCRS_214N,NEMLTCRS_ROT72,Zea mays (Corn),4321.57,18813,2008,Conventional Till,None,No,74,11,179.996,NA,NA,0,7.5,NA,6.13,753.364,19.18572766
NEMLTCRS,NEMLTCRS_214M,NEMLTCRS_ROT70,Zea mays (Corn),3796.65,16705.09,2008,Conventional Till,None,No,74,11,0,NA,NA,0,7.5,NA,6.87,753.364,19.18572766
NEMLTCRS,NEMLTCRS_214S,NEMLTCRS_ROT71,Zea mays (Corn),3395.96,15424.27,2008,Conventional Till,None,No,74,11,89.998,NA,NA,0,7.5,NA,6.62,753.364,19.18572766
NEMLTCRS,NEMLTCRS_215N,NEMLTCRS_ROT22,Glycine max (Soybean),1376.25,5718.52,2008,Conventional Till,None,No,74,11,67.184,NA,NA,0,7.5,NA,6.26,753.364,19.18572766
NEMLTCRS,NEMLTCRS_215M,NEMLTCRS_ROT21,Glycine max (Soybean),1424.15,5970.9,2008,Conventional Till,None,No,74,11,33.592,NA,NA,0,7.5,NA,6.67,753.364,19.18572766
NEMLTCRS,NEMLTCRS_215S,NEMLTCRS_ROT20,Glycine max (Soybean),1387.56,5913.54,2008,Conventional Till,None,No,74,11,0,NA,NA,0,7.5,NA,6.84,753.364,19.18572766
NEMLTCRS,NEMLTCRS_302N,NEMLTCRS_ROT72,Glycine max (Soybean),1454.01,5988.1,2008,Conventional Till,None,No,74,11,67.184,NA,NA,0,7.5,NA,6.27,753.364,19.18572766
NEMLTCRS,NEMLTCRS_302M,NEMLTCRS_ROT70,Glycine max (Soybean),1434.35,6280.63,2008,Conventional Till,None,No,74,11,0,NA,NA,0,7.5,NA,7.02,753.364,19.18572766
NEMLTCRS,NEMLTCRS_302S,NEMLTCRS_ROT71,Glycine max (Soybean),1444.07,6739.49,2008,Conventional Till,None,No,74,11,33.592,NA,NA,0,7.5,NA,6.68,753.364,19.18572766
NEMLTCRS,NEMLTCRS_303N,NEMLTCRS_ROT71,Zea mays (Corn),3769.91,15978.49,2008,Conventional Till,None,No,74,11,89.998,NA,NA,0,7.5,NA,6.7,753.364,19.18572766
NEMLTCRS,NEMLTCRS_303M,NEMLTCRS_ROT70,Zea mays (Corn),2694.04,12594.43,2008,Conventional Till,None,No,74,11,0,NA,NA,0,7.5,NA,6.8,753.364,19.18572766
NEMLTCRS,NEMLTCRS_303S,NEMLTCRS_ROT72,Zea mays (Corn),4171.09,19458.7,2008,Conventional Till,None,No,74,11,179.996,NA,NA,0,7.5,NA,6.07,753.364,19.18572766
NEMLTCRS,NEMLTCRS_304N,NEMLTCRS_ROT22,Glycine max (Soybean),975.56,4232.97,2008,Conventional Till,None,No,74,11,67.184,NA,NA,0,7.5,NA,6.34,753.364,19.18572766
NEMLTCRS,NEMLTCRS_304M,NEMLTCRS_ROT21,Glycine max (Soybean),1112.99,4651.68,2008,Conventional Till,None,No,74,11,33.592,NA,NA,0,7.5,NA,6.61,753.364,19.18572766
NEMLTCRS,NEMLTCRS_304S,NEMLTCRS_ROT20,Glycine max (Soybean),1245.49,5374.38,2008,Conventional Till,None,No,74,11,0,NA,NA,0,7.5,NA,6.59,753.364,19.18572766
NEMLTCRS,NEMLTCRS_305N,NEMLTCRS_ROT41,Glycine max (Soybean),1438.8,6263.42,2008,Conventional Till,None,No,74,11,33.592,NA,NA,0,7.5,NA,6.17,753.364,19.18572766
NEMLTCRS,NEMLTCRS_305M,NEMLTCRS_ROT40,Glycine max (Soybean),1435.86,6229,2008,Conventional Till,None,No,74,11,0,NA,NA,0,7.5,NA,6.67,753.364,19.18572766
NEMLTCRS,NEMLTCRS_305S,NEMLTCRS_ROT42,Glycine max (Soybean),1471.9,7140.99,2008,Conventional Till,None,No,74,11,67.184,NA,NA,0,7.5,NA,5.56,753.364,19.18572766
NEMLTCRS,NEMLTCRS_307N,NEMLTCRS_ROT60,Glycine max (Soybean),1357.85,5988.1,2008,Conventional Till,None,No,74,11,0,NA,NA,0,7.5,NA,6.61,753.364,19.18572766
NEMLTCRS,NEMLTCRS_307M,NEMLTCRS_ROT62,Glycine max (Soybean),1538.88,7307.32,2008,Conventional Till,None,No,74,11,67.184,NA,NA,0,7.5,NA,5.54,753.364,19.18572766
NEMLTCRS,NEMLTCRS_307S,NEMLTCRS_ROT61,Glycine max (Soybean),1576.41,6676.39,2008,Conventional Till,None,No,74,11,33.592,NA,NA,0,7.5,NA,6.24,753.364,19.18572766
NEMLTCRS,NEMLTCRS_309N,NEMLTCRS_ROT62,Zea mays (Corn),3737.84,14618.04,2008,Conventional Till,None,No,74,11,179.996,NA,NA,0,7.5,NA,6.12,753.364,19.18572766
NEMLTCRS,NEMLTCRS_309M,NEMLTCRS_ROT60,Zea mays (Corn),3532.59,16161.41,2008,Conventional Till,None,No,74,11,0,NA,NA,0,7.5,NA,6.9,753.364,19.18572766
NEMLTCRS,NEMLTCRS_309S,NEMLTCRS_ROT61,Zea mays (Corn),4297.37,19496.83,2008,Conventional Till,None,No,74,11,89.998,NA,NA,0,7.5,NA,6.69,753.364,19.18572766
NEMLTCRS,NEMLTCRS_311N,NEMLTCRS_ROT51,Glycine max (Soybean),1654.4,7508.07,2008,Conventional Till,None,No,74,11,33.592,NA,NA,0,7.5,NA,6.61,753.364,19.18572766
NEMLTCRS,NEMLTCRS_311M,NEMLTCRS_ROT52,Glycine max (Soybean),1749.27,7565.43,2008,Conventional Till,None,No,74,11,67.184,NA,NA,0,7.5,NA,6.75,753.364,19.18572766
NEMLTCRS,NEMLTCRS_311S,NEMLTCRS_ROT50,Glycine max (Soybean),1641.73,6716.54,2008,Conventional Till,None,No,74,11,0,NA,NA,0,7.5,NA,6.86,753.364,19.18572766
NEMLTCRS,NEMLTCRS_312N,NEMLTCRS_ROT10,Zea mays (Corn),606.28,4394.95,2008,Conventional Till,None,No,74,11,0,NA,NA,0,7.5,NA,6.72,753.364,19.18572766
NEMLTCRS,NEMLTCRS_312M,NEMLTCRS_ROT11,Zea mays (Corn),2834.33,13355.15,2008,Conventional Till,None,No,74,11,89.998,NA,NA,0,7.5,NA,6.11,753.364,19.18572766
NEMLTCRS,NEMLTCRS_312S,NEMLTCRS_ROT12,Zea mays (Corn),3178.95,14351.93,2008,Conventional Till,None,No,74,11,179.996,NA,NA,0,7.5,NA,5.17,753.364,19.18572766
NEMLTCRS,NEMLTCRS_314N,NEMLTCRS_ROT41,Zea mays (Corn),3433,14856.75,2008,Conventional Till,None,No,74,11,89.998,NA,NA,0,7.5,NA,6.6,753.364,19.18572766
NEMLTCRS,NEMLTCRS_314M,NEMLTCRS_ROT42,Zea mays (Corn),2836.79,12482.12,2008,Conventional Till,None,No,74,11,179.996,NA,NA,0,7.5,NA,6.21,753.364,19.18572766
NEMLTCRS,NEMLTCRS_314S,NEMLTCRS_ROT40,Zea mays (Corn),2764.8,12466.95,2008,Conventional Till,None,No,74,11,0,NA,NA,0,7.5,NA,6.92,753.364,19.18572766
NEMLTCRS,NEMLTCRS_401N,NEMLTCRS_ROT41,Glycine max (Soybean),1402.42,6389.61,2008,Conventional Till,None,No,74,11,33.592,NA,NA,0,7.5,NA,6.08,753.364,19.18572766
NEMLTCRS,NEMLTCRS_401M,NEMLTCRS_ROT42,Glycine max (Soybean),1452.8,6309.31,2008,Conventional Till,None,No,74,11,67.184,NA,NA,0,7.5,NA,5.49,753.364,19.18572766
NEMLTCRS,NEMLTCRS_401S,NEMLTCRS_ROT40,Glycine max (Soybean),1459.4,6458.43,2008,Conventional Till,None,No,74,11,0,NA,NA,0,7.5,NA,6.45,753.364,19.18572766
NEMLTCRS,NEMLTCRS_402N,NEMLTCRS_ROT61,Zea mays (Corn),3498.48,16071.08,2008,Conventional Till,None,No,74,11,89.998,NA,NA,0,7.5,NA,6.59,753.364,19.18572766
NEMLTCRS,NEMLTCRS_402M,NEMLTCRS_ROT60,Zea mays (Corn),3185.39,15084.12,2008,Conventional Till,None,No,74,11,0,NA,NA,0,7.5,NA,6.76,753.364,19.18572766
NEMLTCRS,NEMLTCRS_402S,NEMLTCRS_ROT62,Zea mays (Corn),4060.97,18193.4,2008,Conventional Till,None,No,74,11,179.996,NA,NA,0,7.5,NA,6.12,753.364,19.18572766
NEMLTCRS,NEMLTCRS_404N,NEMLTCRS_ROT60,Glycine max (Soybean),1700.7,7565.43,2008,Conventional Till,None,No,74,11,0,NA,NA,0,7.5,NA,6.54,753.364,19.18572766
NEMLTCRS,NEMLTCRS_404M,NEMLTCRS_ROT61,Glycine max (Soybean),1011.78,5058.92,2008,Conventional Till,None,No,74,11,33.592,NA,NA,0,7.5,NA,6.21,753.364,19.18572766
NEMLTCRS,NEMLTCRS_404S,NEMLTCRS_ROT62,Glycine max (Soybean),1125.56,5437.47,2008,Conventional Till,None,No,74,11,67.184,NA,NA,0,7.5,NA,5.61,753.364,19.18572766
NEMLTCRS,NEMLTCRS_406N,NEMLTCRS_ROT72,Zea mays (Corn),3720.74,16548.94,2008,Conventional Till,None,No,74,11,179.996,NA,NA,0,7.5,NA,6.05,753.364,19.18572766
NEMLTCRS,NEMLTCRS_406M,NEMLTCRS_ROT71,Zea mays (Corn),4169.45,19038.94,2008,Conventional Till,None,No,74,11,89.998,NA,NA,0,7.5,NA,6.45,753.364,19.18572766
NEMLTCRS,NEMLTCRS_406S,NEMLTCRS_ROT70,Zea mays (Corn),2389.03,10727.46,2008,Conventional Till,None,No,74,11,0,NA,NA,0,7.5,NA,6.78,753.364,19.18572766
NEMLTCRS,NEMLTCRS_407N,NEMLTCRS_ROT10,Zea mays (Corn),626.31,4075.81,2008,Conventional Till,None,No,74,11,0,NA,NA,0,7.5,NA,6.61,753.364,19.18572766
NEMLTCRS,NEMLTCRS_407M,NEMLTCRS_ROT12,Zea mays (Corn),3303.02,14550.27,2008,Conventional Till,None,No,74,11,179.996,NA,NA,0,7.5,NA,4.86,753.364,19.18572766
NEMLTCRS,NEMLTCRS_407S,NEMLTCRS_ROT11,Zea mays (Corn),2090.42,12111.22,2008,Conventional Till,None,No,74,11,89.998,NA,NA,0,7.5,NA,5.95,753.364,19.18572766
NEMLTCRS,NEMLTCRS_411N,NEMLTCRS_ROT22,Glycine max (Soybean),1572.88,6435.49,2008,Conventional Till,None,No,74,11,67.184,NA,NA,0,7.5,NA,6.7,753.364,19.18572766
NEMLTCRS,NEMLTCRS_411M,NEMLTCRS_ROT20,Glycine max (Soybean),1394.76,5368.65,2008,Conventional Till,None,No,74,11,0,NA,NA,0,7.5,NA,7.08,753.364,19.18572766
NEMLTCRS,NEMLTCRS_411S,NEMLTCRS_ROT21,Glycine max (Soybean),1352.09,5443.21,2008,Conventional Till,None,No,74,11,33.592,NA,NA,0,7.5,NA,6.95,753.364,19.18572766
NEMLTCRS,NEMLTCRS_412N,NEMLTCRS_ROT70,Glycine max (Soybean),1641.08,6914.42,2008,Conventional Till,None,No,74,11,0,NA,NA,0,7.5,NA,6.86,753.364,19.18572766
NEMLTCRS,NEMLTCRS_412M,NEMLTCRS_ROT71,Glycine max (Soybean),1497.94,6297.83,2008,Conventional Till,None,No,74,11,33.592,NA,NA,0,7.5,NA,6.55,753.364,19.18572766
NEMLTCRS,NEMLTCRS_412S,NEMLTCRS_ROT72,Glycine max (Soybean),1514.98,6389.61,2008,Conventional Till,None,No,74,11,67.184,NA,NA,0,7.5,NA,6.04,753.364,19.18572766
NEMLTCRS,NEMLTCRS_413N,NEMLTCRS_ROT51,Glycine max (Soybean),1575.75,6722.28,2008,Conventional Till,None,No,74,11,33.592,NA,NA,0,7.5,NA,6.49,753.364,19.18572766
NEMLTCRS,NEMLTCRS_413M,NEMLTCRS_ROT52,Glycine max (Soybean),1560.84,6968.91,2008,Conventional Till,None,No,74,11,67.184,NA,NA,0,7.5,NA,5.84,753.364,19.18572766
NEMLTCRS,NEMLTCRS_413S,NEMLTCRS_ROT50,Glycine max (Soybean),1320.58,5890.6,2008,Conventional Till,None,No,74,11,0,NA,NA,0,7.5,NA,6.75,753.364,19.18572766
NEMLTCRS,NEMLTCRS_414N,NEMLTCRS_ROT41,Zea mays (Corn),3512.71,15758.12,2008,Conventional Till,None,No,74,11,89.998,NA,NA,0,7.5,NA,6.64,753.364,19.18572766
NEMLTCRS,NEMLTCRS_414M,NEMLTCRS_ROT42,Zea mays (Corn),2070.29,10063.92,2008,Conventional Till,None,No,74,11,179.996,NA,NA,0,7.5,NA,6.24,753.364,19.18572766
NEMLTCRS,NEMLTCRS_414S,NEMLTCRS_ROT40,Zea mays (Corn),3343.16,15398.18,2008,Conventional Till,None,No,74,11,0,NA,NA,0,7.5,NA,6.83,753.364,19.18572766
NEMLTCRS,NEMLTCRS_502N,NEMLTCRS_ROT62,Zea mays (Corn),3912.7,16757.57,2008,Conventional Till,None,No,74,11,179.996,NA,NA,0,7.5,NA,6.66,753.364,19.18572766
NEMLTCRS,NEMLTCRS_502M,NEMLTCRS_ROT61,Zea mays (Corn),4643.95,20052.82,2008,Conventional Till,None,No,74,11,89.998,NA,NA,0,7.5,NA,6.7,753.364,19.18572766
NEMLTCRS,NEMLTCRS_502S,NEMLTCRS_ROT60,Zea mays (Corn),2991.1,14796.25,2008,Conventional Till,None,No,74,11,0,NA,NA,0,7.5,NA,6.18,753.364,19.18572766
NEMLTCRS,NEMLTCRS_503N,NEMLTCRS_ROT40,Zea mays (Corn),2177.13,10410.31,2008,Conventional Till,None,No,74,11,0,NA,NA,0,7.5,NA,7.05,753.364,19.18572766
NEMLTCRS,NEMLTCRS_503M,NEMLTCRS_ROT42,Zea mays (Corn),4030.53,17267.36,2008,Conventional Till,None,No,74,11,179.996,NA,NA,0,7.5,NA,6.24,753.364,19.18572766
NEMLTCRS,NEMLTCRS_503S,NEMLTCRS_ROT41,Zea mays (Corn),3738.09,16642.08,2008,Conventional Till,None,No,74,11,89.998,NA,NA,0,7.5,NA,6.42,753.364,19.18572766
NEMLTCRS,NEMLTCRS_505N,NEMLTCRS_ROT71,Glycine max (Soybean),1265,5879.13,2008,Conventional Till,None,No,74,11,33.592,NA,NA,0,7.5,NA,6.62,753.364,19.18572766
NEMLTCRS,NEMLTCRS_505M,NEMLTCRS_ROT70,Glycine max (Soybean),1373.46,6303.57,2008,Conventional Till,None,No,74,11,0,NA,NA,0,7.5,NA,6.94,753.364,19.18572766
NEMLTCRS,NEMLTCRS_505S,NEMLTCRS_ROT72,Glycine max (Soybean),1319.79,6097.08,2008,Conventional Till,None,No,74,11,67.184,NA,NA,0,7.5,NA,5.89,753.364,19.18572766
NEMLTCRS,NEMLTCRS_507N,NEMLTCRS_ROT12,Zea mays (Corn),3350.07,13870.71,2008,Conventional Till,None,No,74,11,179.996,NA,NA,0,7.5,NA,5.19,753.364,19.18572766
NEMLTCRS,NEMLTCRS_507M,NEMLTCRS_ROT11,Zea mays (Corn),2613.97,11912.98,2008,Conventional Till,None,No,74,11,89.998,NA,NA,0,7.5,NA,6.24,753.364,19.18572766
NEMLTCRS,NEMLTCRS_507S,NEMLTCRS_ROT10,Zea mays (Corn),662,4372.61,2008,Conventional Till,None,No,74,11,0,NA,NA,0,7.5,NA,6.68,753.364,19.18572766
NEMLTCRS,NEMLTCRS_508N,NEMLTCRS_ROT60,Glycine max (Soybean),1576.41,6728.01,2008,Conventional Till,None,No,74,11,0,NA,NA,0,7.5,NA,6.77,753.364,19.18572766
NEMLTCRS,NEMLTCRS_508M,NEMLTCRS_ROT62,Glycine max (Soybean),1676.94,7513.81,2008,Conventional Till,None,No,74,11,67.184,NA,NA,0,7.5,NA,6.01,753.364,19.18572766
NEMLTCRS,NEMLTCRS_508S,NEMLTCRS_ROT61,Glycine max (Soybean),1671.3,7479.39,2008,Conventional Till,None,No,74,11,33.592,NA,NA,0,7.5,NA,6.41,753.364,19.18572766
NEMLTCRS,NEMLTCRS_510N,NEMLTCRS_ROT21,Glycine max (Soybean),1427.06,5730,2008,Conventional Till,None,No,74,11,33.592,NA,NA,0,7.5,NA,6.84,753.364,19.18572766
NEMLTCRS,NEMLTCRS_510M,NEMLTCRS_ROT20,Glycine max (Soybean),1539.29,6492.85,2008,Conventional Till,None,No,74,11,0,NA,NA,0,7.5,NA,6.92,753.364,19.18572766
NEMLTCRS,NEMLTCRS_510S,NEMLTCRS_ROT22,Glycine max (Soybean),1638.87,6951.71,2008,Conventional Till,None,No,74,11,67.184,NA,NA,0,7.5,NA,6.82,753.364,19.18572766
NEMLTCRS,NEMLTCRS_512N,NEMLTCRS_ROT40,Glycine max (Soybean),1342.94,5529.25,2008,Conventional Till,None,No,74,11,0,NA,NA,0,7.5,NA,6.71,753.364,19.18572766
NEMLTCRS,NEMLTCRS_512M,NEMLTCRS_ROT41,Glycine max (Soybean),1415.59,6429.76,2008,Conventional Till,None,No,74,11,33.592,NA,NA,0,7.5,NA,6.41,753.364,19.18572766
NEMLTCRS,NEMLTCRS_512S,NEMLTCRS_ROT42,Glycine max (Soybean),1572.57,6578.88,2008,Conventional Till,None,No,74,11,67.184,NA,NA,0,7.5,NA,5.77,753.364,19.18572766
NEMLTCRS,NEMLTCRS_513N,NEMLTCRS_ROT70,Zea mays (Corn),2774.72,13458.65,2008,Conventional Till,None,No,74,11,0,NA,NA,0,7.5,NA,6.8,753.364,19.18572766
NEMLTCRS,NEMLTCRS_513M,NEMLTCRS_ROT71,Zea mays (Corn),3892.42,17165.24,2008,Conventional Till,None,No,74,11,89.998,NA,NA,0,7.5,NA,6.52,753.364,19.18572766
NEMLTCRS,NEMLTCRS_513S,NEMLTCRS_ROT72,Zea mays (Corn),3685.62,16093.71,2008,Conventional Till,None,No,74,11,179.996,NA,NA,0,7.5,NA,5.92,753.364,19.18572766
NEMLTCRS,NEMLTCRS_514N,NEMLTCRS_ROT52,Glycine max (Soybean),1592,7123.78,2008,Conventional Till,None,No,74,11,67.184,NA,NA,0,7.5,NA,6.28,753.364,19.18572766
NEMLTCRS,NEMLTCRS_514M,NEMLTCRS_ROT50,Glycine max (Soybean),1460.3,6366.66,2008,Conventional Till,None,No,74,11,0,NA,NA,0,7.5,NA,6.94,753.364,19.18572766
NEMLTCRS,NEMLTCRS_514S,NEMLTCRS_ROT51,Glycine max (Soybean),1376.59,5844.71,2008,Conventional Till,None,No,74,11,33.592,NA,NA,0,7.5,NA,6.52,753.364,19.18572766
NEMLTCRS,NEMLTCRS_101N,NEMLTCRS_ROT52,Glycine max (Soybean),1871.37,8133.27,2009,Conventional Till,None,No,74,11,67.184,NA,NA,0,7.5,NA,5.98,505.714,18.11751963
NEMLTCRS,NEMLTCRS_101M,NEMLTCRS_ROT51,Glycine max (Soybean),1687.27,7112.31,2009,Conventional Till,None,No,74,11,33.592,NA,NA,0,7.5,NA,6.39,505.714,18.11751963
NEMLTCRS,NEMLTCRS_101S,NEMLTCRS_ROT50,Glycine max (Soybean),1731.89,7714.56,2009,Conventional Till,None,No,74,11,0,NA,NA,0,7.5,NA,6.8,505.714,18.11751963
NEMLTCRS,NEMLTCRS_102N,NEMLTCRS_ROT42,Glycine max (Soybean),1880.83,7777.65,2009,Conventional Till,None,No,74,11,67.184,NA,NA,0,7.5,NA,6.23,505.714,18.11751963
NEMLTCRS,NEMLTCRS_102M,NEMLTCRS_ROT40,Glycine max (Soybean),1988.36,6968.91,2009,Conventional Till,None,No,74,11,0,NA,NA,0,7.5,NA,6.97,505.714,18.11751963
NEMLTCRS,NEMLTCRS_102S,NEMLTCRS_ROT41,Glycine max (Soybean),1586.19,6768.16,2009,Conventional Till,None,No,74,11,33.592,NA,NA,0,7.5,NA,6.66,505.714,18.11751963
NEMLTCRS,NEMLTCRS_103N,NEMLTCRS_ROT70,Zea mays (Corn),3889.7,18176.87,2009,Conventional Till,None,No,74,11,0,NA,NA,0,7.5,NA,6.49,505.714,18.11751963
NEMLTCRS,NEMLTCRS_103M,NEMLTCRS_ROT72,Zea mays (Corn),3897.8,17622,2009,Conventional Till,None,No,74,11,179.996,NA,NA,0,7.5,NA,5.47,505.714,18.11751963
NEMLTCRS,NEMLTCRS_103S,NEMLTCRS_ROT71,Zea mays (Corn),4430.16,20304.93,2009,Conventional Till,None,No,74,11,89.998,NA,NA,0,7.5,NA,6.3,505.714,18.11751963
NEMLTCRS,NEMLTCRS_106N,NEMLTCRS_ROT70,Glycine max (Soybean),2050.47,7381.89,2009,Conventional Till,None,No,74,11,0,NA,NA,0,7.5,NA,6.28,505.714,18.11751963
NEMLTCRS,NEMLTCRS_106M,NEMLTCRS_ROT72,Glycine max (Soybean),1957.75,7502.34,2009,Conventional Till,None,No,74,11,67.184,NA,NA,0,7.5,NA,5.57,505.714,18.11751963
NEMLTCRS,NEMLTCRS_106S,NEMLTCRS_ROT71,Glycine max (Soybean),2338.58,8247.98,2009,Conventional Till,None,No,74,11,33.592,NA,NA,0,7.5,NA,6.29,505.714,18.11751963
NEMLTCRS,NEMLTCRS_107N,NEMLTCRS_ROT20,Glycine max (Soybean),1631.78,6647.71,2009,Conventional Till,None,No,74,11,0,NA,NA,0,7.5,NA,6.51,505.714,18.11751963
NEMLTCRS,NEMLTCRS_107M,NEMLTCRS_ROT22,Glycine max (Soybean),1453.08,6360.93,2009,Conventional Till,None,No,74,11,67.184,NA,NA,0,7.5,NA,6.31,505.714,18.11751963
NEMLTCRS,NEMLTCRS_107S,NEMLTCRS_ROT21,Glycine max (Soybean),1740.54,6825.52,2009,Conventional Till,None,No,74,11,33.592,NA,NA,0,7.5,NA,6.46,505.714,18.11751963
NEMLTCRS,NEMLTCRS_108N,NEMLTCRS_ROT41,Zea mays (Corn),4318.65,22064.18,2009,Conventional Till,None,No,74,11,89.998,NA,NA,0,7.5,NA,6.04,505.714,18.11751963
NEMLTCRS,NEMLTCRS_108M,NEMLTCRS_ROT40,Zea mays (Corn),3516.34,18604,2009,Conventional Till,None,No,74,11,0,NA,NA,0,7.5,NA,6.6,505.714,18.11751963
NEMLTCRS,NEMLTCRS_108S,NEMLTCRS_ROT42,Zea mays (Corn),4540.92,20380.51,2009,Conventional Till,None,No,74,11,179.996,NA,NA,0,7.5,NA,5.62,505.714,18.11751963
NEMLTCRS,NEMLTCRS_109N,NEMLTCRS_ROT62,Glycine max (Soybean),1830.63,7674.41,2009,Conventional Till,None,No,74,11,67.184,NA,NA,0,7.5,NA,5.52,505.714,18.11751963
NEMLTCRS,NEMLTCRS_109M,NEMLTCRS_ROT61,Glycine max (Soybean),1415.85,6372.4,2009,Conventional Till,None,No,74,11,33.592,NA,NA,0,7.5,NA,6.41,505.714,18.11751963
NEMLTCRS,NEMLTCRS_109S,NEMLTCRS_ROT60,Glycine max (Soybean),2060.23,7146.72,2009,Conventional Till,None,No,74,11,0,NA,NA,0,7.5,NA,6.83,505.714,18.11751963
NEMLTCRS,NEMLTCRS_110N,NEMLTCRS_ROT60,Zea mays (Corn),3579.94,18847.58,2009,Conventional Till,None,No,74,11,0,NA,NA,0,7.5,NA,6.44,505.714,18.11751963
NEMLTCRS,NEMLTCRS_110M,NEMLTCRS_ROT62,Zea mays (Corn),4455.02,22554.16,2009,Conventional Till,None,No,74,11,179.996,NA,NA,0,7.5,NA,6.2,505.714,18.11751963
NEMLTCRS,NEMLTCRS_110S,NEMLTCRS_ROT61,Zea mays (Corn),4535.52,19880.01,2009,Conventional Till,None,No,74,11,89.998,NA,NA,0,7.5,NA,6.57,505.714,18.11751963
NEMLTCRS,NEMLTCRS_115N,NEMLTCRS_ROT12,Zea mays (Corn),4364.83,19879.7,2009,Conventional Till,None,No,74,11,179.996,NA,NA,0,7.5,NA,4.72,505.714,18.11751963
NEMLTCRS,NEMLTCRS_115M,NEMLTCRS_ROT11,Zea mays (Corn),2701.52,12121.77,2009,Conventional Till,None,No,74,11,0,NA,NA,0,7.5,NA,6.11,505.714,18.11751963
NEMLTCRS,NEMLTCRS_115S,NEMLTCRS_ROT10,Zea mays (Corn),536.23,3916.31,2009,Conventional Till,None,No,74,11,89.998,NA,NA,0,7.5,NA,6.91,505.714,18.11751963
NEMLTCRS,NEMLTCRS_201N,NEMLTCRS_ROT40,Zea mays (Corn),3082.45,14501.21,2009,Conventional Till,None,No,74,11,0,NA,NA,0,7.5,NA,7.35,505.714,18.11751963
NEMLTCRS,NEMLTCRS_201M,NEMLTCRS_ROT41,Zea mays (Corn),4329.69,18356.12,2009,Conventional Till,None,No,74,11,89.998,NA,NA,0,7.5,NA,6.87,505.714,18.11751963
NEMLTCRS,NEMLTCRS_201S,NEMLTCRS_ROT42,Zea mays (Corn),4209.64,19164.59,2009,Conventional Till,None,No,74,11,179.996,NA,NA,0,7.5,NA,6.06,505.714,18.11751963
NEMLTCRS,NEMLTCRS_202N,NEMLTCRS_ROT62,Glycine max (Soybean),1628.55,6917.29,2009,Conventional Till,None,No,74,11,67.184,NA,NA,0,7.5,NA,6.6,505.714,18.11751963
NEMLTCRS,NEMLTCRS_202M,NEMLTCRS_ROT61,Glycine max (Soybean),1770.83,6779.64,2009,Conventional Till,None,No,74,11,33.592,NA,NA,0,7.5,NA,6.85,505.714,18.11751963
NEMLTCRS,NEMLTCRS_202S,NEMLTCRS_ROT60,Glycine max (Soybean),2371.25,9354.98,2009,Conventional Till,None,No,74,11,0,NA,NA,0,7.5,NA,7.2,505.714,18.11751963
NEMLTCRS,NEMLTCRS_203N,NEMLTCRS_ROT62,Zea mays (Corn),4401.7,21765.48,2009,Conventional Till,None,No,74,11,179.996,NA,NA,0,7.5,NA,6.35,505.714,18.11751963
NEMLTCRS,NEMLTCRS_203M,NEMLTCRS_ROT61,Zea mays (Corn),4501.54,21612.9,2009,Conventional Till,None,No,74,11,89.998,NA,NA,0,7.5,NA,6.83,505.714,18.11751963
NEMLTCRS,NEMLTCRS_203S,NEMLTCRS_ROT60,Zea mays (Corn),3719.8,17576.45,2009,Conventional Till,None,No,74,11,0,NA,NA,0,7.5,NA,7.21,505.714,18.11751963
NEMLTCRS,NEMLTCRS_208N,NEMLTCRS_ROT12,Zea mays (Corn),4031.18,18493.34,2009,Conventional Till,None,No,74,11,179.996,NA,NA,0,7.5,NA,5.34,505.714,18.11751963
NEMLTCRS,NEMLTCRS_208M,NEMLTCRS_ROT10,Zea mays (Corn),692.63,5272.56,2009,Conventional Till,None,No,74,11,0,NA,NA,0,7.5,NA,6.94,505.714,18.11751963
NEMLTCRS,NEMLTCRS_208S,NEMLTCRS_ROT11,Zea mays (Corn),2218.1,9834.82,2009,Conventional Till,None,No,74,11,89.998,NA,NA,0,7.5,NA,6.08,505.714,18.11751963
NEMLTCRS,NEMLTCRS_209N,NEMLTCRS_ROT50,Glycine max (Soybean),2266.55,8081.65,2009,Conventional Till,None,No,74,11,0,NA,NA,0,7.5,NA,7.02,505.714,18.11751963
NEMLTCRS,NEMLTCRS_209M,NEMLTCRS_ROT52,Glycine max (Soybean),1544.66,6659.18,2009,Conventional Till,None,No,74,11,67.184,NA,NA,0,7.5,NA,6.45,505.714,18.11751963
NEMLTCRS,NEMLTCRS_209S,NEMLTCRS_ROT51,Glycine max (Soybean),1685.22,7450.72,2009,Conventional Till,None,No,74,11,33.592,NA,NA,0,7.5,NA,6.69,505.714,18.11751963
NEMLTCRS,NEMLTCRS_210N,NEMLTCRS_ROT41,Glycine max (Soybean),1566.26,5672.64,2009,Conventional Till,None,No,74,11,33.592,NA,NA,0,7.5,NA,6.91,505.714,18.11751963
NEMLTCRS,NEMLTCRS_210M,NEMLTCRS_ROT40,Glycine max (Soybean),1942.65,7163.93,2009,Conventional Till,None,No,74,11,0,NA,NA,0,7.5,NA,7.17,505.714,18.11751963
NEMLTCRS,NEMLTCRS_210S,NEMLTCRS_ROT42,Glycine max (Soybean),1638.37,6768.16,2009,Conventional Till,None,No,74,11,67.184,NA,NA,0,7.5,NA,6.26,505.714,18.11751963
NEMLTCRS,NEMLTCRS_211N,NEMLTCRS_ROT71,Zea mays (Corn),4349.2,19538.26,2009,Conventional Till,None,No,74,11,89.998,NA,NA,0,7.5,NA,6.65,505.714,18.11751963
NEMLTCRS,NEMLTCRS_211M,NEMLTCRS_ROT72,Zea mays (Corn),4534.45,23028.7,2009,Conventional Till,None,No,74,11,179.996,NA,NA,0,7.5,NA,5.79,505.714,18.11751963
NEMLTCRS,NEMLTCRS_211S,NEMLTCRS_ROT70,Zea mays (Corn),3347.22,16199.18,2009,Conventional Till,None,No,74,11,0,NA,NA,0,7.5,NA,7.11,505.714,18.11751963
NEMLTCRS,NEMLTCRS_214N,NEMLTCRS_ROT72,Glycine max (Soybean),1818.26,6647.71,2009,Conventional Till,None,No,74,11,67.184,NA,NA,0,7.5,NA,6.13,505.714,18.11751963
NEMLTCRS,NEMLTCRS_214M,NEMLTCRS_ROT70,Glycine max (Soybean),1605.06,7605.58,2009,Conventional Till,None,No,74,11,0,NA,NA,0,7.5,NA,6.87,505.714,18.11751963
NEMLTCRS,NEMLTCRS_214S,NEMLTCRS_ROT71,Glycine max (Soybean),1737.37,7869.42,2009,Conventional Till,None,No,74,11,33.592,NA,NA,0,7.5,NA,6.62,505.714,18.11751963
NEMLTCRS,NEMLTCRS_215N,NEMLTCRS_ROT22,Glycine max (Soybean),2140.43,7410.57,2009,Conventional Till,None,No,74,11,67.184,NA,NA,0,7.5,NA,6.26,505.714,18.11751963
NEMLTCRS,NEMLTCRS_215M,NEMLTCRS_ROT21,Glycine max (Soybean),1712.63,6859.94,2009,Conventional Till,None,No,74,11,33.592,NA,NA,0,7.5,NA,6.67,505.714,18.11751963
NEMLTCRS,NEMLTCRS_215S,NEMLTCRS_ROT20,Glycine max (Soybean),2072.09,7370.42,2009,Conventional Till,None,No,74,11,0,NA,NA,0,7.5,NA,6.84,505.714,18.11751963
NEMLTCRS,NEMLTCRS_303N,NEMLTCRS_ROT71,Glycine max (Soybean),1803.99,7571.17,2009,Conventional Till,None,No,74,11,33.592,NA,NA,0,7.5,NA,6.7,505.714,18.11751963
NEMLTCRS,NEMLTCRS_303M,NEMLTCRS_ROT70,Glycine max (Soybean),2273.61,7898.1,2009,Conventional Till,None,No,74,11,0,NA,NA,0,7.5,NA,6.8,505.714,18.11751963
NEMLTCRS,NEMLTCRS_303S,NEMLTCRS_ROT72,Glycine max (Soybean),1792.32,7697.35,2009,Conventional Till,None,No,74,11,67.184,NA,NA,0,7.5,NA,6.07,505.714,18.11751963
NEMLTCRS,NEMLTCRS_304N,NEMLTCRS_ROT22,Glycine max (Soybean),1412.61,5104.8,2009,Conventional Till,None,No,74,11,67.184,NA,NA,0,7.5,NA,6.34,505.714,18.11751963
NEMLTCRS,NEMLTCRS_304M,NEMLTCRS_ROT21,Glycine max (Soybean),1485.59,5810.3,2009,Conventional Till,None,No,74,11,33.592,NA,NA,0,7.5,NA,6.61,505.714,18.11751963
NEMLTCRS,NEMLTCRS_304S,NEMLTCRS_ROT20,Glycine max (Soybean),1701.89,6389.61,2009,Conventional Till,None,No,74,11,0,NA,NA,0,7.5,NA,6.59,505.714,18.11751963
NEMLTCRS,NEMLTCRS_305N,NEMLTCRS_ROT41,Zea mays (Corn),3971.45,17643.05,2009,Conventional Till,None,No,74,11,89.998,NA,NA,0,7.5,NA,6.17,505.714,18.11751963
NEMLTCRS,NEMLTCRS_305M,NEMLTCRS_ROT40,Zea mays (Corn),3400.22,15036.52,2009,Conventional Till,None,No,74,11,0,NA,NA,0,7.5,NA,6.67,505.714,18.11751963
NEMLTCRS,NEMLTCRS_305S,NEMLTCRS_ROT42,Zea mays (Corn),4455.2,21805.28,2009,Conventional Till,None,No,74,11,179.996,NA,NA,0,7.5,NA,5.56,505.714,18.11751963
NEMLTCRS,NEMLTCRS_306N,NEMLTCRS_ROT60,Glycine max (Soybean),2082.61,7691.62,2009,Conventional Till,None,No,74,11,0,NA,NA,0,7.5,NA,6.7,505.714,18.11751963
NEMLTCRS,NEMLTCRS_306M,NEMLTCRS_ROT61,Glycine max (Soybean),1490.27,6355.19,2009,Conventional Till,None,No,74,11,33.592,NA,NA,0,7.5,NA,6.44,505.714,18.11751963
NEMLTCRS,NEMLTCRS_306S,NEMLTCRS_ROT62,Glycine max (Soybean),1773.3,6865.67,2009,Conventional Till,None,No,74,11,67.184,NA,NA,0,7.5,NA,5.83,505.714,18.11751963
NEMLTCRS,NEMLTCRS_307N,NEMLTCRS_ROT60,Zea mays (Corn),3470.35,16049.17,2009,Conventional Till,None,No,74,11,0,NA,NA,0,7.5,NA,6.61,505.714,18.11751963
NEMLTCRS,NEMLTCRS_307M,NEMLTCRS_ROT62,Zea mays (Corn),5387.99,25142.78,2009,Conventional Till,None,No,74,11,179.996,NA,NA,0,7.5,NA,5.54,505.714,18.11751963
NEMLTCRS,NEMLTCRS_307S,NEMLTCRS_ROT61,Zea mays (Corn),4393.78,18929.05,2009,Conventional Till,None,No,74,11,89.998,NA,NA,0,7.5,NA,6.24,505.714,18.11751963
NEMLTCRS,NEMLTCRS_312N,NEMLTCRS_ROT10,Zea mays (Corn),710.06,4909.02,2009,Conventional Till,None,No,74,11,0,NA,NA,0,7.5,NA,6.72,505.714,18.11751963
NEMLTCRS,NEMLTCRS_312M,NEMLTCRS_ROT11,Zea mays (Corn),2360.3,10935.98,2009,Conventional Till,None,No,74,11,89.998,NA,NA,0,7.5,NA,6.11,505.714,18.11751963
NEMLTCRS,NEMLTCRS_312S,NEMLTCRS_ROT12,Zea mays (Corn),2856.06,13340.51,2009,Conventional Till,None,No,74,11,179.996,NA,NA,0,7.5,NA,5.17,505.714,18.11751963
NEMLTCRS,NEMLTCRS_313N,NEMLTCRS_ROT51,Glycine max (Soybean),2168.55,7381.89,2009,Conventional Till,None,No,74,11,33.592,NA,NA,0,7.5,NA,6.39,505.714,18.11751963
NEMLTCRS,NEMLTCRS_313M,NEMLTCRS_ROT52,Glycine max (Soybean),1641.4,6940.24,2009,Conventional Till,None,No,74,11,67.184,NA,NA,0,7.5,NA,5.76,505.714,18.11751963
NEMLTCRS,NEMLTCRS_313S,NEMLTCRS_ROT50,Glycine max (Soybean),1579.47,6578.88,2009,Conventional Till,None,No,74,11,0,NA,NA,0,7.5,NA,6.75,505.714,18.11751963
NEMLTCRS,NEMLTCRS_314N,NEMLTCRS_ROT41,Glycine max (Soybean),1682.73,7295.85,2009,Conventional Till,None,No,74,11,33.592,NA,NA,0,7.5,NA,6.6,505.714,18.11751963
NEMLTCRS,NEMLTCRS_314M,NEMLTCRS_ROT42,Glycine max (Soybean),1806.59,7370.42,2009,Conventional Till,None,No,74,11,67.184,NA,NA,0,7.5,NA,6.21,505.714,18.11751963
NEMLTCRS,NEMLTCRS_314S,NEMLTCRS_ROT40,Glycine max (Soybean),1446.48,7330.27,2009,Conventional Till,None,No,74,11,0,NA,NA,0,7.5,NA,6.92,505.714,18.11751963
NEMLTCRS,NEMLTCRS_315N,NEMLTCRS_ROT70,Zea mays (Corn),3524.69,16339.67,2009,Conventional Till,None,No,74,11,0,NA,NA,0,7.5,NA,6.74,505.714,18.11751963
NEMLTCRS,NEMLTCRS_315M,NEMLTCRS_ROT71,Zea mays (Corn),4044.08,18689.81,2009,Conventional Till,None,No,74,11,89.998,NA,NA,0,7.5,NA,6.26,505.714,18.11751963
NEMLTCRS,NEMLTCRS_315S,NEMLTCRS_ROT72,Zea mays (Corn),4234.37,19278.29,2009,Conventional Till,None,No,74,11,179.996,NA,NA,0,7.5,NA,5.66,505.714,18.11751963
NEMLTCRS,NEMLTCRS_401N,NEMLTCRS_ROT41,Zea mays (Corn),4611.06,21006.76,2009,Conventional Till,None,No,74,11,89.998,NA,NA,0,7.5,NA,6.08,505.714,18.11751963
NEMLTCRS,NEMLTCRS_401M,NEMLTCRS_ROT42,Zea mays (Corn),4575.53,22117.04,2009,Conventional Till,None,No,74,11,179.996,NA,NA,0,7.5,NA,5.49,505.714,18.11751963
NEMLTCRS,NEMLTCRS_401S,NEMLTCRS_ROT40,Zea mays (Corn),3474.08,16782,2009,Conventional Till,None,No,74,11,0,NA,NA,0,7.5,NA,6.45,505.714,18.11751963
NEMLTCRS,NEMLTCRS_404N,NEMLTCRS_ROT60,Zea mays (Corn),3819.92,18914.47,2009,Conventional Till,None,No,74,11,0,NA,NA,0,7.5,NA,6.54,505.714,18.11751963
NEMLTCRS,NEMLTCRS_404M,NEMLTCRS_ROT61,Zea mays (Corn),5330,22700.13,2009,Conventional Till,None,No,74,11,89.998,NA,NA,0,7.5,NA,6.21,505.714,18.11751963
NEMLTCRS,NEMLTCRS_404S,NEMLTCRS_ROT62,Zea mays (Corn),4902.32,22537.41,2009,Conventional Till,None,No,74,11,179.996,NA,NA,0,7.5,NA,5.61,505.714,18.11751963
NEMLTCRS,NEMLTCRS_405N,NEMLTCRS_ROT70,Zea mays (Corn),2112.46,11011.4,2009,Conventional Till,None,No,74,11,0,NA,NA,0,7.5,NA,6.62,505.714,18.11751963
NEMLTCRS,NEMLTCRS_405M,NEMLTCRS_ROT71,Zea mays (Corn),4240.18,17731.66,2009,Conventional Till,None,No,74,11,89.998,NA,NA,0,7.5,NA,6.2,505.714,18.11751963
NEMLTCRS,NEMLTCRS_405S,NEMLTCRS_ROT72,Zea mays (Corn),4556.65,21711.27,2009,Conventional Till,None,No,74,11,179.996,NA,NA,0,7.5,NA,5.83,505.714,18.11751963
NEMLTCRS,NEMLTCRS_406N,NEMLTCRS_ROT72,Glycine max (Soybean),1699.84,7118.04,2009,Conventional Till,None,No,74,11,67.184,NA,NA,0,7.5,NA,6.05,505.714,18.11751963
NEMLTCRS,NEMLTCRS_406M,NEMLTCRS_ROT71,Glycine max (Soybean),1960.35,7330.27,2009,Conventional Till,None,No,74,11,33.592,NA,NA,0,7.5,NA,6.45,505.714,18.11751963
NEMLTCRS,NEMLTCRS_406S,NEMLTCRS_ROT70,Glycine max (Soybean),1859.57,8127.53,2009,Conventional Till,None,No,74,11,0,NA,NA,0,7.5,NA,6.78,505.714,18.11751963
NEMLTCRS,NEMLTCRS_407N,NEMLTCRS_ROT10,Zea mays (Corn),766.79,4706.42,2009,Conventional Till,None,No,74,11,0,NA,NA,0,7.5,NA,6.61,505.714,18.11751963
NEMLTCRS,NEMLTCRS_407M,NEMLTCRS_ROT12,Zea mays (Corn),2928.12,14973.46,2009,Conventional Till,None,No,74,11,179.996,NA,NA,0,7.5,NA,4.86,505.714,18.11751963
NEMLTCRS,NEMLTCRS_407S,NEMLTCRS_ROT11,Zea mays (Corn),3007.19,14119.7,2009,Conventional Till,None,No,74,11,89.998,NA,NA,0,7.5,NA,5.95,505.714,18.11751963
NEMLTCRS,NEMLTCRS_409N,NEMLTCRS_ROT51,Glycine max (Soybean),1105.92,5322.76,2009,Conventional Till,None,No,74,11,33.592,NA,NA,0,7.5,NA,6.6,505.714,18.11751963
NEMLTCRS,NEMLTCRS_409M,NEMLTCRS_ROT52,Glycine max (Soybean),1319.59,5821.77,2009,Conventional Till,None,No,74,11,67.184,NA,NA,0,7.5,NA,6.05,505.714,18.11751963
NEMLTCRS,NEMLTCRS_409S,NEMLTCRS_ROT50,Glycine max (Soybean),1947.04,7955.46,2009,Conventional Till,None,No,74,11,0,NA,NA,0,7.5,NA,6.86,505.714,18.11751963
NEMLTCRS,NEMLTCRS_410N,NEMLTCRS_ROT60,Glycine max (Soybean),1635.08,6934.5,2009,Conventional Till,None,No,74,11,0,NA,NA,0,7.5,NA,6.86,505.714,18.11751963
NEMLTCRS,NEMLTCRS_410M,NEMLTCRS_ROT62,Glycine max (Soybean),2223.75,8746.99,2009,Conventional Till,None,No,74,11,67.184,NA,NA,0,7.5,NA,6.13,505.714,18.11751963
NEMLTCRS,NEMLTCRS_410S,NEMLTCRS_ROT61,Glycine max (Soybean),2168.15,8167.68,2009,Conventional Till,None,No,74,11,33.592,NA,NA,0,7.5,NA,6.48,505.714,18.11751963
NEMLTCRS,NEMLTCRS_411N,NEMLTCRS_ROT22,Glycine max (Soybean),1795.37,8075.91,2009,Conventional Till,None,No,74,11,67.184,NA,NA,0,7.5,NA,6.7,505.714,18.11751963
NEMLTCRS,NEMLTCRS_411M,NEMLTCRS_ROT20,Glycine max (Soybean),1611.92,7129.51,2009,Conventional Till,None,No,74,11,0,NA,NA,0,7.5,NA,7.08,505.714,18.11751963
NEMLTCRS,NEMLTCRS_411S,NEMLTCRS_ROT21,Glycine max (Soybean),1676.84,7376.15,2009,Conventional Till,None,No,74,11,33.592,NA,NA,0,7.5,NA,6.95,505.714,18.11751963
NEMLTCRS,NEMLTCRS_414N,NEMLTCRS_ROT41,Glycine max (Soybean),2030.45,8586.39,2009,Conventional Till,None,No,74,11,33.592,NA,NA,0,7.5,NA,6.64,505.714,18.11751963
NEMLTCRS,NEMLTCRS_414M,NEMLTCRS_ROT42,Glycine max (Soybean),1750.75,8534.77,2009,Conventional Till,None,No,74,11,67.184,NA,NA,0,7.5,NA,6.24,505.714,18.11751963
NEMLTCRS,NEMLTCRS_414S,NEMLTCRS_ROT40,Glycine max (Soybean),2157.16,9102.61,2009,Conventional Till,None,No,74,11,0,NA,NA,0,7.5,NA,6.83,505.714,18.11751963
NEMLTCRS,NEMLTCRS_503N,NEMLTCRS_ROT40,Glycine max (Soybean),1773.03,6968.91,2009,Conventional Till,None,No,74,11,0,NA,NA,0,7.5,NA,7.05,505.714,18.11751963
NEMLTCRS,NEMLTCRS_503M,NEMLTCRS_ROT42,Glycine max (Soybean),1852.77,7215.55,2009,Conventional Till,None,No,74,11,67.184,NA,NA,0,7.5,NA,6.24,505.714,18.11751963
NEMLTCRS,NEMLTCRS_503S,NEMLTCRS_ROT41,Glycine max (Soybean),1660.14,7416.3,2009,Conventional Till,None,No,74,11,33.592,NA,NA,0,7.5,NA,6.42,505.714,18.11751963
NEMLTCRS,NEMLTCRS_504N,NEMLTCRS_ROT72,Zea mays (Corn),4159.98,19098.98,2009,Conventional Till,None,No,74,11,179.996,NA,NA,0,7.5,NA,5.63,505.714,18.11751963
NEMLTCRS,NEMLTCRS_504M,NEMLTCRS_ROT71,Zea mays (Corn),4883.53,21611.02,2009,Conventional Till,None,No,74,11,89.998,NA,NA,0,7.5,NA,6.24,505.714,18.11751963
NEMLTCRS,NEMLTCRS_504S,NEMLTCRS_ROT70,Zea mays (Corn),2558.35,12477.86,2009,Conventional Till,None,No,74,11,0,NA,NA,0,7.5,NA,6.55,505.714,18.11751963
NEMLTCRS,NEMLTCRS_506N,NEMLTCRS_ROT60,Glycine max (Soybean),1834.72,7582.64,2009,Conventional Till,None,No,74,11,0,NA,NA,0,7.5,NA,6.81,505.714,18.11751963
NEMLTCRS,NEMLTCRS_506M,NEMLTCRS_ROT62,Glycine max (Soybean),1733.15,7215.55,2009,Conventional Till,None,No,74,11,67.184,NA,NA,0,7.5,NA,6.14,505.714,18.11751963
NEMLTCRS,NEMLTCRS_506S,NEMLTCRS_ROT61,Glycine max (Soybean),1695.6,6934.5,2009,Conventional Till,None,No,74,11,33.592,NA,NA,0,7.5,NA,6.28,505.714,18.11751963
NEMLTCRS,NEMLTCRS_507N,NEMLTCRS_ROT12,Zea mays (Corn),3213.82,15607.69,2009,Conventional Till,None,No,74,11,179.996,NA,NA,0,7.5,NA,5.19,505.714,18.11751963
NEMLTCRS,NEMLTCRS_507M,NEMLTCRS_ROT11,Zea mays (Corn),2945.69,14336.1,2009,Conventional Till,None,No,74,11,89.998,NA,NA,0,7.5,NA,6.24,505.714,18.11751963
NEMLTCRS,NEMLTCRS_507S,NEMLTCRS_ROT10,Zea mays (Corn),1014.23,5374.17,2009,Conventional Till,None,No,74,11,0,NA,NA,0,7.5,NA,6.68,505.714,18.11751963
NEMLTCRS,NEMLTCRS_508N,NEMLTCRS_ROT60,Zea mays (Corn),3346.03,14595.15,2009,Conventional Till,None,No,74,11,0,NA,NA,0,7.5,NA,6.77,505.714,18.11751963
NEMLTCRS,NEMLTCRS_508M,NEMLTCRS_ROT62,Zea mays (Corn),4813.27,23084.68,2009,Conventional Till,None,No,74,11,179.996,NA,NA,0,7.5,NA,6.01,505.714,18.11751963
NEMLTCRS,NEMLTCRS_508S,NEMLTCRS_ROT61,Zea mays (Corn),4014.09,19078.47,2009,Conventional Till,None,No,74,11,89.998,NA,NA,0,7.5,NA,6.41,505.714,18.11751963
NEMLTCRS,NEMLTCRS_510N,NEMLTCRS_ROT21,Glycine max (Soybean),1846.87,6957.44,2009,Conventional Till,None,No,74,11,33.592,NA,NA,0,7.5,NA,6.84,505.714,18.11751963
NEMLTCRS,NEMLTCRS_510M,NEMLTCRS_ROT20,Glycine max (Soybean),2008.61,7433.51,2009,Conventional Till,None,No,74,11,0,NA,NA,0,7.5,NA,6.92,505.714,18.11751963
NEMLTCRS,NEMLTCRS_510S,NEMLTCRS_ROT22,Glycine max (Soybean),1939.93,8270.93,2009,Conventional Till,None,No,74,11,67.184,NA,NA,0,7.5,NA,6.82,505.714,18.11751963
NEMLTCRS,NEMLTCRS_511N,NEMLTCRS_ROT52,Glycine max (Soybean),1795.86,8121.8,2009,Conventional Till,None,No,74,11,67.184,NA,NA,0,7.5,NA,6.26,505.714,18.11751963
NEMLTCRS,NEMLTCRS_511M,NEMLTCRS_ROT51,Glycine max (Soybean),1720.53,8041.5,2009,Conventional Till,None,No,74,11,33.592,NA,NA,0,7.5,NA,6.61,505.714,18.11751963
NEMLTCRS,NEMLTCRS_511S,NEMLTCRS_ROT50,Glycine max (Soybean),2026.39,9073.93,2009,Conventional Till,None,No,74,11,0,NA,NA,0,7.5,NA,6.83,505.714,18.11751963
NEMLTCRS,NEMLTCRS_512N,NEMLTCRS_ROT40,Zea mays (Corn),3431.82,14182.09,2009,Conventional Till,None,No,74,11,0,NA,NA,0,7.5,NA,6.71,505.714,18.11751963
NEMLTCRS,NEMLTCRS_512M,NEMLTCRS_ROT41,Zea mays (Corn),4232.85,18943.07,2009,Conventional Till,None,No,74,11,89.998,NA,NA,0,7.5,NA,6.41,505.714,18.11751963
NEMLTCRS,NEMLTCRS_512S,NEMLTCRS_ROT42,Zea mays (Corn),4073.05,17974.98,2009,Conventional Till,None,No,74,11,179.996,NA,NA,0,7.5,NA,5.77,505.714,18.11751963
NEMLTCRS,NEMLTCRS_513N,NEMLTCRS_ROT70,Glycine max (Soybean),2114.13,9309.09,2009,Conventional Till,None,No,74,11,0,NA,NA,0,7.5,NA,6.8,505.714,18.11751963
NEMLTCRS,NEMLTCRS_513M,NEMLTCRS_ROT71,Glycine max (Soybean),2160.54,8907.59,2009,Conventional Till,None,No,74,11,33.592,NA,NA,0,7.5,NA,6.52,505.714,18.11751963
NEMLTCRS,NEMLTCRS_513S,NEMLTCRS_ROT72,Glycine max (Soybean),2096.25,8695.37,2009,Conventional Till,None,No,74,11,67.184,NA,NA,0,7.5,NA,5.92,505.714,18.11751963
NEMLTCRS,NEMLTCRS_102N,NEMLTCRS_ROT42,Zea mays (Corn),3686.52,17498.3,2010,Conventional Till,None,No,74,11,179.996,NA,NA,0,7.5,NA,6.23,742.442,20.09964825
NEMLTCRS,NEMLTCRS_102M,NEMLTCRS_ROT40,Zea mays (Corn),1398.26,8047.97,2010,Conventional Till,None,No,74,11,0,NA,NA,0,7.5,NA,6.97,742.442,20.09964825
NEMLTCRS,NEMLTCRS_102S,NEMLTCRS_ROT41,Zea mays (Corn),3031.3,15030.85,2010,Conventional Till,None,No,74,11,89.998,NA,NA,0,7.5,NA,6.66,742.442,20.09964825
NEMLTCRS,NEMLTCRS_103N,NEMLTCRS_ROT70,Glycine max (Soybean),2159.2,10330.05,2010,Conventional Till,None,No,74,11,0,NA,NA,0,7.5,NA,6.49,742.442,20.09964825
NEMLTCRS,NEMLTCRS_103M,NEMLTCRS_ROT72,Glycine max (Soybean),1711.45,8626.54,2010,Conventional Till,None,No,74,11,67.184,NA,NA,0,7.5,NA,5.47,742.442,20.09964825
NEMLTCRS,NEMLTCRS_103S,NEMLTCRS_ROT71,Glycine max (Soybean),1883.02,9567.2,2010,Conventional Till,None,No,74,11,33.592,NA,NA,0,7.5,NA,6.3,742.442,20.09964825
NEMLTCRS,NEMLTCRS_104N,NEMLTCRS_ROT71,Zea mays (Corn),4067.58,18569.2,2010,Conventional Till,None,No,74,11,0,NA,NA,0,7.5,NA,6.2,742.442,20.09964825
NEMLTCRS,NEMLTCRS_104M,NEMLTCRS_ROT72,Zea mays (Corn),3673.63,17635.06,2010,Conventional Till,None,No,74,11,179.996,NA,NA,0,7.5,NA,5.98,742.442,20.09964825
NEMLTCRS,NEMLTCRS_104S,NEMLTCRS_ROT70,Zea mays (Corn),2556.01,13800.7,2010,Conventional Till,None,No,74,11,89.998,NA,NA,0,7.5,NA,6.79,742.442,20.09964825
NEMLTCRS,NEMLTCRS_107N,NEMLTCRS_ROT20,Glycine max (Soybean),1843.95,8678.16,2010,Conventional Till,None,No,74,11,0,NA,NA,0,7.5,NA,6.51,742.442,20.09964825
NEMLTCRS,NEMLTCRS_107M,NEMLTCRS_ROT22,Glycine max (Soybean),2128.33,9137.02,2010,Conventional Till,None,No,74,11,67.184,NA,NA,0,7.5,NA,6.31,742.442,20.09964825
NEMLTCRS,NEMLTCRS_107S,NEMLTCRS_ROT21,Glycine max (Soybean),1947.44,9033.78,2010,Conventional Till,None,No,74,11,33.592,NA,NA,0,7.5,NA,6.46,742.442,20.09964825
NEMLTCRS,NEMLTCRS_108N,NEMLTCRS_ROT41,Glycine max (Soybean),1755.9,8471.68,2010,Conventional Till,None,No,74,11,33.592,NA,NA,0,7.5,NA,6.04,742.442,20.09964825
NEMLTCRS,NEMLTCRS_108M,NEMLTCRS_ROT40,Glycine max (Soybean),1948.98,9016.57,2010,Conventional Till,None,No,74,11,0,NA,NA,0,7.5,NA,6.6,742.442,20.09964825
NEMLTCRS,NEMLTCRS_108S,NEMLTCRS_ROT42,Glycine max (Soybean),1521.59,7473.66,2010,Conventional Till,None,No,74,11,67.184,NA,NA,0,7.5,NA,5.62,742.442,20.09964825
NEMLTCRS,NEMLTCRS_109N,NEMLTCRS_ROT62,Zea mays (Corn),4358.84,21269.54,2010,Conventional Till,None,No,74,11,179.996,NA,NA,0,7.5,NA,5.52,742.442,20.09964825
NEMLTCRS,NEMLTCRS_109M,NEMLTCRS_ROT61,Zea mays (Corn),2838.43,16403.23,2010,Conventional Till,None,No,74,11,89.998,NA,NA,0,7.5,NA,6.41,742.442,20.09964825
NEMLTCRS,NEMLTCRS_109S,NEMLTCRS_ROT60,Zea mays (Corn),2315.16,12752.17,2010,Conventional Till,None,No,74,11,0,NA,NA,0,7.5,NA,6.83,742.442,20.09964825
NEMLTCRS,NEMLTCRS_113N,NEMLTCRS_ROT62,Glycine max (Soybean),2672.55,12687.44,2010,Conventional Till,None,No,74,11,67.184,NA,NA,0,7.5,NA,5.34,742.442,20.09964825
NEMLTCRS,NEMLTCRS_113M,NEMLTCRS_ROT60,Glycine max (Soybean),1904.67,8511.83,2010,Conventional Till,None,No,74,11,0,NA,NA,0,7.5,NA,6.99,742.442,20.09964825
NEMLTCRS,NEMLTCRS_113S,NEMLTCRS_ROT61,Glycine max (Soybean),1874.07,9045.25,2010,Conventional Till,None,No,74,11,33.592,NA,NA,0,7.5,NA,6.55,742.442,20.09964825
NEMLTCRS,NEMLTCRS_114N,NEMLTCRS_ROT52,Glycine max (Soybean),1273.86,9297.62,2010,Conventional Till,None,No,74,11,67.184,NA,NA,0,7.5,NA,5.87,742.442,20.09964825
NEMLTCRS,NEMLTCRS_114M,NEMLTCRS_ROT51,Glycine max (Soybean),1815.48,8976.42,2010,Conventional Till,None,No,74,11,33.592,NA,NA,0,7.5,NA,6.98,742.442,20.09964825
NEMLTCRS,NEMLTCRS_114S,NEMLTCRS_ROT50,Glycine max (Soybean),1244.41,7783.39,2010,Conventional Till,None,No,74,11,0,NA,NA,0,7.5,NA,7.32,742.442,20.09964825
NEMLTCRS,NEMLTCRS_115N,NEMLTCRS_ROT12,Zea mays (Corn),3823.8,18853.79,2010,Conventional Till,None,No,74,11,179.996,NA,NA,0,7.5,NA,4.72,742.442,20.09964825
NEMLTCRS,NEMLTCRS_115M,NEMLTCRS_ROT11,Zea mays (Corn),2267.85,13153.14,2010,Conventional Till,None,No,74,11,0,NA,NA,0,7.5,NA,6.11,742.442,20.09964825
NEMLTCRS,NEMLTCRS_115S,NEMLTCRS_ROT10,Zea mays (Corn),624.66,5354.06,2010,Conventional Till,None,No,74,11,89.998,NA,NA,0,7.5,NA,6.91,742.442,20.09964825
NEMLTCRS,NEMLTCRS_201N,NEMLTCRS_ROT40,Glycine max (Soybean),1510.22,7272.91,2010,Conventional Till,None,No,74,11,0,NA,NA,0,7.5,NA,7.35,742.442,20.09964825
NEMLTCRS,NEMLTCRS_201M,NEMLTCRS_ROT41,Glycine max (Soybean),1336.86,6332.25,2010,Conventional Till,None,No,74,11,33.592,NA,NA,0,7.5,NA,6.87,742.442,20.09964825
NEMLTCRS,NEMLTCRS_201S,NEMLTCRS_ROT42,Glycine max (Soybean),1626.1,8288.13,2010,Conventional Till,None,No,74,11,67.184,NA,NA,0,7.5,NA,6.06,742.442,20.09964825
NEMLTCRS,NEMLTCRS_202N,NEMLTCRS_ROT62,Zea mays (Corn),7298.55,28175.06,2010,Conventional Till,None,No,74,11,179.996,NA,NA,0,7.5,NA,6.6,742.442,20.09964825
NEMLTCRS,NEMLTCRS_202M,NEMLTCRS_ROT61,Zea mays (Corn),6411.23,25438.1,2010,Conventional Till,None,No,74,11,89.998,NA,NA,0,7.5,NA,6.85,742.442,20.09964825
NEMLTCRS,NEMLTCRS_202S,NEMLTCRS_ROT60,Zea mays (Corn),4689.26,21114.77,2010,Conventional Till,None,No,74,11,0,NA,NA,0,7.5,NA,7.2,742.442,20.09964825
NEMLTCRS,NEMLTCRS_206N,NEMLTCRS_ROT61,Glycine max (Soybean),1895.39,8597.86,2010,Conventional Till,None,No,74,11,33.592,NA,NA,0,7.5,NA,6.47,742.442,20.09964825
NEMLTCRS,NEMLTCRS_206M,NEMLTCRS_ROT60,Glycine max (Soybean),1978.01,9068.19,2010,Conventional Till,None,No,74,11,0,NA,NA,0,7.5,NA,6.97,742.442,20.09964825
NEMLTCRS,NEMLTCRS_206S,NEMLTCRS_ROT62,Glycine max (Soybean),1915.97,9492.64,2010,Conventional Till,None,No,74,11,67.184,NA,NA,0,7.5,NA,5.5,742.442,20.09964825
NEMLTCRS,NEMLTCRS_207N,NEMLTCRS_ROT50,Glycine max (Soybean),1270.14,7691.62,2010,Conventional Till,None,No,74,11,0,NA,NA,0,7.5,NA,6.89,742.442,20.09964825
NEMLTCRS,NEMLTCRS_207M,NEMLTCRS_ROT51,Glycine max (Soybean),1880.68,8764.2,2010,Conventional Till,None,No,74,11,33.592,NA,NA,0,7.5,NA,6.42,742.442,20.09964825
NEMLTCRS,NEMLTCRS_207S,NEMLTCRS_ROT52,Glycine max (Soybean),1819.68,8838.76,2010,Conventional Till,None,No,74,11,67.184,NA,NA,0,7.5,NA,5.53,742.442,20.09964825
NEMLTCRS,NEMLTCRS_208N,NEMLTCRS_ROT12,Zea mays (Corn),6484.42,25341.19,2010,Conventional Till,None,No,74,11,179.996,NA,NA,0,7.5,NA,5.34,742.442,20.09964825
NEMLTCRS,NEMLTCRS_208M,NEMLTCRS_ROT10,Zea mays (Corn),1236.45,7261.73,2010,Conventional Till,None,No,74,11,0,NA,NA,0,7.5,NA,6.94,742.442,20.09964825
NEMLTCRS,NEMLTCRS_208S,NEMLTCRS_ROT11,Zea mays (Corn),4151.84,17438.84,2010,Conventional Till,None,No,74,11,89.998,NA,NA,0,7.5,NA,6.08,742.442,20.09964825
NEMLTCRS,NEMLTCRS_210N,NEMLTCRS_ROT41,Zea mays (Corn),6782.65,25386.9,2010,Conventional Till,None,No,74,11,89.998,NA,NA,0,7.5,NA,6.91,742.442,20.09964825
NEMLTCRS,NEMLTCRS_210M,NEMLTCRS_ROT40,Zea mays (Corn),2935,13551.26,2010,Conventional Till,None,No,74,11,0,NA,NA,0,7.5,NA,7.17,742.442,20.09964825
NEMLTCRS,NEMLTCRS_210S,NEMLTCRS_ROT42,Zea mays (Corn),7449.3,28100.39,2010,Conventional Till,None,No,74,11,179.996,NA,NA,0,7.5,NA,6.26,742.442,20.09964825
NEMLTCRS,NEMLTCRS_211N,NEMLTCRS_ROT71,Glycine max (Soybean),2112.27,10456.24,2010,Conventional Till,None,No,74,11,33.592,NA,NA,0,7.5,NA,6.65,742.442,20.09964825
NEMLTCRS,NEMLTCRS_211M,NEMLTCRS_ROT72,Glycine max (Soybean),1899.57,9096.87,2010,Conventional Till,None,No,74,11,67.184,NA,NA,0,7.5,NA,5.79,742.442,20.09964825
NEMLTCRS,NEMLTCRS_211S,NEMLTCRS_ROT70,Glycine max (Soybean),1720.34,8265.19,2010,Conventional Till,None,No,74,11,0,NA,NA,0,7.5,NA,7.11,742.442,20.09964825
NEMLTCRS,NEMLTCRS_212N,NEMLTCRS_ROT71,Zea mays (Corn),4002.72,19659.28,2010,Conventional Till,None,No,74,11,89.998,NA,NA,0,7.5,NA,6.73,742.442,20.09964825
NEMLTCRS,NEMLTCRS_212M,NEMLTCRS_ROT70,Zea mays (Corn),2353.78,13738.76,2010,Conventional Till,None,No,74,11,0,NA,NA,0,7.5,NA,7.07,742.442,20.09964825
NEMLTCRS,NEMLTCRS_212S,NEMLTCRS_ROT72,Zea mays (Corn),3770.99,18767.7,2010,Conventional Till,None,No,74,11,179.996,NA,NA,0,7.5,NA,5.73,742.442,20.09964825
NEMLTCRS,NEMLTCRS_215N,NEMLTCRS_ROT22,Glycine max (Soybean),1880.68,8724.05,2010,Conventional Till,None,No,74,11,67.184,NA,NA,0,7.5,NA,6.26,742.442,20.09964825
NEMLTCRS,NEMLTCRS_215M,NEMLTCRS_ROT21,Glycine max (Soybean),1786.06,8385.64,2010,Conventional Till,None,No,74,11,33.592,NA,NA,0,7.5,NA,6.67,742.442,20.09964825
NEMLTCRS,NEMLTCRS_215S,NEMLTCRS_ROT20,Glycine max (Soybean),2004.09,8787.14,2010,Conventional Till,None,No,74,11,0,NA,NA,0,7.5,NA,6.84,742.442,20.09964825
NEMLTCRS,NEMLTCRS_301N,NEMLTCRS_ROT71,Zea mays (Corn),4140.77,19851.7,2010,Conventional Till,None,No,74,11,89.998,NA,NA,0,7.5,NA,6.46,742.442,20.09964825
NEMLTCRS,NEMLTCRS_301M,NEMLTCRS_ROT72,Zea mays (Corn),3532.13,17574.83,2010,Conventional Till,None,No,74,11,179.996,NA,NA,0,7.5,NA,5.84,742.442,20.09964825
NEMLTCRS,NEMLTCRS_301S,NEMLTCRS_ROT70,Zea mays (Corn),2704.64,14290.24,2010,Conventional Till,None,No,74,11,0,NA,NA,0,7.5,NA,6.64,742.442,20.09964825
NEMLTCRS,NEMLTCRS_304N,NEMLTCRS_ROT22,Glycine max (Soybean),1856.8,8402.85,2010,Conventional Till,None,No,74,11,67.184,NA,NA,0,7.5,NA,6.34,742.442,20.09964825
NEMLTCRS,NEMLTCRS_304M,NEMLTCRS_ROT21,Glycine max (Soybean),1681.85,7565.43,2010,Conventional Till,None,No,74,11,33.592,NA,NA,0,7.5,NA,6.61,742.442,20.09964825
NEMLTCRS,NEMLTCRS_304S,NEMLTCRS_ROT20,Glycine max (Soybean),1914.22,8861.71,2010,Conventional Till,None,No,74,11,0,NA,NA,0,7.5,NA,6.59,742.442,20.09964825
NEMLTCRS,NEMLTCRS_305N,NEMLTCRS_ROT41,Glycine max (Soybean),1712.38,7989.87,2010,Conventional Till,None,No,74,11,33.592,NA,NA,0,7.5,NA,6.17,742.442,20.09964825
NEMLTCRS,NEMLTCRS_305M,NEMLTCRS_ROT40,Glycine max (Soybean),1626.96,7267.17,2010,Conventional Till,None,No,74,11,0,NA,NA,0,7.5,NA,6.67,742.442,20.09964825
NEMLTCRS,NEMLTCRS_305S,NEMLTCRS_ROT42,Glycine max (Soybean),1509.6,7806.33,2010,Conventional Till,None,No,74,11,67.184,NA,NA,0,7.5,NA,5.56,742.442,20.09964825
NEMLTCRS,NEMLTCRS_306N,NEMLTCRS_ROT60,Zea mays (Corn),2148.03,13342.07,2010,Conventional Till,None,No,74,11,0,NA,NA,0,7.5,NA,6.7,742.442,20.09964825
NEMLTCRS,NEMLTCRS_306M,NEMLTCRS_ROT61,Zea mays (Corn),3608.77,18143.55,2010,Conventional Till,None,No,74,11,89.998,NA,NA,0,7.5,NA,6.44,742.442,20.09964825
NEMLTCRS,NEMLTCRS_306S,NEMLTCRS_ROT62,Zea mays (Corn),3968.12,20195.78,2010,Conventional Till,None,No,74,11,179.996,NA,NA,0,7.5,NA,5.83,742.442,20.09964825
NEMLTCRS,NEMLTCRS_310N,NEMLTCRS_ROT62,Glycine max (Soybean),2080.74,9842.52,2010,Conventional Till,None,No,74,11,67.184,NA,NA,0,7.5,NA,5.62,742.442,20.09964825
NEMLTCRS,NEMLTCRS_310M,NEMLTCRS_ROT60,Glycine max (Soybean),1913.13,8850.23,2010,Conventional Till,None,No,74,11,0,NA,NA,0,7.5,NA,6.96,742.442,20.09964825
NEMLTCRS,NEMLTCRS_310S,NEMLTCRS_ROT61,Glycine max (Soybean),1745.54,7852.22,2010,Conventional Till,None,No,74,11,33.592,NA,NA,0,7.5,NA,6.54,742.442,20.09964825
NEMLTCRS,NEMLTCRS_311N,NEMLTCRS_ROT51,Glycine max (Soybean),1959.61,9641.77,2010,Conventional Till,None,No,74,11,33.592,NA,NA,0,7.5,NA,6.61,742.442,20.09964825
NEMLTCRS,NEMLTCRS_311M,NEMLTCRS_ROT52,Glycine max (Soybean),2001.18,9469.69,2010,Conventional Till,None,No,74,11,67.184,NA,NA,0,7.5,NA,6.75,742.442,20.09964825
NEMLTCRS,NEMLTCRS_311S,NEMLTCRS_ROT50,Glycine max (Soybean),1785.04,8030.02,2010,Conventional Till,None,No,74,11,0,NA,NA,0,7.5,NA,6.86,742.442,20.09964825
NEMLTCRS,NEMLTCRS_312N,NEMLTCRS_ROT10,Zea mays (Corn),615.56,5434.96,2010,Conventional Till,None,No,74,11,0,NA,NA,0,7.5,NA,6.72,742.442,20.09964825
NEMLTCRS,NEMLTCRS_312M,NEMLTCRS_ROT11,Zea mays (Corn),2833.97,14924.24,2010,Conventional Till,None,No,74,11,89.998,NA,NA,0,7.5,NA,6.11,742.442,20.09964825
NEMLTCRS,NEMLTCRS_312S,NEMLTCRS_ROT12,Zea mays (Corn),2415.39,13080.98,2010,Conventional Till,None,No,74,11,179.996,NA,NA,0,7.5,NA,5.17,742.442,20.09964825
NEMLTCRS,NEMLTCRS_314N,NEMLTCRS_ROT41,Zea mays (Corn),3308.54,17861.2,2010,Conventional Till,None,No,74,11,89.998,NA,NA,0,7.5,NA,6.6,742.442,20.09964825
NEMLTCRS,NEMLTCRS_314M,NEMLTCRS_ROT42,Zea mays (Corn),3894.09,18249.34,2010,Conventional Till,None,No,74,11,179.996,NA,NA,0,7.5,NA,6.21,742.442,20.09964825
NEMLTCRS,NEMLTCRS_314S,NEMLTCRS_ROT40,Zea mays (Corn),1470.03,8472.09,2010,Conventional Till,None,No,74,11,0,NA,NA,0,7.5,NA,6.92,742.442,20.09964825
NEMLTCRS,NEMLTCRS_315N,NEMLTCRS_ROT70,Glycine max (Soybean),1727.57,10140.77,2010,Conventional Till,None,No,74,11,0,NA,NA,0,7.5,NA,6.74,742.442,20.09964825
NEMLTCRS,NEMLTCRS_315M,NEMLTCRS_ROT71,Glycine max (Soybean),1687.03,9796.63,2010,Conventional Till,None,No,74,11,33.592,NA,NA,0,7.5,NA,6.26,742.442,20.09964825
NEMLTCRS,NEMLTCRS_315S,NEMLTCRS_ROT72,Glycine max (Soybean),1673.44,8540.5,2010,Conventional Till,None,No,74,11,67.184,NA,NA,0,7.5,NA,5.66,742.442,20.09964825
NEMLTCRS,NEMLTCRS_401N,NEMLTCRS_ROT41,Glycine max (Soybean),1660.79,7984.14,2010,Conventional Till,None,No,74,11,33.592,NA,NA,0,7.5,NA,6.08,742.442,20.09964825
NEMLTCRS,NEMLTCRS_401M,NEMLTCRS_ROT42,Glycine max (Soybean),1977.63,9337.77,2010,Conventional Till,None,No,74,11,67.184,NA,NA,0,7.5,NA,5.49,742.442,20.09964825
NEMLTCRS,NEMLTCRS_401S,NEMLTCRS_ROT40,Glycine max (Soybean),1451.84,7060.69,2010,Conventional Till,None,No,74,11,0,NA,NA,0,7.5,NA,6.45,742.442,20.09964825
NEMLTCRS,NEMLTCRS_403N,NEMLTCRS_ROT72,Zea mays (Corn),4163.82,19092.15,2010,Conventional Till,None,No,74,11,179.996,NA,NA,0,7.5,NA,6.17,742.442,20.09964825
NEMLTCRS,NEMLTCRS_403M,NEMLTCRS_ROT70,Zea mays (Corn),4010.48,17697.54,2010,Conventional Till,None,No,74,11,0,NA,NA,0,7.5,NA,6.85,742.442,20.09964825
NEMLTCRS,NEMLTCRS_403S,NEMLTCRS_ROT71,Zea mays (Corn),4188.18,19468.19,2010,Conventional Till,None,No,74,11,89.998,NA,NA,0,7.5,NA,6.57,742.442,20.09964825
NEMLTCRS,NEMLTCRS_405N,NEMLTCRS_ROT70,Glycine max (Soybean),1430.58,7255.7,2010,Conventional Till,None,No,74,11,0,NA,NA,0,7.5,NA,6.62,742.442,20.09964825
NEMLTCRS,NEMLTCRS_405M,NEMLTCRS_ROT71,Glycine max (Soybean),1480.03,7353.21,2010,Conventional Till,None,No,74,11,33.592,NA,NA,0,7.5,NA,6.2,742.442,20.09964825
NEMLTCRS,NEMLTCRS_405S,NEMLTCRS_ROT72,Glycine max (Soybean),1676.12,8638.01,2010,Conventional Till,None,No,74,11,67.184,NA,NA,0,7.5,NA,5.83,742.442,20.09964825
NEMLTCRS,NEMLTCRS_407N,NEMLTCRS_ROT10,Zea mays (Corn),407.88,3532.97,2010,Conventional Till,None,No,74,11,0,NA,NA,0,7.5,NA,6.61,742.442,20.09964825
NEMLTCRS,NEMLTCRS_407M,NEMLTCRS_ROT12,Zea mays (Corn),1164.32,10372.27,2010,Conventional Till,None,No,74,11,179.996,NA,NA,0,7.5,NA,4.86,742.442,20.09964825
NEMLTCRS,NEMLTCRS_407S,NEMLTCRS_ROT11,Zea mays (Corn),2424.6,12663.76,2010,Conventional Till,None,No,74,11,89.998,NA,NA,0,7.5,NA,5.95,742.442,20.09964825
NEMLTCRS,NEMLTCRS_408N,NEMLTCRS_ROT62,Glycine max (Soybean),2153.73,9980.17,2010,Conventional Till,None,No,74,11,67.184,NA,NA,0,7.5,NA,5.44,742.442,20.09964825
NEMLTCRS,NEMLTCRS_408M,NEMLTCRS_ROT60,Glycine max (Soybean),1773.02,8265.19,2010,Conventional Till,None,No,74,11,0,NA,NA,0,7.5,NA,6.71,742.442,20.09964825
NEMLTCRS,NEMLTCRS_408S,NEMLTCRS_ROT61,Glycine max (Soybean),2064.79,9601.62,2010,Conventional Till,None,No,74,11,33.592,NA,NA,0,7.5,NA,6.2,742.442,20.09964825
NEMLTCRS,NEMLTCRS_410N,NEMLTCRS_ROT60,Zea mays (Corn),2115.36,11423.05,2010,Conventional Till,None,No,74,11,0,NA,NA,0,7.5,NA,6.86,742.442,20.09964825
NEMLTCRS,NEMLTCRS_410M,NEMLTCRS_ROT62,Zea mays (Corn),3612.05,17598.72,2010,Conventional Till,None,No,74,11,179.996,NA,NA,0,7.5,NA,6.13,742.442,20.09964825
NEMLTCRS,NEMLTCRS_410S,NEMLTCRS_ROT61,Zea mays (Corn),3536.52,16963.99,2010,Conventional Till,None,No,74,11,89.998,NA,NA,0,7.5,NA,6.48,742.442,20.09964825
NEMLTCRS,NEMLTCRS_411N,NEMLTCRS_ROT22,Glycine max (Soybean),1857.41,8351.23,2010,Conventional Till,None,No,74,11,67.184,NA,NA,0,7.5,NA,6.7,742.442,20.09964825
NEMLTCRS,NEMLTCRS_411M,NEMLTCRS_ROT20,Glycine max (Soybean),2128.19,9137.02,2010,Conventional Till,None,No,74,11,0,NA,NA,0,7.5,NA,7.08,742.442,20.09964825
NEMLTCRS,NEMLTCRS_411S,NEMLTCRS_ROT21,Glycine max (Soybean),2179.32,9699.12,2010,Conventional Till,None,No,74,11,33.592,NA,NA,0,7.5,NA,6.95,742.442,20.09964825
NEMLTCRS,NEMLTCRS_413N,NEMLTCRS_ROT51,Glycine max (Soybean),1839.05,8999.36,2010,Conventional Till,None,No,74,11,33.592,NA,NA,0,7.5,NA,6.49,742.442,20.09964825
NEMLTCRS,NEMLTCRS_413M,NEMLTCRS_ROT52,Glycine max (Soybean),2027.57,9653.24,2010,Conventional Till,None,No,74,11,67.184,NA,NA,0,7.5,NA,5.84,742.442,20.09964825
NEMLTCRS,NEMLTCRS_413S,NEMLTCRS_ROT50,Glycine max (Soybean),1919.8,9383.66,2010,Conventional Till,None,No,74,11,0,NA,NA,0,7.5,NA,6.75,742.442,20.09964825
NEMLTCRS,NEMLTCRS_414N,NEMLTCRS_ROT41,Zea mays (Corn),2995.75,13990.2,2010,Conventional Till,None,No,74,11,89.998,NA,NA,0,7.5,NA,6.64,742.442,20.09964825
NEMLTCRS,NEMLTCRS_414M,NEMLTCRS_ROT42,Zea mays (Corn),2964.94,14506.91,2010,Conventional Till,None,No,74,11,179.996,NA,NA,0,7.5,NA,6.24,742.442,20.09964825
NEMLTCRS,NEMLTCRS_414S,NEMLTCRS_ROT40,Zea mays (Corn),1719.17,10230.63,2010,Conventional Till,None,No,74,11,0,NA,NA,0,7.5,NA,6.83,742.442,20.09964825
NEMLTCRS,NEMLTCRS_501N,NEMLTCRS_ROT71,Zea mays (Corn),4840.04,20712.69,2010,Conventional Till,None,No,74,11,89.998,NA,NA,0,7.5,NA,6.15,742.442,20.09964825
NEMLTCRS,NEMLTCRS_501M,NEMLTCRS_ROT72,Zea mays (Corn),4246.19,19673.56,2010,Conventional Till,None,No,74,11,179.996,NA,NA,0,7.5,NA,5.51,742.442,20.09964825
NEMLTCRS,NEMLTCRS_501S,NEMLTCRS_ROT70,Zea mays (Corn),4348.38,19350.11,2010,Conventional Till,None,No,74,11,0,NA,NA,0,7.5,NA,6.33,742.442,20.09964825
NEMLTCRS,NEMLTCRS_503N,NEMLTCRS_ROT40,Zea mays (Corn),1401.32,8838,2010,Conventional Till,None,No,74,11,0,NA,NA,0,7.5,NA,7.05,742.442,20.09964825
NEMLTCRS,NEMLTCRS_503M,NEMLTCRS_ROT42,Zea mays (Corn),4116.84,17837.77,2010,Conventional Till,None,No,74,11,179.996,NA,NA,0,7.5,NA,6.24,742.442,20.09964825
NEMLTCRS,NEMLTCRS_503S,NEMLTCRS_ROT41,Zea mays (Corn),4561.12,17707.26,2010,Conventional Till,None,No,74,11,89.998,NA,NA,0,7.5,NA,6.42,742.442,20.09964825
NEMLTCRS,NEMLTCRS_504N,NEMLTCRS_ROT72,Glycine max (Soybean),1483.51,8104.59,2010,Conventional Till,None,No,74,11,67.184,NA,NA,0,7.5,NA,5.63,742.442,20.09964825
NEMLTCRS,NEMLTCRS_504M,NEMLTCRS_ROT71,Glycine max (Soybean),1694.51,8999.36,2010,Conventional Till,None,No,74,11,33.592,NA,NA,0,7.5,NA,6.24,742.442,20.09964825
NEMLTCRS,NEMLTCRS_504S,NEMLTCRS_ROT70,Glycine max (Soybean),1864.32,9320.56,2010,Conventional Till,None,No,74,11,0,NA,NA,0,7.5,NA,6.55,742.442,20.09964825
NEMLTCRS,NEMLTCRS_506N,NEMLTCRS_ROT60,Zea mays (Corn),2339.32,12462.82,2010,Conventional Till,None,No,74,11,0,NA,NA,0,7.5,NA,6.81,742.442,20.09964825
NEMLTCRS,NEMLTCRS_506M,NEMLTCRS_ROT62,Zea mays (Corn),3731.07,17744.47,2010,Conventional Till,None,No,74,11,179.996,NA,NA,0,7.5,NA,6.14,742.442,20.09964825
NEMLTCRS,NEMLTCRS_506S,NEMLTCRS_ROT61,Zea mays (Corn),4300.53,17858.39,2010,Conventional Till,None,No,74,11,89.998,NA,NA,0,7.5,NA,6.28,742.442,20.09964825
NEMLTCRS,NEMLTCRS_507N,NEMLTCRS_ROT12,Zea mays (Corn),2758.26,13785.98,2010,Conventional Till,None,No,74,11,179.996,NA,NA,0,7.5,NA,5.19,742.442,20.09964825
NEMLTCRS,NEMLTCRS_507M,NEMLTCRS_ROT11,Zea mays (Corn),2359.82,11895.51,2010,Conventional Till,None,No,74,11,89.998,NA,NA,0,7.5,NA,6.24,742.442,20.09964825
NEMLTCRS,NEMLTCRS_507S,NEMLTCRS_ROT10,Zea mays (Corn),528.58,4882.65,2010,Conventional Till,None,No,74,11,0,NA,NA,0,7.5,NA,6.68,742.442,20.09964825
NEMLTCRS,NEMLTCRS_510N,NEMLTCRS_ROT21,Glycine max (Soybean),1629.4,7318.79,2010,Conventional Till,None,No,74,11,33.592,NA,NA,0,7.5,NA,6.84,742.442,20.09964825
NEMLTCRS,NEMLTCRS_510M,NEMLTCRS_ROT20,Glycine max (Soybean),1881.82,8408.58,2010,Conventional Till,None,No,74,11,0,NA,NA,0,7.5,NA,6.92,742.442,20.09964825
NEMLTCRS,NEMLTCRS_510S,NEMLTCRS_ROT22,Glycine max (Soybean),1910.57,8660.96,2010,Conventional Till,None,No,74,11,67.184,NA,NA,0,7.5,NA,6.82,742.442,20.09964825
NEMLTCRS,NEMLTCRS_512N,NEMLTCRS_ROT40,Glycine max (Soybean),1412.63,6389.61,2010,Conventional Till,None,No,74,11,0,NA,NA,0,7.5,NA,6.71,742.442,20.09964825
NEMLTCRS,NEMLTCRS_512M,NEMLTCRS_ROT41,Glycine max (Soybean),1320.01,6389.61,2010,Conventional Till,None,No,74,11,33.592,NA,NA,0,7.5,NA,6.41,742.442,20.09964825
NEMLTCRS,NEMLTCRS_512S,NEMLTCRS_ROT42,Glycine max (Soybean),1646.07,8597.86,2010,Conventional Till,None,No,74,11,67.184,NA,NA,0,7.5,NA,5.77,742.442,20.09964825
NEMLTCRS,NEMLTCRS_514N,NEMLTCRS_ROT52,Glycine max (Soybean),1618.61,7794.86,2010,Conventional Till,None,No,74,11,67.184,NA,NA,0,7.5,NA,6.28,742.442,20.09964825
NEMLTCRS,NEMLTCRS_514M,NEMLTCRS_ROT50,Glycine max (Soybean),1745.54,8420.05,2010,Conventional Till,None,No,74,11,0,NA,NA,0,7.5,NA,6.94,742.442,20.09964825
NEMLTCRS,NEMLTCRS_514S,NEMLTCRS_ROT51,Glycine max (Soybean),1784.93,7995.61,2010,Conventional Till,None,No,74,11,33.592,NA,NA,0,7.5,NA,6.52,742.442,20.09964825
NEMLTCRS,NEMLTCRS_515N,NEMLTCRS_ROT60,Glycine max (Soybean),1703.62,9045.25,2010,Conventional Till,None,No,74,11,0,NA,NA,0,7.5,NA,6.51,742.442,20.09964825
NEMLTCRS,NEMLTCRS_515M,NEMLTCRS_ROT62,Glycine max (Soybean),1904.48,9567.2,2010,Conventional Till,None,No,74,11,67.184,NA,NA,0,7.5,NA,5.86,742.442,20.09964825
NEMLTCRS,NEMLTCRS_515S,NEMLTCRS_ROT61,Glycine max (Soybean),1819.82,9446.75,2010,Conventional Till,None,No,74,11,33.592,NA,NA,0,7.5,NA,6.02,742.442,20.09964825
NEMLTCRS,NEMLTCRS_101N,NEMLTCRS_ROT52,Glycine max (Soybean),1725.28,9613.09,2011,Conventional Till,None,No,74,11,67.184,NA,NA,0,7.5,NA,5.98,556.006,19.43101902
NEMLTCRS,NEMLTCRS_101M,NEMLTCRS_ROT51,Glycine max (Soybean),1650.48,10135.04,2011,Conventional Till,None,No,74,11,33.592,NA,NA,0,7.5,NA,6.39,556.006,19.43101902
NEMLTCRS,NEMLTCRS_101S,NEMLTCRS_ROT50,Glycine max (Soybean),1715.39,10140.77,2011,Conventional Till,None,No,74,11,0,NA,NA,0,7.5,NA,6.8,556.006,19.43101902
NEMLTCRS,NEMLTCRS_102N,NEMLTCRS_ROT42,Glycine max (Soybean),1383.14,8196.36,2011,Conventional Till,None,No,74,11,67.184,NA,NA,0,7.5,NA,6.23,556.006,19.43101902
NEMLTCRS,NEMLTCRS_102M,NEMLTCRS_ROT40,Glycine max (Soybean),1586.74,8741.26,2011,Conventional Till,None,No,74,11,0,NA,NA,0,7.5,NA,6.97,556.006,19.43101902
NEMLTCRS,NEMLTCRS_102S,NEMLTCRS_ROT41,Glycine max (Soybean),1496.81,8104.59,2011,Conventional Till,None,No,74,11,33.592,NA,NA,0,7.5,NA,6.66,556.006,19.43101902
NEMLTCRS,NEMLTCRS_104N,NEMLTCRS_ROT71,Glycine max (Soybean),1512.67,8362.7,2011,Conventional Till,None,No,74,11,0,NA,NA,0,7.5,NA,6.2,556.006,19.43101902
NEMLTCRS,NEMLTCRS_104M,NEMLTCRS_ROT72,Glycine max (Soybean),1420.19,7829.27,2011,Conventional Till,None,No,74,11,67.184,NA,NA,0,7.5,NA,5.98,556.006,19.43101902
NEMLTCRS,NEMLTCRS_104S,NEMLTCRS_ROT70,Glycine max (Soybean),1612.04,9114.08,2011,Conventional Till,None,No,74,11,33.592,NA,NA,0,7.5,NA,6.79,556.006,19.43101902
NEMLTCRS,NEMLTCRS_105N,NEMLTCRS_ROT72,Zea mays (Corn),3652.59,17596.69,2011,Conventional Till,None,No,74,11,179.996,NA,NA,0,7.5,NA,5.71,556.006,19.43101902
NEMLTCRS,NEMLTCRS_105M,NEMLTCRS_ROT70,Zea mays (Corn),1657.02,10829.17,2011,Conventional Till,None,No,74,11,0,NA,NA,0,7.5,NA,6.83,556.006,19.43101902
NEMLTCRS,NEMLTCRS_105S,NEMLTCRS_ROT71,Zea mays (Corn),3308.4,16582.91,2011,Conventional Till,None,No,74,11,89.998,NA,NA,0,7.5,NA,6.37,556.006,19.43101902
NEMLTCRS,NEMLTCRS_107N,NEMLTCRS_ROT20,Glycine max (Soybean),1569.15,8202.1,2011,Conventional Till,None,No,74,11,0,NA,NA,0,7.5,NA,6.51,556.006,19.43101902
NEMLTCRS,NEMLTCRS_107M,NEMLTCRS_ROT22,Glycine max (Soybean),1552.19,7668.67,2011,Conventional Till,None,No,74,11,67.184,NA,NA,0,7.5,NA,6.31,556.006,19.43101902
NEMLTCRS,NEMLTCRS_107S,NEMLTCRS_ROT21,Glycine max (Soybean),1443.16,6682.13,2011,Conventional Till,None,No,74,11,33.592,NA,NA,0,7.5,NA,6.46,556.006,19.43101902
NEMLTCRS,NEMLTCRS_108N,NEMLTCRS_ROT41,Zea mays (Corn),3482.61,16283.52,2011,Conventional Till,None,No,74,11,89.998,NA,NA,0,7.5,NA,6.04,556.006,19.43101902
NEMLTCRS,NEMLTCRS_108M,NEMLTCRS_ROT40,Zea mays (Corn),2365.53,11193.03,2011,Conventional Till,None,No,74,11,0,NA,NA,0,7.5,NA,6.6,556.006,19.43101902
NEMLTCRS,NEMLTCRS_108S,NEMLTCRS_ROT42,Zea mays (Corn),3419.45,15946.56,2011,Conventional Till,None,No,74,11,179.996,NA,NA,0,7.5,NA,5.62,556.006,19.43101902
NEMLTCRS,NEMLTCRS_112N,NEMLTCRS_ROT60,Glycine max (Soybean),1675.17,9257.47,2011,Conventional Till,None,No,74,11,0,NA,NA,0,7.5,NA,6.67,556.006,19.43101902
NEMLTCRS,NEMLTCRS_112M,NEMLTCRS_ROT62,Glycine max (Soybean),1683.99,9750.74,2011,Conventional Till,None,No,74,11,67.184,NA,NA,0,7.5,NA,6.01,556.006,19.43101902
NEMLTCRS,NEMLTCRS_112S,NEMLTCRS_ROT61,Glycine max (Soybean),1430.63,9710.59,2011,Conventional Till,None,No,74,11,33.592,NA,NA,0,7.5,NA,6.53,556.006,19.43101902
NEMLTCRS,NEMLTCRS_113N,NEMLTCRS_ROT62,Zea mays (Corn),4316.55,19603.95,2011,Conventional Till,None,No,74,11,179.996,NA,NA,0,7.5,NA,5.34,556.006,19.43101902
NEMLTCRS,NEMLTCRS_113M,NEMLTCRS_ROT60,Zea mays (Corn),3074.6,13537.24,2011,Conventional Till,None,No,74,11,0,NA,NA,0,7.5,NA,6.99,556.006,19.43101902
NEMLTCRS,NEMLTCRS_113S,NEMLTCRS_ROT61,Zea mays (Corn),2979.68,14134.14,2011,Conventional Till,None,No,74,11,89.998,NA,NA,0,7.5,NA,6.55,556.006,19.43101902
NEMLTCRS,NEMLTCRS_115N,NEMLTCRS_ROT12,Zea mays (Corn),2862.55,14700,2011,Conventional Till,None,No,74,11,179.996,NA,NA,0,7.5,NA,4.72,556.006,19.43101902
NEMLTCRS,NEMLTCRS_115M,NEMLTCRS_ROT11,Zea mays (Corn),2179.74,10383.54,2011,Conventional Till,None,No,74,11,0,NA,NA,0,7.5,NA,6.11,556.006,19.43101902
NEMLTCRS,NEMLTCRS_115S,NEMLTCRS_ROT10,Zea mays (Corn),559.59,4476.31,2011,Conventional Till,None,No,74,11,89.998,NA,NA,0,7.5,NA,6.91,556.006,19.43101902
NEMLTCRS,NEMLTCRS_201N,NEMLTCRS_ROT40,Zea mays (Corn),1843.32,8894.03,2011,Conventional Till,None,No,74,11,0,NA,NA,0,7.5,NA,7.35,556.006,19.43101902
NEMLTCRS,NEMLTCRS_201M,NEMLTCRS_ROT41,Zea mays (Corn),2730.32,12361.84,2011,Conventional Till,None,No,74,11,89.998,NA,NA,0,7.5,NA,6.87,556.006,19.43101902
NEMLTCRS,NEMLTCRS_201S,NEMLTCRS_ROT42,Zea mays (Corn),2996.43,14365.71,2011,Conventional Till,None,No,74,11,179.996,NA,NA,0,7.5,NA,6.06,556.006,19.43101902
NEMLTCRS,NEMLTCRS_205N,NEMLTCRS_ROT62,Glycine max (Soybean),1513.28,7794.86,2011,Conventional Till,None,No,74,11,67.184,NA,NA,0,7.5,NA,5.92,556.006,19.43101902
NEMLTCRS,NEMLTCRS_205M,NEMLTCRS_ROT61,Glycine max (Soybean),1896.04,9418.07,2011,Conventional Till,None,No,74,11,33.592,NA,NA,0,7.5,NA,6.45,556.006,19.43101902
NEMLTCRS,NEMLTCRS_205S,NEMLTCRS_ROT60,Glycine max (Soybean),1677.39,8724.05,2011,Conventional Till,None,No,74,11,0,NA,NA,0,7.5,NA,6.78,556.006,19.43101902
NEMLTCRS,NEMLTCRS_206N,NEMLTCRS_ROT61,Zea mays (Corn),3629.56,17528.47,2011,Conventional Till,None,No,74,11,89.998,NA,NA,0,7.5,NA,6.47,556.006,19.43101902
NEMLTCRS,NEMLTCRS_206M,NEMLTCRS_ROT60,Zea mays (Corn),3427.75,14959.62,2011,Conventional Till,None,No,74,11,0,NA,NA,0,7.5,NA,6.97,556.006,19.43101902
NEMLTCRS,NEMLTCRS_206S,NEMLTCRS_ROT62,Zea mays (Corn),3717.67,17895.11,2011,Conventional Till,None,No,74,11,179.996,NA,NA,0,7.5,NA,5.5,556.006,19.43101902
NEMLTCRS,NEMLTCRS_208N,NEMLTCRS_ROT12,Zea mays (Corn),2872.87,13838.24,2011,Conventional Till,None,No,74,11,179.996,NA,NA,0,7.5,NA,5.34,556.006,19.43101902
NEMLTCRS,NEMLTCRS_208M,NEMLTCRS_ROT10,Zea mays (Corn),931.89,5100.71,2011,Conventional Till,None,No,74,11,0,NA,NA,0,7.5,NA,6.94,556.006,19.43101902
NEMLTCRS,NEMLTCRS_208S,NEMLTCRS_ROT11,Zea mays (Corn),1889.65,9991.2,2011,Conventional Till,None,No,74,11,89.998,NA,NA,0,7.5,NA,6.08,556.006,19.43101902
NEMLTCRS,NEMLTCRS_209N,NEMLTCRS_ROT50,Glycine max (Soybean),1622.64,8265.19,2011,Conventional Till,None,No,74,11,0,NA,NA,0,7.5,NA,7.02,556.006,19.43101902
NEMLTCRS,NEMLTCRS_209M,NEMLTCRS_ROT52,Glycine max (Soybean),1594.81,8368.43,2011,Conventional Till,None,No,74,11,67.184,NA,NA,0,7.5,NA,6.45,556.006,19.43101902
NEMLTCRS,NEMLTCRS_209S,NEMLTCRS_ROT51,Glycine max (Soybean),1600.67,8225.04,2011,Conventional Till,None,No,74,11,33.592,NA,NA,0,7.5,NA,6.69,556.006,19.43101902
NEMLTCRS,NEMLTCRS_210N,NEMLTCRS_ROT41,Glycine max (Soybean),1339.49,6441.23,2011,Conventional Till,None,No,74,11,33.592,NA,NA,0,7.5,NA,6.91,556.006,19.43101902
NEMLTCRS,NEMLTCRS_210M,NEMLTCRS_ROT40,Glycine max (Soybean),1706.67,7938.25,2011,Conventional Till,None,No,74,11,0,NA,NA,0,7.5,NA,7.17,556.006,19.43101902
NEMLTCRS,NEMLTCRS_210S,NEMLTCRS_ROT42,Glycine max (Soybean),1479.31,7863.69,2011,Conventional Till,None,No,74,11,67.184,NA,NA,0,7.5,NA,6.26,556.006,19.43101902
NEMLTCRS,NEMLTCRS_212N,NEMLTCRS_ROT71,Glycine max (Soybean),1644.91,9343.51,2011,Conventional Till,None,No,74,11,33.592,NA,NA,0,7.5,NA,6.73,556.006,19.43101902
NEMLTCRS,NEMLTCRS_212M,NEMLTCRS_ROT70,Glycine max (Soybean),1806.17,9859.72,2011,Conventional Till,None,No,74,11,0,NA,NA,0,7.5,NA,7.07,556.006,19.43101902
NEMLTCRS,NEMLTCRS_212S,NEMLTCRS_ROT72,Glycine max (Soybean),1778.9,9590.14,2011,Conventional Till,None,No,74,11,67.184,NA,NA,0,7.5,NA,5.73,556.006,19.43101902
NEMLTCRS,NEMLTCRS_213N,NEMLTCRS_ROT70,Zea mays (Corn),590.9,5785.22,2011,Conventional Till,None,No,74,11,0,NA,NA,0,7.5,NA,6.82,556.006,19.43101902
NEMLTCRS,NEMLTCRS_213M,NEMLTCRS_ROT71,Zea mays (Corn),3465.42,16585.81,2011,Conventional Till,None,No,74,11,89.998,NA,NA,0,7.5,NA,6.56,556.006,19.43101902
NEMLTCRS,NEMLTCRS_213S,NEMLTCRS_ROT72,Zea mays (Corn),3854.79,18468.85,2011,Conventional Till,None,No,74,11,179.996,NA,NA,0,7.5,NA,5.9,556.006,19.43101902
NEMLTCRS,NEMLTCRS_215N,NEMLTCRS_ROT22,Glycine max (Soybean),1528.16,8322.55,2011,Conventional Till,None,No,74,11,67.184,NA,NA,0,7.5,NA,6.26,556.006,19.43101902
NEMLTCRS,NEMLTCRS_215M,NEMLTCRS_ROT21,Glycine max (Soybean),1752.35,8781.41,2011,Conventional Till,None,No,74,11,33.592,NA,NA,0,7.5,NA,6.67,556.006,19.43101902
NEMLTCRS,NEMLTCRS_215S,NEMLTCRS_ROT20,Glycine max (Soybean),1643.65,8196.36,2011,Conventional Till,None,No,74,11,0,NA,NA,0,7.5,NA,6.84,556.006,19.43101902
NEMLTCRS,NEMLTCRS_301N,NEMLTCRS_ROT71,Glycine max (Soybean),1695.94,9091.14,2011,Conventional Till,None,No,74,11,33.592,NA,NA,0,7.5,NA,6.46,556.006,19.43101902
NEMLTCRS,NEMLTCRS_301M,NEMLTCRS_ROT72,Glycine max (Soybean),1489.75,7502.34,2011,Conventional Till,None,No,74,11,67.184,NA,NA,0,7.5,NA,5.84,556.006,19.43101902
NEMLTCRS,NEMLTCRS_301S,NEMLTCRS_ROT70,Glycine max (Soybean),1845.12,9111.21,2011,Conventional Till,None,No,74,11,0,NA,NA,0,7.5,NA,6.64,556.006,19.43101902
NEMLTCRS,NEMLTCRS_302N,NEMLTCRS_ROT72,Zea mays (Corn),3437.12,16379.27,2011,Conventional Till,None,No,74,11,179.996,NA,NA,0,7.5,NA,6.27,556.006,19.43101902
NEMLTCRS,NEMLTCRS_302M,NEMLTCRS_ROT70,Zea mays (Corn),1297.45,7340.44,2011,Conventional Till,None,No,74,11,0,NA,NA,0,7.5,NA,7.02,556.006,19.43101902
NEMLTCRS,NEMLTCRS_302S,NEMLTCRS_ROT71,Zea mays (Corn),3909.71,18251.07,2011,Conventional Till,None,No,74,11,89.998,NA,NA,0,7.5,NA,6.68,556.006,19.43101902
NEMLTCRS,NEMLTCRS_304N,NEMLTCRS_ROT22,Glycine max (Soybean),1066.66,4393.57,2011,Conventional Till,None,No,74,11,67.184,NA,NA,0,7.5,NA,6.34,556.006,19.43101902
NEMLTCRS,NEMLTCRS_304M,NEMLTCRS_ROT21,Glycine max (Soybean),1382.47,5867.65,2011,Conventional Till,None,No,74,11,33.592,NA,NA,0,7.5,NA,6.61,556.006,19.43101902
NEMLTCRS,NEMLTCRS_304S,NEMLTCRS_ROT20,Glycine max (Soybean),1285.34,5225.25,2011,Conventional Till,None,No,74,11,0,NA,NA,0,7.5,NA,6.59,556.006,19.43101902
NEMLTCRS,NEMLTCRS_305N,NEMLTCRS_ROT41,Zea mays (Corn),2705.82,12445.74,2011,Conventional Till,None,No,74,11,89.998,NA,NA,0,7.5,NA,6.17,556.006,19.43101902
NEMLTCRS,NEMLTCRS_305M,NEMLTCRS_ROT40,Zea mays (Corn),1805.89,8538.82,2011,Conventional Till,None,No,74,11,0,NA,NA,0,7.5,NA,6.67,556.006,19.43101902
NEMLTCRS,NEMLTCRS_305S,NEMLTCRS_ROT42,Zea mays (Corn),3812.07,18169.07,2011,Conventional Till,None,No,74,11,179.996,NA,NA,0,7.5,NA,5.56,556.006,19.43101902
NEMLTCRS,NEMLTCRS_309N,NEMLTCRS_ROT62,Glycine max (Soybean),1557.77,8566.32,2011,Conventional Till,None,No,74,11,67.184,NA,NA,0,7.5,NA,6.12,556.006,19.43101902
NEMLTCRS,NEMLTCRS_309M,NEMLTCRS_ROT60,Glycine max (Soybean),1624.94,9200.11,2011,Conventional Till,None,No,74,11,0,NA,NA,0,7.5,NA,6.9,556.006,19.43101902
NEMLTCRS,NEMLTCRS_309S,NEMLTCRS_ROT61,Glycine max (Soybean),1521.29,7261.44,2011,Conventional Till,None,No,74,11,33.592,NA,NA,0,7.5,NA,6.69,556.006,19.43101902
NEMLTCRS,NEMLTCRS_310N,NEMLTCRS_ROT62,Zea mays (Corn),3902.27,18384.73,2011,Conventional Till,None,No,74,11,179.996,NA,NA,0,7.5,NA,5.62,556.006,19.43101902
NEMLTCRS,NEMLTCRS_310M,NEMLTCRS_ROT60,Zea mays (Corn),3448.36,14973,2011,Conventional Till,None,No,74,11,0,NA,NA,0,7.5,NA,6.96,556.006,19.43101902
NEMLTCRS,NEMLTCRS_310S,NEMLTCRS_ROT61,Zea mays (Corn),3640.11,19077.73,2011,Conventional Till,None,No,74,11,89.998,NA,NA,0,7.5,NA,6.54,556.006,19.43101902
NEMLTCRS,NEMLTCRS_312N,NEMLTCRS_ROT10,Zea mays (Corn),727.17,4520.83,2011,Conventional Till,None,No,74,11,0,NA,NA,0,7.5,NA,6.72,556.006,19.43101902
NEMLTCRS,NEMLTCRS_312M,NEMLTCRS_ROT11,Zea mays (Corn),1895.95,11510.12,2011,Conventional Till,None,No,74,11,89.998,NA,NA,0,7.5,NA,6.11,556.006,19.43101902
NEMLTCRS,NEMLTCRS_312S,NEMLTCRS_ROT12,Zea mays (Corn),2154.99,11319.15,2011,Conventional Till,None,No,74,11,179.996,NA,NA,0,7.5,NA,5.17,556.006,19.43101902
NEMLTCRS,NEMLTCRS_313N,NEMLTCRS_ROT51,Glycine max (Soybean),1816.08,9831.04,2011,Conventional Till,None,No,74,11,33.592,NA,NA,0,7.5,NA,6.39,556.006,19.43101902
NEMLTCRS,NEMLTCRS_313M,NEMLTCRS_ROT52,Glycine max (Soybean),1509.12,9114.08,2011,Conventional Till,None,No,74,11,67.184,NA,NA,0,7.5,NA,5.76,556.006,19.43101902
NEMLTCRS,NEMLTCRS_313S,NEMLTCRS_ROT50,Glycine max (Soybean),1846.58,9773.69,2011,Conventional Till,None,No,74,11,0,NA,NA,0,7.5,NA,6.75,556.006,19.43101902
NEMLTCRS,NEMLTCRS_314N,NEMLTCRS_ROT41,Glycine max (Soybean),1266.95,7731.77,2011,Conventional Till,None,No,74,11,33.592,NA,NA,0,7.5,NA,6.6,556.006,19.43101902
NEMLTCRS,NEMLTCRS_314M,NEMLTCRS_ROT42,Glycine max (Soybean),1531.01,7640,2011,Conventional Till,None,No,74,11,67.184,NA,NA,0,7.5,NA,6.21,556.006,19.43101902
NEMLTCRS,NEMLTCRS_314S,NEMLTCRS_ROT40,Glycine max (Soybean),1634.24,8913.33,2011,Conventional Till,None,No,74,11,0,NA,NA,0,7.5,NA,6.92,556.006,19.43101902
NEMLTCRS,NEMLTCRS_401N,NEMLTCRS_ROT41,Zea mays (Corn),3531.7,16097.04,2011,Conventional Till,None,No,74,11,89.998,NA,NA,0,7.5,NA,6.08,556.006,19.43101902
NEMLTCRS,NEMLTCRS_401M,NEMLTCRS_ROT42,Zea mays (Corn),3216.67,15317.96,2011,Conventional Till,None,No,74,11,179.996,NA,NA,0,7.5,NA,5.49,556.006,19.43101902
NEMLTCRS,NEMLTCRS_401S,NEMLTCRS_ROT40,Zea mays (Corn),2188.24,12060.13,2011,Conventional Till,None,No,74,11,0,NA,NA,0,7.5,NA,6.45,556.006,19.43101902
NEMLTCRS,NEMLTCRS_402N,NEMLTCRS_ROT61,Glycine max (Soybean),1778.19,9745.01,2011,Conventional Till,None,No,74,11,33.592,NA,NA,0,7.5,NA,6.59,556.006,19.43101902
NEMLTCRS,NEMLTCRS_402M,NEMLTCRS_ROT60,Glycine max (Soybean),1969.7,10404.62,2011,Conventional Till,None,No,74,11,0,NA,NA,0,7.5,NA,6.76,556.006,19.43101902
NEMLTCRS,NEMLTCRS_402S,NEMLTCRS_ROT62,Glycine max (Soybean),1612.51,9767.95,2011,Conventional Till,None,No,74,11,67.184,NA,NA,0,7.5,NA,6.12,556.006,19.43101902
NEMLTCRS,NEMLTCRS_403N,NEMLTCRS_ROT72,Glycine max (Soybean),1733.49,8982.16,2011,Conventional Till,None,No,74,11,67.184,NA,NA,0,7.5,NA,6.17,556.006,19.43101902
NEMLTCRS,NEMLTCRS_403M,NEMLTCRS_ROT70,Glycine max (Soybean),1943.37,10209.6,2011,Conventional Till,None,No,74,11,0,NA,NA,0,7.5,NA,6.85,556.006,19.43101902
NEMLTCRS,NEMLTCRS_403S,NEMLTCRS_ROT71,Glycine max (Soybean),1512.53,9722.07,2011,Conventional Till,None,No,74,11,33.592,NA,NA,0,7.5,NA,6.57,556.006,19.43101902
NEMLTCRS,NEMLTCRS_407N,NEMLTCRS_ROT10,Zea mays (Corn),1064.67,5196.09,2011,Conventional Till,None,No,74,11,0,NA,NA,0,7.5,NA,6.61,556.006,19.43101902
NEMLTCRS,NEMLTCRS_407M,NEMLTCRS_ROT12,Zea mays (Corn),1956.44,11727.18,2011,Conventional Till,None,No,74,11,179.996,NA,NA,0,7.5,NA,4.86,556.006,19.43101902
NEMLTCRS,NEMLTCRS_407S,NEMLTCRS_ROT11,Zea mays (Corn),2808.1,12295.94,2011,Conventional Till,None,No,74,11,89.998,NA,NA,0,7.5,NA,5.95,556.006,19.43101902
NEMLTCRS,NEMLTCRS_408N,NEMLTCRS_ROT62,Zea mays (Corn),3192.63,18003.75,2011,Conventional Till,None,No,74,11,179.996,NA,NA,0,7.5,NA,5.44,556.006,19.43101902
NEMLTCRS,NEMLTCRS_408M,NEMLTCRS_ROT60,Zea mays (Corn),3099.61,12765.25,2011,Conventional Till,None,No,74,11,0,NA,NA,0,7.5,NA,6.71,556.006,19.43101902
NEMLTCRS,NEMLTCRS_408S,NEMLTCRS_ROT61,Zea mays (Corn),3543.21,15543.3,2011,Conventional Till,None,No,74,11,89.998,NA,NA,0,7.5,NA,6.2,556.006,19.43101902
NEMLTCRS,NEMLTCRS_409N,NEMLTCRS_ROT51,Glycine max (Soybean),685.04,3343.93,2011,Conventional Till,None,No,74,11,33.592,NA,NA,0,7.5,NA,6.6,556.006,19.43101902
NEMLTCRS,NEMLTCRS_409M,NEMLTCRS_ROT52,Glycine max (Soybean),1220.3,6188.85,2011,Conventional Till,None,No,74,11,67.184,NA,NA,0,7.5,NA,6.05,556.006,19.43101902
NEMLTCRS,NEMLTCRS_409S,NEMLTCRS_ROT50,Glycine max (Soybean),1736.36,9377.92,2011,Conventional Till,None,No,74,11,0,NA,NA,0,7.5,NA,6.86,556.006,19.43101902
NEMLTCRS,NEMLTCRS_411N,NEMLTCRS_ROT22,Glycine max (Soybean),1614.97,8207.83,2011,Conventional Till,None,No,74,11,67.184,NA,NA,0,7.5,NA,6.7,556.006,19.43101902
NEMLTCRS,NEMLTCRS_411M,NEMLTCRS_ROT20,Glycine max (Soybean),1599.16,7588.37,2011,Conventional Till,None,No,74,11,0,NA,NA,0,7.5,NA,7.08,556.006,19.43101902
NEMLTCRS,NEMLTCRS_411S,NEMLTCRS_ROT21,Glycine max (Soybean),1814.71,8425.79,2011,Conventional Till,None,No,74,11,33.592,NA,NA,0,7.5,NA,6.95,556.006,19.43101902
NEMLTCRS,NEMLTCRS_412N,NEMLTCRS_ROT70,Zea mays (Corn),1949.57,10255.01,2011,Conventional Till,None,No,74,11,0,NA,NA,0,7.5,NA,6.86,556.006,19.43101902
NEMLTCRS,NEMLTCRS_412M,NEMLTCRS_ROT71,Zea mays (Corn),3025.06,13563.68,2011,Conventional Till,None,No,74,11,89.998,NA,NA,0,7.5,NA,6.55,556.006,19.43101902
NEMLTCRS,NEMLTCRS_412S,NEMLTCRS_ROT72,Zea mays (Corn),2701.83,15454.75,2011,Conventional Till,None,No,74,11,179.996,NA,NA,0,7.5,NA,6.04,556.006,19.43101902
NEMLTCRS,NEMLTCRS_414N,NEMLTCRS_ROT41,Glycine max (Soybean),1459.34,7708.82,2011,Conventional Till,None,No,74,11,33.592,NA,NA,0,7.5,NA,6.64,556.006,19.43101902
NEMLTCRS,NEMLTCRS_414M,NEMLTCRS_ROT42,Glycine max (Soybean),1374.38,6968.91,2011,Conventional Till,None,No,74,11,67.184,NA,NA,0,7.5,NA,6.24,556.006,19.43101902
NEMLTCRS,NEMLTCRS_414S,NEMLTCRS_ROT40,Glycine max (Soybean),1690.89,8190.63,2011,Conventional Till,None,No,74,11,0,NA,NA,0,7.5,NA,6.83,556.006,19.43101902
NEMLTCRS,NEMLTCRS_501N,NEMLTCRS_ROT71,Glycine max (Soybean),1443.66,8477.41,2011,Conventional Till,None,No,74,11,33.592,NA,NA,0,7.5,NA,6.15,556.006,19.43101902
NEMLTCRS,NEMLTCRS_501M,NEMLTCRS_ROT72,Glycine max (Soybean),1595.41,9521.32,2011,Conventional Till,None,No,74,11,67.184,NA,NA,0,7.5,NA,5.51,556.006,19.43101902
NEMLTCRS,NEMLTCRS_501S,NEMLTCRS_ROT70,Glycine max (Soybean),2012.19,11591.91,2011,Conventional Till,None,No,74,11,0,NA,NA,0,7.5,NA,6.33,556.006,19.43101902
NEMLTCRS,NEMLTCRS_502N,NEMLTCRS_ROT62,Glycine max (Soybean),1578.14,7559.69,2011,Conventional Till,None,No,74,11,67.184,NA,NA,0,7.5,NA,6.66,556.006,19.43101902
NEMLTCRS,NEMLTCRS_502M,NEMLTCRS_ROT61,Glycine max (Soybean),1795.61,9882.67,2011,Conventional Till,None,No,74,11,33.592,NA,NA,0,7.5,NA,6.7,556.006,19.43101902
NEMLTCRS,NEMLTCRS_502S,NEMLTCRS_ROT60,Glycine max (Soybean),1927.88,10794.65,2011,Conventional Till,None,No,74,11,0,NA,NA,0,7.5,NA,6.18,556.006,19.43101902
NEMLTCRS,NEMLTCRS_503N,NEMLTCRS_ROT40,Glycine max (Soybean),1821.5,9194.38,2011,Conventional Till,None,No,74,11,0,NA,NA,0,7.5,NA,7.05,556.006,19.43101902
NEMLTCRS,NEMLTCRS_503M,NEMLTCRS_ROT42,Glycine max (Soybean),1260.77,8276.66,2011,Conventional Till,None,No,74,11,67.184,NA,NA,0,7.5,NA,6.24,556.006,19.43101902
NEMLTCRS,NEMLTCRS_503S,NEMLTCRS_ROT41,Glycine max (Soybean),1668.96,8351.23,2011,Conventional Till,None,No,74,11,33.592,NA,NA,0,7.5,NA,6.42,556.006,19.43101902
NEMLTCRS,NEMLTCRS_505N,NEMLTCRS_ROT71,Zea mays (Corn),3271.99,15393.12,2011,Conventional Till,None,No,74,11,89.998,NA,NA,0,7.5,NA,6.62,556.006,19.43101902
NEMLTCRS,NEMLTCRS_505M,NEMLTCRS_ROT70,Zea mays (Corn),1727.09,8823.35,2011,Conventional Till,None,No,74,11,0,NA,NA,0,7.5,NA,6.94,556.006,19.43101902
NEMLTCRS,NEMLTCRS_505S,NEMLTCRS_ROT72,Zea mays (Corn),3018.9,14672.77,2011,Conventional Till,None,No,74,11,179.996,NA,NA,0,7.5,NA,5.89,556.006,19.43101902
NEMLTCRS,NEMLTCRS_507N,NEMLTCRS_ROT12,Zea mays (Corn),2408.59,12915.44,2011,Conventional Till,None,No,74,11,179.996,NA,NA,0,7.5,NA,5.19,556.006,19.43101902
NEMLTCRS,NEMLTCRS_507M,NEMLTCRS_ROT11,Zea mays (Corn),1800.42,9307.46,2011,Conventional Till,None,No,74,11,89.998,NA,NA,0,7.5,NA,6.24,556.006,19.43101902
NEMLTCRS,NEMLTCRS_507S,NEMLTCRS_ROT10,Zea mays (Corn),1176.27,5948.56,2011,Conventional Till,None,No,74,11,0,NA,NA,0,7.5,NA,6.68,556.006,19.43101902
NEMLTCRS,NEMLTCRS_510N,NEMLTCRS_ROT21,Glycine max (Soybean),1628.71,8150.48,2011,Conventional Till,None,No,74,11,33.592,NA,NA,0,7.5,NA,6.84,556.006,19.43101902
NEMLTCRS,NEMLTCRS_510M,NEMLTCRS_ROT20,Glycine max (Soybean),1742.35,9062.46,2011,Conventional Till,None,No,74,11,0,NA,NA,0,7.5,NA,6.92,556.006,19.43101902
NEMLTCRS,NEMLTCRS_510S,NEMLTCRS_ROT22,Glycine max (Soybean),1836.03,9079.66,2011,Conventional Till,None,No,74,11,67.184,NA,NA,0,7.5,NA,6.82,556.006,19.43101902
NEMLTCRS,NEMLTCRS_511N,NEMLTCRS_ROT52,Glycine max (Soybean),1334.63,6240.48,2011,Conventional Till,None,No,74,11,67.184,NA,NA,0,7.5,NA,6.26,556.006,19.43101902
NEMLTCRS,NEMLTCRS_511M,NEMLTCRS_ROT51,Glycine max (Soybean),1567.65,7823.54,2011,Conventional Till,None,No,74,11,33.592,NA,NA,0,7.5,NA,6.61,556.006,19.43101902
NEMLTCRS,NEMLTCRS_511S,NEMLTCRS_ROT50,Glycine max (Soybean),1646.9,7840.75,2011,Conventional Till,None,No,74,11,0,NA,NA,0,7.5,NA,6.83,556.006,19.43101902
NEMLTCRS,NEMLTCRS_512N,NEMLTCRS_ROT40,Zea mays (Corn),1459.51,7339.1,2011,Conventional Till,None,No,74,11,0,NA,NA,0,7.5,NA,6.71,556.006,19.43101902
NEMLTCRS,NEMLTCRS_512M,NEMLTCRS_ROT41,Zea mays (Corn),2866.85,14259.08,2011,Conventional Till,None,No,74,11,89.998,NA,NA,0,7.5,NA,6.41,556.006,19.43101902
NEMLTCRS,NEMLTCRS_512S,NEMLTCRS_ROT42,Zea mays (Corn),3192.62,15596.57,2011,Conventional Till,None,No,74,11,179.996,NA,NA,0,7.5,NA,5.77,556.006,19.43101902
NEMLTCRS,NEMLTCRS_515N,NEMLTCRS_ROT60,Zea mays (Corn),3092.43,14198.55,2011,Conventional Till,None,No,74,11,0,NA,NA,0,7.5,NA,6.51,556.006,19.43101902
NEMLTCRS,NEMLTCRS_515M,NEMLTCRS_ROT62,Zea mays (Corn),3409.64,15637.9,2011,Conventional Till,None,No,74,11,179.996,NA,NA,0,7.5,NA,5.86,556.006,19.43101902
NEMLTCRS,NEMLTCRS_515S,NEMLTCRS_ROT61,Zea mays (Corn),3943.18,17575.69,2011,Conventional Till,None,No,74,11,89.998,NA,NA,0,7.5,NA,6.02,556.006,19.43101902
NEMLTCRS,NEMLTCRS_102N,NEMLTCRS_ROT42,Zea mays (Corn),2403.9,13301.89,2012,Conventional Till,None,No,74,11,179.996,NA,NA,0,7.5,NA,6.23,258.5466,20.43980827
NEMLTCRS,NEMLTCRS_102M,NEMLTCRS_ROT40,Zea mays (Corn),1061.41,7166.65,2012,Conventional Till,None,No,74,11,0,NA,NA,0,7.5,NA,6.97,258.5466,20.43980827
NEMLTCRS,NEMLTCRS_102S,NEMLTCRS_ROT41,Zea mays (Corn),2371.13,11053.22,2012,Conventional Till,None,No,74,11,89.998,NA,NA,0,7.5,NA,6.66,258.5466,20.43980827
NEMLTCRS,NEMLTCRS_105N,NEMLTCRS_ROT72,Glycine max (Soybean),811.43,3670.87,2012,Conventional Till,None,No,74,11,67.184,NA,NA,0,7.5,NA,5.71,258.5466,20.43980827
NEMLTCRS,NEMLTCRS_105M,NEMLTCRS_ROT70,Glycine max (Soybean),1135.05,5368.65,2012,Conventional Till,None,No,74,11,0,NA,NA,0,7.5,NA,6.83,258.5466,20.43980827
NEMLTCRS,NEMLTCRS_105S,NEMLTCRS_ROT71,Glycine max (Soybean),940.43,4462.4,2012,Conventional Till,None,No,74,11,33.592,NA,NA,0,7.5,NA,6.37,258.5466,20.43980827
NEMLTCRS,NEMLTCRS_106N,NEMLTCRS_ROT70,Zea mays (Corn),1599,9958.64,2012,Conventional Till,None,No,74,11,0,NA,NA,0,7.5,NA,6.28,258.5466,20.43980827
NEMLTCRS,NEMLTCRS_106M,NEMLTCRS_ROT72,Zea mays (Corn),2082.71,12816.48,2012,Conventional Till,None,No,74,11,179.996,NA,NA,0,7.5,NA,5.57,258.5466,20.43980827
NEMLTCRS,NEMLTCRS_106S,NEMLTCRS_ROT71,Zea mays (Corn),2697.97,13517.63,2012,Conventional Till,None,No,74,11,89.998,NA,NA,0,7.5,NA,6.29,258.5466,20.43980827
NEMLTCRS,NEMLTCRS_107N,NEMLTCRS_ROT20,Glycine max (Soybean),545.16,3561.89,2012,Conventional Till,None,No,74,11,0,NA,NA,0,7.5,NA,6.51,258.5466,20.43980827
NEMLTCRS,NEMLTCRS_107M,NEMLTCRS_ROT22,Glycine max (Soybean),741.43,4049.43,2012,Conventional Till,None,No,74,11,67.184,NA,NA,0,7.5,NA,6.31,258.5466,20.43980827
NEMLTCRS,NEMLTCRS_107S,NEMLTCRS_ROT21,Glycine max (Soybean),835.04,3992.07,2012,Conventional Till,None,No,74,11,33.592,NA,NA,0,7.5,NA,6.46,258.5466,20.43980827
NEMLTCRS,NEMLTCRS_108N,NEMLTCRS_ROT41,Glycine max (Soybean),1061.87,4743.45,2012,Conventional Till,None,No,74,11,33.592,NA,NA,0,7.5,NA,6.04,258.5466,20.43980827
NEMLTCRS,NEMLTCRS_108M,NEMLTCRS_ROT40,Glycine max (Soybean),824.05,4376.36,2012,Conventional Till,None,No,74,11,0,NA,NA,0,7.5,NA,6.6,258.5466,20.43980827
NEMLTCRS,NEMLTCRS_108S,NEMLTCRS_ROT42,Glycine max (Soybean),1007.54,4514.02,2012,Conventional Till,None,No,74,11,67.184,NA,NA,0,7.5,NA,5.62,258.5466,20.43980827
NEMLTCRS,NEMLTCRS_110N,NEMLTCRS_ROT60,Glycine max (Soybean),982.83,4955.67,2012,Conventional Till,None,No,74,11,0,NA,NA,0,7.5,NA,6.44,258.5466,20.43980827
NEMLTCRS,NEMLTCRS_110M,NEMLTCRS_ROT62,Glycine max (Soybean),1051.73,4623,2012,Conventional Till,None,No,74,11,67.184,NA,NA,0,7.5,NA,6.2,258.5466,20.43980827
NEMLTCRS,NEMLTCRS_110S,NEMLTCRS_ROT61,Glycine max (Soybean),1566.73,7846.48,2012,Conventional Till,None,No,74,11,33.592,NA,NA,0,7.5,NA,6.57,258.5466,20.43980827
NEMLTCRS,NEMLTCRS_112N,NEMLTCRS_ROT60,Zea mays (Corn),2693,12684.65,2012,Conventional Till,None,No,74,11,0,NA,NA,0,7.5,NA,6.67,258.5466,20.43980827
NEMLTCRS,NEMLTCRS_112M,NEMLTCRS_ROT62,Zea mays (Corn),3231.25,16220.15,2012,Conventional Till,None,No,74,11,179.996,NA,NA,0,7.5,NA,6.01,258.5466,20.43980827
NEMLTCRS,NEMLTCRS_112S,NEMLTCRS_ROT61,Zea mays (Corn),3274.71,14168.69,2012,Conventional Till,None,No,74,11,89.998,NA,NA,0,7.5,NA,6.53,258.5466,20.43980827
NEMLTCRS,NEMLTCRS_114N,NEMLTCRS_ROT52,Glycine max (Soybean),1172.24,5896.33,2012,Conventional Till,None,No,74,11,67.184,NA,NA,0,7.5,NA,5.87,258.5466,20.43980827
NEMLTCRS,NEMLTCRS_114M,NEMLTCRS_ROT51,Glycine max (Soybean),1089.06,5454.68,2012,Conventional Till,None,No,74,11,33.592,NA,NA,0,7.5,NA,6.98,258.5466,20.43980827
NEMLTCRS,NEMLTCRS_114S,NEMLTCRS_ROT50,Glycine max (Soybean),1389.65,6676.39,2012,Conventional Till,None,No,74,11,0,NA,NA,0,7.5,NA,7.32,258.5466,20.43980827
NEMLTCRS,NEMLTCRS_115N,NEMLTCRS_ROT12,Zea mays (Corn),1662.7,10664.95,2012,Conventional Till,None,No,74,11,179.996,NA,NA,0,7.5,NA,4.72,258.5466,20.43980827
NEMLTCRS,NEMLTCRS_115M,NEMLTCRS_ROT11,Zea mays (Corn),1777.84,10190.04,2012,Conventional Till,None,No,74,11,0,NA,NA,0,7.5,NA,6.11,258.5466,20.43980827
NEMLTCRS,NEMLTCRS_115S,NEMLTCRS_ROT10,Zea mays (Corn),462.67,5340.11,2012,Conventional Till,None,No,74,11,89.998,NA,NA,0,7.5,NA,6.91,258.5466,20.43980827
NEMLTCRS,NEMLTCRS_201N,NEMLTCRS_ROT40,Glycine max (Soybean),1232.99,6641.98,2012,Conventional Till,None,No,74,11,0,NA,NA,0,7.5,NA,7.35,258.5466,20.43980827
NEMLTCRS,NEMLTCRS_201M,NEMLTCRS_ROT41,Glycine max (Soybean),750.09,4479.61,2012,Conventional Till,None,No,74,11,33.592,NA,NA,0,7.5,NA,6.87,258.5466,20.43980827
NEMLTCRS,NEMLTCRS_201S,NEMLTCRS_ROT42,Glycine max (Soybean),1269.89,5856.18,2012,Conventional Till,None,No,74,11,67.184,NA,NA,0,7.5,NA,6.06,258.5466,20.43980827
NEMLTCRS,NEMLTCRS_203N,NEMLTCRS_ROT62,Glycine max (Soybean),1196.93,6435.49,2012,Conventional Till,None,No,74,11,67.184,NA,NA,0,7.5,NA,6.35,258.5466,20.43980827
NEMLTCRS,NEMLTCRS_203M,NEMLTCRS_ROT61,Glycine max (Soybean),1359.16,6659.18,2012,Conventional Till,None,No,74,11,33.592,NA,NA,0,7.5,NA,6.83,258.5466,20.43980827
NEMLTCRS,NEMLTCRS_203S,NEMLTCRS_ROT60,Glycine max (Soybean),627.32,4215.76,2012,Conventional Till,None,No,74,11,0,NA,NA,0,7.5,NA,7.21,258.5466,20.43980827
NEMLTCRS,NEMLTCRS_205N,NEMLTCRS_ROT62,Zea mays (Corn),3613.8,17220.06,2012,Conventional Till,None,No,74,11,179.996,NA,NA,0,7.5,NA,5.92,258.5466,20.43980827
NEMLTCRS,NEMLTCRS_205M,NEMLTCRS_ROT61,Zea mays (Corn),2980.22,11350.61,2012,Conventional Till,None,No,74,11,89.998,NA,NA,0,7.5,NA,6.45,258.5466,20.43980827
NEMLTCRS,NEMLTCRS_205S,NEMLTCRS_ROT60,Zea mays (Corn),2508.82,12954.52,2012,Conventional Till,None,No,74,11,0,NA,NA,0,7.5,NA,6.78,258.5466,20.43980827
NEMLTCRS,NEMLTCRS_207N,NEMLTCRS_ROT50,Glycine max (Soybean),1217.48,5517.77,2012,Conventional Till,None,No,74,11,0,NA,NA,0,7.5,NA,6.89,258.5466,20.43980827
NEMLTCRS,NEMLTCRS_207M,NEMLTCRS_ROT51,Glycine max (Soybean),1471.02,703.33,2012,Conventional Till,None,No,74,11,33.592,NA,NA,0,7.5,NA,6.42,258.5466,20.43980827
NEMLTCRS,NEMLTCRS_207S,NEMLTCRS_ROT52,Glycine max (Soybean),1227.42,5816.03,2012,Conventional Till,None,No,74,11,67.184,NA,NA,0,7.5,NA,5.53,258.5466,20.43980827
NEMLTCRS,NEMLTCRS_208N,NEMLTCRS_ROT12,Zea mays (Corn),2290.85,11586.42,2012,Conventional Till,None,No,74,11,179.996,NA,NA,0,7.5,NA,5.34,258.5466,20.43980827
NEMLTCRS,NEMLTCRS_208M,NEMLTCRS_ROT10,Zea mays (Corn),420.46,5105.24,2012,Conventional Till,None,No,74,11,0,NA,NA,0,7.5,NA,6.94,258.5466,20.43980827
NEMLTCRS,NEMLTCRS_208S,NEMLTCRS_ROT11,Zea mays (Corn),1433.04,7770.36,2012,Conventional Till,None,No,74,11,89.998,NA,NA,0,7.5,NA,6.08,258.5466,20.43980827
NEMLTCRS,NEMLTCRS_210N,NEMLTCRS_ROT41,Zea mays (Corn),2364.2,11421.1,2012,Conventional Till,None,No,74,11,89.998,NA,NA,0,7.5,NA,6.91,258.5466,20.43980827
NEMLTCRS,NEMLTCRS_210M,NEMLTCRS_ROT40,Zea mays (Corn),1353.17,8187.37,2012,Conventional Till,None,No,74,11,0,NA,NA,0,7.5,NA,7.17,258.5466,20.43980827
NEMLTCRS,NEMLTCRS_210S,NEMLTCRS_ROT42,Zea mays (Corn),2668.25,12748.71,2012,Conventional Till,None,No,74,11,179.996,NA,NA,0,7.5,NA,6.26,258.5466,20.43980827
NEMLTCRS,NEMLTCRS_213N,NEMLTCRS_ROT70,Glycine max (Soybean),1389.61,6137.23,2012,Conventional Till,None,No,74,11,0,NA,NA,0,7.5,NA,6.82,258.5466,20.43980827
NEMLTCRS,NEMLTCRS_213M,NEMLTCRS_ROT71,Glycine max (Soybean),1046.92,4766.39,2012,Conventional Till,None,No,74,11,33.592,NA,NA,0,7.5,NA,6.56,258.5466,20.43980827
NEMLTCRS,NEMLTCRS_213S,NEMLTCRS_ROT72,Glycine max (Soybean),994.84,4548.44,2012,Conventional Till,None,No,74,11,67.184,NA,NA,0,7.5,NA,5.9,258.5466,20.43980827
NEMLTCRS,NEMLTCRS_214N,NEMLTCRS_ROT72,Zea mays (Corn),3323.81,14621.63,2012,Conventional Till,None,No,74,11,179.996,NA,NA,0,7.5,NA,6.13,258.5466,20.43980827
NEMLTCRS,NEMLTCRS_214M,NEMLTCRS_ROT70,Zea mays (Corn),1895.87,10091.21,2012,Conventional Till,None,No,74,11,0,NA,NA,0,7.5,NA,6.87,258.5466,20.43980827
NEMLTCRS,NEMLTCRS_214S,NEMLTCRS_ROT71,Zea mays (Corn),3143.7,14709.31,2012,Conventional Till,None,No,74,11,89.998,NA,NA,0,7.5,NA,6.62,258.5466,20.43980827
NEMLTCRS,NEMLTCRS_215N,NEMLTCRS_ROT22,Glycine max (Soybean),914.76,4531.23,2012,Conventional Till,None,No,74,11,67.184,NA,NA,0,7.5,NA,6.26,258.5466,20.43980827
NEMLTCRS,NEMLTCRS_215M,NEMLTCRS_ROT21,Glycine max (Soybean),1061.3,5076.12,2012,Conventional Till,None,No,74,11,33.592,NA,NA,0,7.5,NA,6.67,258.5466,20.43980827
NEMLTCRS,NEMLTCRS_215S,NEMLTCRS_ROT20,Glycine max (Soybean),1017.12,5179.37,2012,Conventional Till,None,No,74,11,0,NA,NA,0,7.5,NA,6.84,258.5466,20.43980827
NEMLTCRS,NEMLTCRS_302N,NEMLTCRS_ROT72,Glycine max (Soybean),969.7,4835.22,2012,Conventional Till,None,No,74,11,67.184,NA,NA,0,7.5,NA,6.27,258.5466,20.43980827
NEMLTCRS,NEMLTCRS_302M,NEMLTCRS_ROT70,Glycine max (Soybean),1066.83,4772.13,2012,Conventional Till,None,No,74,11,0,NA,NA,0,7.5,NA,7.02,258.5466,20.43980827
NEMLTCRS,NEMLTCRS_302S,NEMLTCRS_ROT71,Glycine max (Soybean),965.87,4674.62,2012,Conventional Till,None,No,74,11,33.592,NA,NA,0,7.5,NA,6.68,258.5466,20.43980827
NEMLTCRS,NEMLTCRS_303N,NEMLTCRS_ROT71,Zea mays (Corn),2100.58,11524.01,2012,Conventional Till,None,No,74,11,89.998,NA,NA,0,7.5,NA,6.7,258.5466,20.43980827
NEMLTCRS,NEMLTCRS_303M,NEMLTCRS_ROT70,Zea mays (Corn),1847.25,11084.86,2012,Conventional Till,None,No,74,11,0,NA,NA,0,7.5,NA,6.8,258.5466,20.43980827
NEMLTCRS,NEMLTCRS_303S,NEMLTCRS_ROT72,Zea mays (Corn),3125.69,15660.66,2012,Conventional Till,None,No,74,11,179.996,NA,NA,0,7.5,NA,6.07,258.5466,20.43980827
NEMLTCRS,NEMLTCRS_304N,NEMLTCRS_ROT22,Glycine max (Soybean),788.79,3722.49,2012,Conventional Till,None,No,74,11,67.184,NA,NA,0,7.5,NA,6.34,258.5466,20.43980827
NEMLTCRS,NEMLTCRS_304M,NEMLTCRS_ROT21,Glycine max (Soybean),803.39,3682.34,2012,Conventional Till,None,No,74,11,33.592,NA,NA,0,7.5,NA,6.61,258.5466,20.43980827
NEMLTCRS,NEMLTCRS_304S,NEMLTCRS_ROT20,Glycine max (Soybean),660.77,3286.57,2012,Conventional Till,None,No,74,11,0,NA,NA,0,7.5,NA,6.59,258.5466,20.43980827
NEMLTCRS,NEMLTCRS_305N,NEMLTCRS_ROT41,Glycine max (Soybean),1027.56,4766.39,2012,Conventional Till,None,No,74,11,33.592,NA,NA,0,7.5,NA,6.17,258.5466,20.43980827
NEMLTCRS,NEMLTCRS_305M,NEMLTCRS_ROT40,Glycine max (Soybean),905.62,4238.71,2012,Conventional Till,None,No,74,11,0,NA,NA,0,7.5,NA,6.67,258.5466,20.43980827
NEMLTCRS,NEMLTCRS_305S,NEMLTCRS_ROT42,Glycine max (Soybean),992.54,4691.83,2012,Conventional Till,None,No,74,11,67.184,NA,NA,0,7.5,NA,5.56,258.5466,20.43980827
NEMLTCRS,NEMLTCRS_307N,NEMLTCRS_ROT60,Glycine max (Soybean),965.38,4313.27,2012,Conventional Till,None,No,74,11,0,NA,NA,0,7.5,NA,6.61,258.5466,20.43980827
NEMLTCRS,NEMLTCRS_307M,NEMLTCRS_ROT62,Glycine max (Soybean),1134.39,5362.91,2012,Conventional Till,None,No,74,11,67.184,NA,NA,0,7.5,NA,5.54,258.5466,20.43980827
NEMLTCRS,NEMLTCRS_307S,NEMLTCRS_ROT61,Glycine max (Soybean),1067.92,5127.74,2012,Conventional Till,None,No,74,11,33.592,NA,NA,0,7.5,NA,6.24,258.5466,20.43980827
NEMLTCRS,NEMLTCRS_309N,NEMLTCRS_ROT62,Zea mays (Corn),2838.98,14956.3,2012,Conventional Till,None,No,74,11,179.996,NA,NA,0,7.5,NA,6.12,258.5466,20.43980827
NEMLTCRS,NEMLTCRS_309M,NEMLTCRS_ROT60,Zea mays (Corn),2580.68,12413.38,2012,Conventional Till,None,No,74,11,0,NA,NA,0,7.5,NA,6.9,258.5466,20.43980827
NEMLTCRS,NEMLTCRS_309S,NEMLTCRS_ROT61,Zea mays (Corn),2789.74,13155.02,2012,Conventional Till,None,No,74,11,89.998,NA,NA,0,7.5,NA,6.69,258.5466,20.43980827
NEMLTCRS,NEMLTCRS_311N,NEMLTCRS_ROT51,Glycine max (Soybean),1472.07,6796.84,2012,Conventional Till,None,No,74,11,33.592,NA,NA,0,7.5,NA,6.61,258.5466,20.43980827
NEMLTCRS,NEMLTCRS_311M,NEMLTCRS_ROT52,Glycine max (Soybean),1353.34,6429.76,2012,Conventional Till,None,No,74,11,67.184,NA,NA,0,7.5,NA,6.75,258.5466,20.43980827
NEMLTCRS,NEMLTCRS_311S,NEMLTCRS_ROT50,Glycine max (Soybean),1215.37,5575.13,2012,Conventional Till,None,No,74,11,0,NA,NA,0,7.5,NA,6.86,258.5466,20.43980827
NEMLTCRS,NEMLTCRS_312N,NEMLTCRS_ROT10,Zea mays (Corn),432.82,4981.45,2012,Conventional Till,None,No,74,11,0,NA,NA,0,7.5,NA,6.72,258.5466,20.43980827
NEMLTCRS,NEMLTCRS_312M,NEMLTCRS_ROT11,Zea mays (Corn),1115.68,8165.51,2012,Conventional Till,None,No,74,11,89.998,NA,NA,0,7.5,NA,6.11,258.5466,20.43980827
NEMLTCRS,NEMLTCRS_312S,NEMLTCRS_ROT12,Zea mays (Corn),577.75,7441.06,2012,Conventional Till,None,No,74,11,179.996,NA,NA,0,7.5,NA,5.17,258.5466,20.43980827
NEMLTCRS,NEMLTCRS_314N,NEMLTCRS_ROT41,Zea mays (Corn),2506.61,11200.13,2012,Conventional Till,None,No,74,11,89.998,NA,NA,0,7.5,NA,6.6,258.5466,20.43980827
NEMLTCRS,NEMLTCRS_314M,NEMLTCRS_ROT42,Zea mays (Corn),2832.18,13988.81,2012,Conventional Till,None,No,74,11,179.996,NA,NA,0,7.5,NA,6.21,258.5466,20.43980827
NEMLTCRS,NEMLTCRS_314S,NEMLTCRS_ROT40,Zea mays (Corn),2280.75,10860.54,2012,Conventional Till,None,No,74,11,0,NA,NA,0,7.5,NA,6.92,258.5466,20.43980827
NEMLTCRS,NEMLTCRS_401N,NEMLTCRS_ROT41,Glycine max (Soybean),745.46,3376.35,2012,Conventional Till,None,No,74,11,33.592,NA,NA,0,7.5,NA,6.08,258.5466,20.43980827
NEMLTCRS,NEMLTCRS_401M,NEMLTCRS_ROT42,Glycine max (Soybean),761.44,3911.77,2012,Conventional Till,None,No,74,11,67.184,NA,NA,0,7.5,NA,5.49,258.5466,20.43980827
NEMLTCRS,NEMLTCRS_401S,NEMLTCRS_ROT40,Glycine max (Soybean),814.28,3458.65,2012,Conventional Till,None,No,74,11,0,NA,NA,0,7.5,NA,6.45,258.5466,20.43980827
NEMLTCRS,NEMLTCRS_402N,NEMLTCRS_ROT61,Zea mays (Corn),2573.89,12929.27,2012,Conventional Till,None,No,74,11,89.998,NA,NA,0,7.5,NA,6.59,258.5466,20.43980827
NEMLTCRS,NEMLTCRS_402M,NEMLTCRS_ROT60,Zea mays (Corn),2615.9,13550.29,2012,Conventional Till,None,No,74,11,0,NA,NA,0,7.5,NA,6.76,258.5466,20.43980827
NEMLTCRS,NEMLTCRS_402S,NEMLTCRS_ROT62,Zea mays (Corn),2512.83,12186.7,2012,Conventional Till,None,No,74,11,179.996,NA,NA,0,7.5,NA,6.12,258.5466,20.43980827
NEMLTCRS,NEMLTCRS_404N,NEMLTCRS_ROT60,Glycine max (Soybean),965.99,4456.66,2012,Conventional Till,None,No,74,11,0,NA,NA,0,7.5,NA,6.54,258.5466,20.43980827
NEMLTCRS,NEMLTCRS_404M,NEMLTCRS_ROT61,Glycine max (Soybean),1238.33,5603.81,2012,Conventional Till,None,No,74,11,33.592,NA,NA,0,7.5,NA,6.21,258.5466,20.43980827
NEMLTCRS,NEMLTCRS_404S,NEMLTCRS_ROT62,Glycine max (Soybean),1043.9,4726.24,2012,Conventional Till,None,No,74,11,67.184,NA,NA,0,7.5,NA,5.61,258.5466,20.43980827
NEMLTCRS,NEMLTCRS_406N,NEMLTCRS_ROT72,Zea mays (Corn),2013.86,11525.1,2012,Conventional Till,None,No,74,11,179.996,NA,NA,0,7.5,NA,6.05,258.5466,20.43980827
NEMLTCRS,NEMLTCRS_406M,NEMLTCRS_ROT71,Zea mays (Corn),2220.12,11911.24,2012,Conventional Till,None,No,74,11,89.998,NA,NA,0,7.5,NA,6.45,258.5466,20.43980827
NEMLTCRS,NEMLTCRS_406S,NEMLTCRS_ROT70,Zea mays (Corn),1451.08,9626.23,2012,Conventional Till,None,No,74,11,0,NA,NA,0,7.5,NA,6.78,258.5466,20.43980827
NEMLTCRS,NEMLTCRS_407N,NEMLTCRS_ROT10,Zea mays (Corn),497.54,4497.72,2012,Conventional Till,None,No,74,11,0,NA,NA,0,7.5,NA,6.61,258.5466,20.43980827
NEMLTCRS,NEMLTCRS_407M,NEMLTCRS_ROT12,Zea mays (Corn),1432.93,8130.23,2012,Conventional Till,None,No,74,11,179.996,NA,NA,0,7.5,NA,4.86,258.5466,20.43980827
NEMLTCRS,NEMLTCRS_407S,NEMLTCRS_ROT11,Zea mays (Corn),1914.53,9637.17,2012,Conventional Till,None,No,74,11,89.998,NA,NA,0,7.5,NA,5.95,258.5466,20.43980827
NEMLTCRS,NEMLTCRS_411N,NEMLTCRS_ROT22,Glycine max (Soybean),683.15,4382.1,2012,Conventional Till,None,No,74,11,67.184,NA,NA,0,7.5,NA,6.7,258.5466,20.43980827
NEMLTCRS,NEMLTCRS_411M,NEMLTCRS_ROT20,Glycine max (Soybean),1325.46,6286.36,2012,Conventional Till,None,No,74,11,0,NA,NA,0,7.5,NA,7.08,258.5466,20.43980827
NEMLTCRS,NEMLTCRS_411S,NEMLTCRS_ROT21,Glycine max (Soybean),1266.8,5856.18,2012,Conventional Till,None,No,74,11,33.592,NA,NA,0,7.5,NA,6.95,258.5466,20.43980827
NEMLTCRS,NEMLTCRS_412N,NEMLTCRS_ROT70,Glycine max (Soybean),1688.35,8471.68,2012,Conventional Till,None,No,74,11,0,NA,NA,0,7.5,NA,6.86,258.5466,20.43980827
NEMLTCRS,NEMLTCRS_412M,NEMLTCRS_ROT71,Glycine max (Soybean),942.73,4886.84,2012,Conventional Till,None,No,74,11,33.592,NA,NA,0,7.5,NA,6.55,258.5466,20.43980827
NEMLTCRS,NEMLTCRS_412S,NEMLTCRS_ROT72,Glycine max (Soybean),771.47,3797.05,2012,Conventional Till,None,No,74,11,67.184,NA,NA,0,7.5,NA,6.04,258.5466,20.43980827
NEMLTCRS,NEMLTCRS_413N,NEMLTCRS_ROT51,Glycine max (Soybean),1329.16,6607.56,2012,Conventional Till,None,No,74,11,33.592,NA,NA,0,7.5,NA,6.49,258.5466,20.43980827
NEMLTCRS,NEMLTCRS_413M,NEMLTCRS_ROT52,Glycine max (Soybean),1125.76,5529.25,2012,Conventional Till,None,No,74,11,67.184,NA,NA,0,7.5,NA,5.84,258.5466,20.43980827
NEMLTCRS,NEMLTCRS_413S,NEMLTCRS_ROT50,Glycine max (Soybean),1535.95,7112.31,2012,Conventional Till,None,No,74,11,0,NA,NA,0,7.5,NA,6.75,258.5466,20.43980827
NEMLTCRS,NEMLTCRS_414N,NEMLTCRS_ROT41,Zea mays (Corn),1859.27,10045.93,2012,Conventional Till,None,No,74,11,89.998,NA,NA,0,7.5,NA,6.64,258.5466,20.43980827
NEMLTCRS,NEMLTCRS_414M,NEMLTCRS_ROT42,Zea mays (Corn),2790.98,12022.16,2012,Conventional Till,None,No,74,11,179.996,NA,NA,0,7.5,NA,6.24,258.5466,20.43980827
NEMLTCRS,NEMLTCRS_414S,NEMLTCRS_ROT40,Zea mays (Corn),1831.89,10205.57,2012,Conventional Till,None,No,74,11,0,NA,NA,0,7.5,NA,6.83,258.5466,20.43980827
NEMLTCRS,NEMLTCRS_502N,NEMLTCRS_ROT62,Zea mays (Corn),2689.81,13752.85,2012,Conventional Till,None,No,74,11,179.996,NA,NA,0,7.5,NA,6.66,258.5466,20.43980827
NEMLTCRS,NEMLTCRS_502M,NEMLTCRS_ROT61,Zea mays (Corn),2541.54,11611.65,2012,Conventional Till,None,No,74,11,89.998,NA,NA,0,7.5,NA,6.7,258.5466,20.43980827
NEMLTCRS,NEMLTCRS_502S,NEMLTCRS_ROT60,Zea mays (Corn),2385.83,12219.63,2012,Conventional Till,None,No,74,11,0,NA,NA,0,7.5,NA,6.18,258.5466,20.43980827
NEMLTCRS,NEMLTCRS_503N,NEMLTCRS_ROT40,Zea mays (Corn),1801,11231.71,2012,Conventional Till,None,No,74,11,0,NA,NA,0,7.5,NA,7.05,258.5466,20.43980827
NEMLTCRS,NEMLTCRS_503M,NEMLTCRS_ROT42,Zea mays (Corn),2287.37,10634.12,2012,Conventional Till,None,No,74,11,179.996,NA,NA,0,7.5,NA,6.24,258.5466,20.43980827
NEMLTCRS,NEMLTCRS_503S,NEMLTCRS_ROT41,Zea mays (Corn),2349.44,9461.54,2012,Conventional Till,None,No,74,11,89.998,NA,NA,0,7.5,NA,6.42,258.5466,20.43980827
NEMLTCRS,NEMLTCRS_505N,NEMLTCRS_ROT71,Glycine max (Soybean),958.67,3986.33,2012,Conventional Till,None,No,74,11,33.592,NA,NA,0,7.5,NA,6.62,258.5466,20.43980827
NEMLTCRS,NEMLTCRS_505M,NEMLTCRS_ROT70,Glycine max (Soybean),1187.75,5730,2012,Conventional Till,None,No,74,11,0,NA,NA,0,7.5,NA,6.94,258.5466,20.43980827
NEMLTCRS,NEMLTCRS_505S,NEMLTCRS_ROT72,Glycine max (Soybean),898.14,4359.16,2012,Conventional Till,None,No,74,11,67.184,NA,NA,0,7.5,NA,5.89,258.5466,20.43980827
NEMLTCRS,NEMLTCRS_507N,NEMLTCRS_ROT12,Zea mays (Corn),1570.04,8555.21,2012,Conventional Till,None,No,74,11,179.996,NA,NA,0,7.5,NA,5.19,258.5466,20.43980827
NEMLTCRS,NEMLTCRS_507M,NEMLTCRS_ROT11,Zea mays (Corn),1860.62,9997.74,2012,Conventional Till,None,No,74,11,89.998,NA,NA,0,7.5,NA,6.24,258.5466,20.43980827
NEMLTCRS,NEMLTCRS_507S,NEMLTCRS_ROT10,Zea mays (Corn),544.97,4623.68,2012,Conventional Till,None,No,74,11,0,NA,NA,0,7.5,NA,6.68,258.5466,20.43980827
NEMLTCRS,NEMLTCRS_508N,NEMLTCRS_ROT60,Glycine max (Soybean),1830.14,8821.56,2012,Conventional Till,None,No,74,11,0,NA,NA,0,7.5,NA,6.77,258.5466,20.43980827
NEMLTCRS,NEMLTCRS_508M,NEMLTCRS_ROT62,Glycine max (Soybean),1694.81,8190.63,2012,Conventional Till,None,No,74,11,67.184,NA,NA,0,7.5,NA,6.01,258.5466,20.43980827
NEMLTCRS,NEMLTCRS_508S,NEMLTCRS_ROT61,Glycine max (Soybean),1669.67,8230.78,2012,Conventional Till,None,No,74,11,33.592,NA,NA,0,7.5,NA,6.41,258.5466,20.43980827
NEMLTCRS,NEMLTCRS_510N,NEMLTCRS_ROT21,Glycine max (Soybean),1179.66,5122.01,2012,Conventional Till,None,No,74,11,33.592,NA,NA,0,7.5,NA,6.84,258.5466,20.43980827
NEMLTCRS,NEMLTCRS_510M,NEMLTCRS_ROT20,Glycine max (Soybean),1715.93,7840.75,2012,Conventional Till,None,No,74,11,0,NA,NA,0,7.5,NA,6.92,258.5466,20.43980827
NEMLTCRS,NEMLTCRS_510S,NEMLTCRS_ROT22,Glycine max (Soybean),1492.75,6854.2,2012,Conventional Till,None,No,74,11,67.184,NA,NA,0,7.5,NA,6.82,258.5466,20.43980827
NEMLTCRS,NEMLTCRS_512N,NEMLTCRS_ROT40,Glycine max (Soybean),1133.93,4823.75,2012,Conventional Till,None,No,74,11,0,NA,NA,0,7.5,NA,6.71,258.5466,20.43980827
NEMLTCRS,NEMLTCRS_512M,NEMLTCRS_ROT41,Glycine max (Soybean),1199.43,5253.93,2012,Conventional Till,None,No,74,11,33.592,NA,NA,0,7.5,NA,6.41,258.5466,20.43980827
NEMLTCRS,NEMLTCRS_512S,NEMLTCRS_ROT42,Glycine max (Soybean),1183.91,5225.25,2012,Conventional Till,None,No,74,11,67.184,NA,NA,0,7.5,NA,5.77,258.5466,20.43980827
NEMLTCRS,NEMLTCRS_513N,NEMLTCRS_ROT70,Zea mays (Corn),2064.2,11548.27,2012,Conventional Till,None,No,74,11,0,NA,NA,0,7.5,NA,6.8,258.5466,20.43980827
NEMLTCRS,NEMLTCRS_513M,NEMLTCRS_ROT71,Zea mays (Corn),2908.16,14107.42,2012,Conventional Till,None,No,74,11,89.998,NA,NA,0,7.5,NA,6.52,258.5466,20.43980827
NEMLTCRS,NEMLTCRS_513S,NEMLTCRS_ROT72,Zea mays (Corn),2737.77,14429.27,2012,Conventional Till,None,No,74,11,179.996,NA,NA,0,7.5,NA,5.92,258.5466,20.43980827
NEMLTCRS,NEMLTCRS_514N,NEMLTCRS_ROT52,Glycine max (Soybean),982.06,4376.36,2012,Conventional Till,None,No,74,11,67.184,NA,NA,0,7.5,NA,6.28,258.5466,20.43980827
NEMLTCRS,NEMLTCRS_514M,NEMLTCRS_ROT50,Glycine max (Soybean),1055.48,4823.75,2012,Conventional Till,None,No,74,11,0,NA,NA,0,7.5,NA,6.94,258.5466,20.43980827
NEMLTCRS,NEMLTCRS_514S,NEMLTCRS_ROT51,Glycine max (Soybean),1043.26,5185.1,2012,Conventional Till,None,No,74,11,33.592,NA,NA,0,7.5,NA,6.52,258.5466,20.43980827
SCFLSGI,SCFLSGI_113,SCFLSGI_50R,Zea mays (Corn),1889.82,NA,2008,Strip Till,None,Partial,1300,17.3,140.1,NA,NA,0,5,NA,6.3,NA,NA
SCFLSGI,SCFLSGI_124,SCFLSGI_75R,Zea mays (Corn),2410.67,NA,2008,Strip Till,None,Partial,1300,17.3,140.1,NA,NA,0,5,NA,6,NA,NA
SCFLSGI,SCFLSGI_132,SCFLSGI_25R,Zea mays (Corn),2024.8,NA,2008,Strip Till,None,Partial,1300,17.3,140.1,NA,NA,0,5,NA,5.5,NA,NA
SCFLSGI,SCFLSGI_141,SCFLSGI_0R,Zea mays (Corn),1859.8,NA,2008,Strip Till,None,No,1300,17.3,140.1,NA,NA,0,5,NA,6,NA,NA
SCFLSGI,SCFLSGI_155,SCFLSGI_100R,Zea mays (Corn),2046.5,NA,2008,Strip Till,None,Yes,1300,17.3,140.1,NA,NA,0,5,NA,6,NA,NA
SCFLSGI,SCFLSGI_211,SCFLSGI_0R,Zea mays (Corn),1841.2,NA,2008,Strip Till,None,No,1300,17.3,140.1,NA,NA,0,5,NA,6.1,NA,NA
SCFLSGI,SCFLSGI_222,SCFLSGI_25R,Zea mays (Corn),2016.9,NA,2008,Strip Till,None,Partial,1300,17.3,140.1,NA,NA,0,5,NA,6.4,NA,NA
SCFLSGI,SCFLSGI_233,SCFLSGI_50R,Zea mays (Corn),1662.6,NA,2008,Strip Till,None,Partial,1300,17.3,140.1,NA,NA,0,5,NA,6.2,NA,NA
SCFLSGI,SCFLSGI_245,SCFLSGI_100R,Zea mays (Corn),2061.9,NA,2008,Strip Till,None,Yes,1300,17.3,140.1,NA,NA,0,5,NA,5.7,NA,NA
SCFLSGI,SCFLSGI_254,SCFLSGI_75R,Zea mays (Corn),1985.7,NA,2008,Strip Till,None,Partial,1300,17.3,140.1,NA,NA,0,5,NA,6,NA,NA
SCFLSGI,SCFLSGI_314,SCFLSGI_75R,Zea mays (Corn),1708.4,NA,2008,Strip Till,None,Partial,1300,17.3,140.1,NA,NA,0,5,NA,6.2,NA,NA
SCFLSGI,SCFLSGI_321,SCFLSGI_0R,Zea mays (Corn),1772.5,NA,2008,Strip Till,None,No,1300,17.3,140.1,NA,NA,0,5,NA,5.9,NA,NA
SCFLSGI,SCFLSGI_335,SCFLSGI_100R,Zea mays (Corn),1676.6,NA,2008,Strip Till,None,Yes,1300,17.3,140.1,NA,NA,0,5,NA,5.8,NA,NA
SCFLSGI,SCFLSGI_343,SCFLSGI_50R,Zea mays (Corn),1492.44,NA,2008,Strip Till,None,Partial,1300,17.3,140.1,NA,NA,0,5,NA,6.1,NA,NA
SCFLSGI,SCFLSGI_352,SCFLSGI_25R,Zea mays (Corn),1475.4,NA,2008,Strip Till,None,Partial,1300,17.3,140.1,NA,NA,0,5,NA,5.7,NA,NA
SCFLSGI,SCFLSGI_415,SCFLSGI_100R,Zea mays (Corn),1873.66,NA,2008,Strip Till,None,Yes,1300,17.3,140.1,NA,NA,0,5,NA,5.4,NA,NA
SCFLSGI,SCFLSGI_421,SCFLSGI_0R,Zea mays (Corn),1204.76,NA,2008,Strip Till,None,No,1300,17.3,140.1,NA,NA,0,5,NA,5.8,NA,NA
SCFLSGI,SCFLSGI_433,SCFLSGI_50R,Zea mays (Corn),1063.9,NA,2008,Strip Till,None,Partial,1300,17.3,140.1,NA,NA,0,5,NA,5.4,NA,NA
SCFLSGI,SCFLSGI_442,SCFLSGI_25R,Zea mays (Corn),1429.1,NA,2008,Strip Till,None,Partial,1300,17.3,140.1,NA,NA,0,5,NA,5.6,NA,NA
SCFLSGI,SCFLSGI_454,SCFLSGI_75R,Zea mays (Corn),1908.45,NA,2008,Strip Till,None,Partial,1300,17.3,140.1,NA,NA,0,5,NA,5.9,NA,NA
SCFLSGI,SCFLSGI_113,SCFLSGI_50R,Zea mays (Corn),3609.9,NA,2009,Strip Till,None,Partial,1300,17.3,140.1,NA,NA,0,5,NA,6.3,NA,NA
SCFLSGI,SCFLSGI_124,SCFLSGI_75R,Zea mays (Corn),2680.2,NA,2009,Strip Till,None,Partial,1300,17.3,140.1,NA,NA,0,5,NA,6,NA,NA
SCFLSGI,SCFLSGI_132,SCFLSGI_25R,Zea mays (Corn),3542.8,NA,2009,Strip Till,None,Partial,1300,17.3,140.1,NA,NA,0,5,NA,5.5,NA,NA
SCFLSGI,SCFLSGI_141,SCFLSGI_0R,Zea mays (Corn),3354.7,NA,2009,Strip Till,None,No,1300,17.3,140.1,NA,NA,0,5,NA,6,NA,NA
SCFLSGI,SCFLSGI_155,SCFLSGI_100R,Zea mays (Corn),3784.7,NA,2009,Strip Till,None,Yes,1300,17.3,140.1,NA,NA,0,5,NA,6,NA,NA
SCFLSGI,SCFLSGI_211,SCFLSGI_0R,Zea mays (Corn),2935.9,NA,2009,Strip Till,None,No,1300,17.3,140.1,NA,NA,0,5,NA,6.1,NA,NA
SCFLSGI,SCFLSGI_222,SCFLSGI_25R,Zea mays (Corn),3505.8,NA,2009,Strip Till,None,Partial,1300,17.3,140.1,NA,NA,0,5,NA,6.4,NA,NA
SCFLSGI,SCFLSGI_233,SCFLSGI_50R,Zea mays (Corn),3212.8,NA,2009,Strip Till,None,Partial,1300,17.3,140.1,NA,NA,0,5,NA,6.2,NA,NA
SCFLSGI,SCFLSGI_245,SCFLSGI_100R,Zea mays (Corn),3036,NA,2009,Strip Till,None,Yes,1300,17.3,140.1,NA,NA,0,5,NA,5.7,NA,NA
SCFLSGI,SCFLSGI_254,SCFLSGI_75R,Zea mays (Corn),3724.7,NA,2009,Strip Till,None,Partial,1300,17.3,140.1,NA,NA,0,5,NA,6,NA,NA
SCFLSGI,SCFLSGI_314,SCFLSGI_75R,Zea mays (Corn),3693.3,NA,2009,Strip Till,None,Partial,1300,17.3,140.1,NA,NA,0,5,NA,6.2,NA,NA
SCFLSGI,SCFLSGI_321,SCFLSGI_0R,Zea mays (Corn),3553.6,NA,2009,Strip Till,None,No,1300,17.3,140.1,NA,NA,0,5,NA,5.9,NA,NA
SCFLSGI,SCFLSGI_335,SCFLSGI_100R,Zea mays (Corn),3409.1,NA,2009,Strip Till,None,Yes,1300,17.3,140.1,NA,NA,0,5,NA,5.8,NA,NA
SCFLSGI,SCFLSGI_343,SCFLSGI_50R,Zea mays (Corn),3054.5,NA,2009,Strip Till,None,Partial,1300,17.3,140.1,NA,NA,0,5,NA,6.1,NA,NA
SCFLSGI,SCFLSGI_352,SCFLSGI_25R,Zea mays (Corn),2823.2,NA,2009,Strip Till,None,Partial,1300,17.3,140.1,NA,NA,0,5,NA,5.7,NA,NA
SCFLSGI,SCFLSGI_415,SCFLSGI_100R,Zea mays (Corn),2926.3,NA,2009,Strip Till,None,Yes,1300,17.3,140.1,NA,NA,0,5,NA,5.4,NA,NA
SCFLSGI,SCFLSGI_421,SCFLSGI_0R,Zea mays (Corn),4313.5,NA,2009,Strip Till,None,No,1300,17.3,140.1,NA,NA,0,5,NA,5.8,NA,NA
SCFLSGI,SCFLSGI_433,SCFLSGI_50R,Zea mays (Corn),3449.77,NA,2009,Strip Till,None,Partial,1300,17.3,140.1,NA,NA,0,5,NA,5.4,NA,NA
SCFLSGI,SCFLSGI_442,SCFLSGI_25R,Zea mays (Corn),3275.9,NA,2009,Strip Till,None,Partial,1300,17.3,140.1,NA,NA,0,5,NA,5.6,NA,NA
SCFLSGI,SCFLSGI_454,SCFLSGI_75R,Zea mays (Corn),3511.1,NA,2009,Strip Till,None,Partial,1300,17.3,140.1,NA,NA,0,5,NA,5.9,NA,NA
SCFLSGI,SCFLSGI_113,SCFLSGI_50R,Zea mays (Corn),1318.9,NA,2010,Strip Till,None,Partial,1300,17.3,140.1,NA,NA,0,5,NA,6.3,NA,NA
SCFLSGI,SCFLSGI_124,SCFLSGI_75R,Zea mays (Corn),2092.48,NA,2010,Strip Till,None,Partial,1300,17.3,140.1,NA,NA,0,5,NA,6,NA,NA
SCFLSGI,SCFLSGI_132,SCFLSGI_25R,Zea mays (Corn),2242.8,NA,2010,Strip Till,None,Partial,1300,17.3,140.1,NA,NA,0,5,NA,5.5,NA,NA
SCFLSGI,SCFLSGI_141,SCFLSGI_0R,Zea mays (Corn),1988.96,NA,2010,Strip Till,None,No,1300,17.3,140.1,NA,NA,0,5,NA,6,NA,NA
SCFLSGI,SCFLSGI_155,SCFLSGI_100R,Zea mays (Corn),1983.6,NA,2010,Strip Till,None,Yes,1300,17.3,140.1,NA,NA,0,5,NA,6,NA,NA
SCFLSGI,SCFLSGI_211,SCFLSGI_0R,Zea mays (Corn),1481.1,NA,2010,Strip Till,None,No,1300,17.3,140.1,NA,NA,0,5,NA,6.1,NA,NA
SCFLSGI,SCFLSGI_222,SCFLSGI_25R,Zea mays (Corn),1981.5,NA,2010,Strip Till,None,Partial,1300,17.3,140.1,NA,NA,0,5,NA,6.4,NA,NA
SCFLSGI,SCFLSGI_233,SCFLSGI_50R,Zea mays (Corn),2262.96,NA,2010,Strip Till,None,Partial,1300,17.3,140.1,NA,NA,0,5,NA,6.2,NA,NA
SCFLSGI,SCFLSGI_245,SCFLSGI_100R,Zea mays (Corn),2295,NA,2010,Strip Till,None,Yes,1300,17.3,140.1,NA,NA,0,5,NA,5.7,NA,NA
SCFLSGI,SCFLSGI_254,SCFLSGI_75R,Zea mays (Corn),2407.9,NA,2010,Strip Till,None,Partial,1300,17.3,140.1,NA,NA,0,5,NA,6,NA,NA
SCFLSGI,SCFLSGI_314,SCFLSGI_75R,Zea mays (Corn),2097.8,NA,2010,Strip Till,None,Partial,1300,17.3,140.1,NA,NA,0,5,NA,6.2,NA,NA
SCFLSGI,SCFLSGI_321,SCFLSGI_0R,Zea mays (Corn),2821.9,NA,2010,Strip Till,None,No,1300,17.3,140.1,NA,NA,0,5,NA,5.9,NA,NA
SCFLSGI,SCFLSGI_335,SCFLSGI_100R,Zea mays (Corn),2333.8,NA,2010,Strip Till,None,Yes,1300,17.3,140.1,NA,NA,0,5,NA,5.8,NA,NA
SCFLSGI,SCFLSGI_343,SCFLSGI_50R,Zea mays (Corn),1946.8,NA,2010,Strip Till,None,Partial,1300,17.3,140.1,NA,NA,0,5,NA,6.1,NA,NA
SCFLSGI,SCFLSGI_352,SCFLSGI_25R,Zea mays (Corn),2071,NA,2010,Strip Till,None,Partial,1300,17.3,140.1,NA,NA,0,5,NA,5.7,NA,NA
SCFLSGI,SCFLSGI_415,SCFLSGI_100R,Zea mays (Corn),2234.7,NA,2010,Strip Till,None,Yes,1300,17.3,140.1,NA,NA,0,5,NA,5.4,NA,NA
SCFLSGI,SCFLSGI_421,SCFLSGI_0R,Zea mays (Corn),2214.8,NA,2010,Strip Till,None,No,1300,17.3,140.1,NA,NA,0,5,NA,5.8,NA,NA
SCFLSGI,SCFLSGI_433,SCFLSGI_50R,Zea mays (Corn),2070.9,NA,2010,Strip Till,None,Partial,1300,17.3,140.1,NA,NA,0,5,NA,5.4,NA,NA
SCFLSGI,SCFLSGI_442,SCFLSGI_25R,Zea mays (Corn),2015.8,NA,2010,Strip Till,None,Partial,1300,17.3,140.1,NA,NA,0,5,NA,5.6,NA,NA
SCFLSGI,SCFLSGI_454,SCFLSGI_75R,Zea mays (Corn),2054.3,NA,2010,Strip Till,None,Partial,1300,17.3,140.1,NA,NA,0,5,NA,5.9,NA,NA
SCFLSGI,SCFLSGI_113,SCFLSGI_50R,Zea mays (Corn),264.8,NA,2011,Strip Till,None,Partial,1300,17.3,98.7,NA,NA,0,5,NA,6.3,NA,NA
SCFLSGI,SCFLSGI_124,SCFLSGI_75R,Zea mays (Corn),483.4,NA,2011,Strip Till,None,Partial,1300,17.3,98.7,NA,NA,0,5,NA,6,NA,NA
SCFLSGI,SCFLSGI_132,SCFLSGI_25R,Zea mays (Corn),594.34,NA,2011,Strip Till,None,Partial,1300,17.3,98.7,NA,NA,0,5,NA,5.5,NA,NA
SCFLSGI,SCFLSGI_141,SCFLSGI_0R,Zea mays (Corn),506.3,NA,2011,Strip Till,None,No,1300,17.3,98.7,NA,NA,0,5,NA,6,NA,NA
SCFLSGI,SCFLSGI_155,SCFLSGI_100R,Zea mays (Corn),873.4,NA,2011,Strip Till,None,Yes,1300,17.3,98.7,NA,NA,0,5,NA,6,NA,NA
SCFLSGI,SCFLSGI_211,SCFLSGI_0R,Zea mays (Corn),754.2,NA,2011,Strip Till,None,No,1300,17.3,98.7,NA,NA,0,5,NA,6.1,NA,NA
SCFLSGI,SCFLSGI_222,SCFLSGI_25R,Zea mays (Corn),1065.7,NA,2011,Strip Till,None,Partial,1300,17.3,98.7,NA,NA,0,5,NA,6.4,NA,NA
SCFLSGI,SCFLSGI_233,SCFLSGI_50R,Zea mays (Corn),859.9,NA,2011,Strip Till,None,Partial,1300,17.3,98.7,NA,NA,0,5,NA,6.2,NA,NA
SCFLSGI,SCFLSGI_245,SCFLSGI_100R,Zea mays (Corn),908.71,NA,2011,Strip Till,None,Yes,1300,17.3,98.7,NA,NA,0,5,NA,5.7,NA,NA
SCFLSGI,SCFLSGI_254,SCFLSGI_75R,Zea mays (Corn),846.4,NA,2011,Strip Till,None,Partial,1300,17.3,98.7,NA,NA,0,5,NA,6,NA,NA
SCFLSGI,SCFLSGI_314,SCFLSGI_75R,Zea mays (Corn),379.7,NA,2011,Strip Till,None,Partial,1300,17.3,98.7,NA,NA,0,5,NA,6.2,NA,NA
SCFLSGI,SCFLSGI_321,SCFLSGI_0R,Zea mays (Corn),602.9,NA,2011,Strip Till,None,No,1300,17.3,98.7,NA,NA,0,5,NA,5.9,NA,NA
SCFLSGI,SCFLSGI_335,SCFLSGI_100R,Zea mays (Corn),321.9,NA,2011,Strip Till,None,Yes,1300,17.3,98.7,NA,NA,0,5,NA,5.8,NA,NA
SCFLSGI,SCFLSGI_343,SCFLSGI_50R,Zea mays (Corn),216,NA,2011,Strip Till,None,Partial,1300,17.3,98.7,NA,NA,0,5,NA,6.1,NA,NA
SCFLSGI,SCFLSGI_352,SCFLSGI_25R,Zea mays (Corn),393.67,NA,2011,Strip Till,None,Partial,1300,17.3,98.7,NA,NA,0,5,NA,5.7,NA,NA
SCFLSGI,SCFLSGI_415,SCFLSGI_100R,Zea mays (Corn),702.1,NA,2011,Strip Till,None,Yes,1300,17.3,98.7,NA,NA,0,5,NA,5.4,NA,NA
SCFLSGI,SCFLSGI_421,SCFLSGI_0R,Zea mays (Corn),798.2,NA,2011,Strip Till,None,No,1300,17.3,98.7,NA,NA,0,5,NA,5.8,NA,NA
SCFLSGI,SCFLSGI_433,SCFLSGI_50R,Zea mays (Corn),582.7,NA,2011,Strip Till,None,Partial,1300,17.3,98.7,NA,NA,0,5,NA,5.4,NA,NA
SCFLSGI,SCFLSGI_442,SCFLSGI_25R,Zea mays (Corn),784.05,NA,2011,Strip Till,None,Partial,1300,17.3,98.7,NA,NA,0,5,NA,5.6,NA,NA
SCFLSGI,SCFLSGI_454,SCFLSGI_75R,Zea mays (Corn),1084.9,NA,2011,Strip Till,None,Partial,1300,17.3,98.7,NA,NA,0,5,NA,5.9,NA,NA
SCFLSGI,SCFLSGI_113,SCFLSGI_50R,Zea mays (Corn),2106,NA,2012,Strip Till,None,Partial,1300,17.3,134.8,NA,NA,0,5,NA,6.3,NA,NA
SCFLSGI,SCFLSGI_124,SCFLSGI_75R,Zea mays (Corn),2366.4,NA,2012,Strip Till,None,Partial,1300,17.3,134.8,NA,NA,0,5,NA,6,NA,NA
SCFLSGI,SCFLSGI_132,SCFLSGI_25R,Zea mays (Corn),2389,NA,2012,Strip Till,None,Partial,1300,17.3,134.8,NA,NA,0,5,NA,5.5,NA,NA
SCFLSGI,SCFLSGI_141,SCFLSGI_0R,Zea mays (Corn),2706,NA,2012,Strip Till,None,No,1300,17.3,134.8,NA,NA,0,5,NA,6,NA,NA
SCFLSGI,SCFLSGI_155,SCFLSGI_100R,Zea mays (Corn),2923.8,NA,2012,Strip Till,None,Yes,1300,17.3,134.8,NA,NA,0,5,NA,6,NA,NA
SCFLSGI,SCFLSGI_211,SCFLSGI_0R,Zea mays (Corn),2558.4,NA,2012,Strip Till,None,No,1300,17.3,134.8,NA,NA,0,5,NA,6.1,NA,NA
SCFLSGI,SCFLSGI_222,SCFLSGI_25R,Zea mays (Corn),3116.7,NA,2012,Strip Till,None,Partial,1300,17.3,134.8,NA,NA,0,5,NA,6.4,NA,NA
SCFLSGI,SCFLSGI_233,SCFLSGI_50R,Zea mays (Corn),2664.8,NA,2012,Strip Till,None,Partial,1300,17.3,134.8,NA,NA,0,5,NA,6.2,NA,NA
SCFLSGI,SCFLSGI_245,SCFLSGI_100R,Zea mays (Corn),2818.7,NA,2012,Strip Till,None,Yes,1300,17.3,134.8,NA,NA,0,5,NA,5.7,NA,NA
SCFLSGI,SCFLSGI_254,SCFLSGI_75R,Zea mays (Corn),2976.2,NA,2012,Strip Till,None,Partial,1300,17.3,134.8,NA,NA,0,5,NA,6,NA,NA
SCFLSGI,SCFLSGI_314,SCFLSGI_75R,Zea mays (Corn),2294.7,NA,2012,Strip Till,None,Partial,1300,17.3,134.8,NA,NA,0,5,NA,6.2,NA,NA
SCFLSGI,SCFLSGI_321,SCFLSGI_0R,Zea mays (Corn),2415.5,NA,2012,Strip Till,None,No,1300,17.3,134.8,NA,NA,0,5,NA,5.9,NA,NA
SCFLSGI,SCFLSGI_335,SCFLSGI_100R,Zea mays (Corn),2573,NA,2012,Strip Till,None,Yes,1300,17.3,134.8,NA,NA,0,5,NA,5.8,NA,NA
SCFLSGI,SCFLSGI_343,SCFLSGI_50R,Zea mays (Corn),2521,NA,2012,Strip Till,None,Partial,1300,17.3,134.8,NA,NA,0,5,NA,6.1,NA,NA
SCFLSGI,SCFLSGI_352,SCFLSGI_25R,Zea mays (Corn),1739,NA,2012,Strip Till,None,Partial,1300,17.3,134.8,NA,NA,0,5,NA,5.7,NA,NA
SCFLSGI,SCFLSGI_415,SCFLSGI_100R,Zea mays (Corn),3545.3,NA,2012,Strip Till,None,Yes,1300,17.3,134.8,NA,NA,0,5,NA,5.4,NA,NA
SCFLSGI,SCFLSGI_421,SCFLSGI_0R,Zea mays (Corn),3152.7,NA,2012,Strip Till,None,No,1300,17.3,134.8,NA,NA,0,5,NA,5.8,NA,NA
SCFLSGI,SCFLSGI_433,SCFLSGI_50R,Zea mays (Corn),2558.7,NA,2012,Strip Till,None,Partial,1300,17.3,134.8,NA,NA,0,5,NA,5.4,NA,NA
SCFLSGI,SCFLSGI_442,SCFLSGI_25R,Zea mays (Corn),2786.7,NA,2012,Strip Till,None,Partial,1300,17.3,134.8,NA,NA,0,5,NA,5.6,NA,NA
SCFLSGI,SCFLSGI_454,SCFLSGI_75R,Zea mays (Corn),3402.3,NA,2012,Strip Till,None,Partial,1300,17.3,134.8,NA,NA,0,5,NA,5.9,NA,NA
SDaltrot,SDaltrot_TR9,SDaltrot_TR9,Pisum sativum (Pea),1232.1,4820,2006,No Till,None,No,580,8,15.68,48,23,0,15,NA,NA,457.962,17.08906845
SDaltrot,SDaltrot_TR10,SDaltrot_TR10,Triticum aestivum (Winter Wheat),1331.2,7488,2006,No Till,None,No,580,8,0,48,23,0,15,NA,NA,457.962,17.08906845
SDaltrot,SDaltrot_TR11,SDaltrot_TR11,Glycine max (Soybean),1463.6,8063,2006,No Till,None,No,580,8,15.68,48,23,0,15,NA,NA,457.962,17.08906845
SDaltrot,SDaltrot_TR12,SDaltrot_TR12,Zea mays (Corn),2230.8,11923,2006,No Till,None,No,580,8,53.78,48,23,0,15,NA,NA,457.962,17.08906845
SDaltrot,SDaltrot_TR33,SDaltrot_TR33,Glycine max (Soybean),1248.9,4925,2006,No Till,None,No,580,8,15.68,48,23,0,15,NA,NA,457.962,17.08906845
SDaltrot,SDaltrot_TR34,SDaltrot_TR34,Zea mays (Corn),2270.4,14358,2006,No Till,None,No,580,8,53.78,48,23,0,15,NA,NA,457.962,17.08906845
SDaltrot,SDaltrot_TR9,SDaltrot_TR9,Triticum aestivum (Winter Wheat),1399.5,7368,2007,No Till,None,No,580,8,0,48,23,0,15,NA,NA,309.626,15.413255
SDaltrot,SDaltrot_TR10,SDaltrot_TR10,Glycine max (Soybean),1374.5,7008,2007,No Till,None,No,580,8,15.68,48,23,0,15,NA,NA,309.626,15.413255
SDaltrot,SDaltrot_TR11,SDaltrot_TR11,Zea mays (Corn),1879.2,11904,2007,No Till,None,No,580,8,48.18,48,23,0,15,NA,NA,309.626,15.413255
SDaltrot,SDaltrot_TR12,SDaltrot_TR12,Pisum sativum (Pea),1445.8,5297,2007,No Till,None,No,580,8,15.68,48,23,0,15,NA,NA,309.626,15.413255
SDaltrot,SDaltrot_TR33,SDaltrot_TR33,Zea mays (Corn),2122.1,14194,2007,No Till,None,No,580,8,48.18,48,23,0,15,NA,NA,309.626,15.413255
SDaltrot,SDaltrot_TR34,SDaltrot_TR34,Glycine max (Soybean),1184.6,5084,2007,No Till,None,No,580,8,15.68,48,23,0,15,NA,NA,309.626,15.413255
SDaltrot,SDaltrot_TR9,SDaltrot_TR9,Glycine max (Soybean),1248.9,4733,2008,No Till,None,No,580,8,15.68,48,23,0,15,NA,NA,397.764,15.57064402
SDaltrot,SDaltrot_TR10,SDaltrot_TR10,Zea mays (Corn),2700.7,13759,2008,No Till,None,No,580,8,53.78,48,23,0,15,NA,NA,397.764,15.57064402
SDaltrot,SDaltrot_TR11,SDaltrot_TR11,Pisum sativum (Pea),1516.3,6471,2008,No Till,None,No,580,8,15.68,48,23,0,15,NA,NA,397.764,15.57064402
SDaltrot,SDaltrot_TR12,SDaltrot_TR12,Triticum aestivum (Winter Wheat),1333.9,7356,2008,No Till,None,No,580,8,0,48,23,0,15,NA,NA,397.764,15.57064402
SDaltrot,SDaltrot_TR33,SDaltrot_TR33,Glycine max (Soybean),1171.8,5081,2008,No Till,None,No,580,8,15.68,48,23,0,15,NA,NA,397.764,15.57064402
SDaltrot,SDaltrot_TR34,SDaltrot_TR34,Zea mays (Corn),2603.1,12816,2008,No Till,None,No,580,8,53.78,48,23,0,15,NA,NA,397.764,15.57064402
SDaltrot,SDaltrot_TR9,SDaltrot_TR9,Zea mays (Corn),3685.6,18101,2009,No Till,None,No,580,8,72.8,48,23,0,15,NA,NA,468.122,14.93287432
SDaltrot,SDaltrot_TR10,SDaltrot_TR10,Pisum sativum (Pea),1540.7,9659,2009,No Till,None,No,580,8,15.68,48,23,0,15,NA,NA,468.122,14.93287432
SDaltrot,SDaltrot_TR11,SDaltrot_TR11,Triticum aestivum (Winter Wheat),1447.6,8057,2009,No Till,None,No,580,8,0,48,23,0,15,NA,NA,468.122,14.93287432
SDaltrot,SDaltrot_TR12,SDaltrot_TR12,Glycine max (Soybean),1547.7,7686,2009,No Till,None,No,580,8,15.68,48,23,0,15,NA,NA,468.122,14.93287432
SDaltrot,SDaltrot_TR33,SDaltrot_TR33,Zea mays (Corn),3538.2,18235,2009,No Till,None,No,580,8,72.8,48,23,0,15,NA,NA,468.122,14.93287432
SDaltrot,SDaltrot_TR34,SDaltrot_TR34,Glycine max (Soybean),1256.4,5916,2009,No Till,None,No,580,8,15.68,48,23,0,15,NA,NA,468.122,14.93287432
SDaltrot,SDaltrot_TR9,SDaltrot_TR9,Pisum sativum (Pea),996.3,5226,2010,No Till,None,No,580,8,15.68,48,23,0,15,NA,NA,813.054,16.91137772
SDaltrot,SDaltrot_TR10,SDaltrot_TR10,Triticum aestivum (Winter Wheat),1541.7,7541,2010,No Till,None,No,580,8,0,48,23,0,15,NA,NA,813.054,16.91137772
SDaltrot,SDaltrot_TR11,SDaltrot_TR11,Glycine max (Soybean),1679.3,8529,2010,No Till,None,No,580,8,15.68,48,23,0,15,NA,NA,813.054,16.91137772
SDaltrot,SDaltrot_TR12,SDaltrot_TR12,Zea mays (Corn),2953.15,17322,2010,No Till,None,No,580,8,72.8,48,23,0,15,NA,NA,813.054,16.91137772
SDaltrot,SDaltrot_TR33,SDaltrot_TR33,Glycine max (Soybean),1410.1,5068,2010,No Till,None,No,580,8,15.68,48,23,0,15,NA,NA,813.054,16.91137772
SDaltrot,SDaltrot_TR34,SDaltrot_TR34,Zea mays (Corn),3024.7,15957,2010,No Till,None,No,580,8,72.8,48,23,0,15,NA,NA,813.054,16.91137772
SDBRREAP,SDBRREAP_TR1C,SDBRREAP_TR1C,Zea mays (Corn),2734.551333,NA,2008,No Till,Leguminosae (Legume),No,580,8,133,28,26,0,5,NA,NA,0,5.590961957
SDBRREAP,SDBRREAP_TR2C,SDBRREAP_TR2C,Zea mays (Corn),2683.3212,NA,2008,No Till,None,No,580,8,133,28,26,0,5,NA,NA,0,5.590961957
SDBRREAP,SDBRREAP_TR3C,SDBRREAP_TR3C,Zea mays (Corn),2732.693333,NA,2008,No Till,Leguminosae (Legume),Partial,580,8,133,28,26,0,5,NA,NA,0,5.590961957
SDBRREAP,SDBRREAP_TR4C,SDBRREAP_TR4C,Zea mays (Corn),2790.682,NA,2008,No Till,None,Partial,580,8,133,28,26,0,5,NA,NA,0,5.590961957
SDBRREAP,SDBRREAP_TR1C,SDBRREAP_TR1C,Zea mays (Corn),4335.340567,NA,2009,No Till,Leguminosae (Legume),No,580,8,133,28,26,0,5,NA,NA,0,5.678959016
SDBRREAP,SDBRREAP_TR2C,SDBRREAP_TR2C,Zea mays (Corn),4357.837867,NA,2009,No Till,None,No,580,8,133,28,26,0,5,NA,NA,0,5.678959016
SDBRREAP,SDBRREAP_TR3C,SDBRREAP_TR3C,Zea mays (Corn),4637.8872,NA,2009,No Till,Leguminosae (Legume),Partial,580,8,133,28,26,0,5,NA,NA,0,5.678959016
SDBRREAP,SDBRREAP_TR4C,SDBRREAP_TR4C,Zea mays (Corn),4622.490133,NA,2009,No Till,None,Partial,580,8,133,28,26,0,5,NA,NA,0,5.678959016
SDBRREAP,SDBRREAP_TR1C,SDBRREAP_TR1C,Zea mays (Corn),1796.85,NA,2010,No Till,Leguminosae (Legume),No,580,8,133,28,26,0,5,NA,NA,0,7.620589674
SDBRREAP,SDBRREAP_TR2C,SDBRREAP_TR2C,Zea mays (Corn),2049.2705,NA,2010,No Till,None,No,580,8,133,28,26,0,5,NA,NA,0,7.620589674
SDBRREAP,SDBRREAP_TR3C,SDBRREAP_TR3C,Zea mays (Corn),2468.731067,NA,2010,No Till,Leguminosae (Legume),Partial,580,8,133,28,26,0,5,NA,NA,0,7.620589674
SDBRREAP,SDBRREAP_TR4C,SDBRREAP_TR4C,Zea mays (Corn),2460.0848,NA,2010,No Till,None,Partial,580,8,133,28,26,0,5,NA,NA,0,7.620589674
SDBRREAP,SDBRREAP_TR1C,SDBRREAP_TR1C,Zea mays (Corn),2631.078,NA,2011,No Till,Leguminosae (Legume),No,580,8,213,28,26,0,5,NA,NA,0,-2.550009259
SDBRREAP,SDBRREAP_TR2C,SDBRREAP_TR2C,Zea mays (Corn),2695.432533,NA,2011,No Till,None,No,580,8,213,28,26,0,5,NA,NA,0,-2.550009259
SDBRREAP,SDBRREAP_TR3C,SDBRREAP_TR3C,Zea mays (Corn),2460.000333,NA,2011,No Till,Leguminosae (Legume),Partial,580,8,213,28,26,0,5,NA,NA,0,-2.550009259
SDBRREAP,SDBRREAP_TR4C,SDBRREAP_TR4C,Zea mays (Corn),2432.5054,NA,2011,No Till,None,Partial,580,8,213,28,26,0,5,NA,NA,0,-2.550009259
SDBRREAP,SDBRREAP_TR1C,SDBRREAP_TR1C,Zea mays (Corn),3951.9382,NA,2012,No Till,Leguminosae (Legume),No,580,8,133,28,26,0,5,NA,NA,0,4.974310085
SDBRREAP,SDBRREAP_TR2C,SDBRREAP_TR2C,Zea mays (Corn),3873.3508,NA,2012,No Till,None,No,580,8,133,28,26,0,5,NA,NA,0,4.974310085
SDBRREAP,SDBRREAP_TR3C,SDBRREAP_TR3C,Zea mays (Corn),3885.4868,NA,2012,No Till,Leguminosae (Legume),Partial,580,8,133,28,26,0,5,NA,NA,0,4.974310085
SDBRREAP,SDBRREAP_TR4C,SDBRREAP_TR4C,Zea mays (Corn),3746.1006,NA,2012,No Till,None,Partial,580,8,133,28,26,0,5,NA,NA,0,4.974310085
SDBRREAP,SDBRREAP_TR1C,SDBRREAP_TR1C,Zea mays (Corn),2824.32694,NA,2013,No Till,Leguminosae (Legume),No,580,8,133,28,26,0,5,NA,NA,0,7.234968868
SDBRREAP,SDBRREAP_TR2C,SDBRREAP_TR2C,Zea mays (Corn),3324.610983,NA,2013,No Till,None,No,580,8,133,28,26,0,5,NA,NA,0,7.234968868
SDBRREAP,SDBRREAP_TR3C,SDBRREAP_TR3C,Zea mays (Corn),3025.23147,NA,2013,No Till,Leguminosae (Legume),Partial,580,8,133,28,26,0,5,NA,NA,0,7.234968868
SDBRREAP,SDBRREAP_TR4C,SDBRREAP_TR4C,Zea mays (Corn),3487.542287,NA,2013,No Till,None,Partial,580,8,133,28,26,0,5,NA,NA,0,7.234968868
